2025-12-11 18:33:49,749 - accounting.routes - INFO - Audit: CREATED on entry 69d55948-36cc-4223-897a-61ab201c2600 by accountant@famousgate.com
2025-12-11 18:33:49,749 - accounting.routes - INFO - Audit: CREATED on entry 4734afde-d03c-44e6-83b9-31dc960df831 by restaurant@famousgate.com
2025-12-11 18:33:49,749 - accounting.routes - INFO - Audit: CREATED on entry 20a70651-7fee-4bf3-99fe-7c3afb057a95 by accountant@famousgate.com
2025-12-11 18:33:50,565 - budget_analytics - INFO - Connected to Supabase database
2025-12-11 18:33:50,572 - reports.database_fetcher - INFO - Connected to Supabase database
2025-12-11 18:33:50,580 - reports.database_fetcher - INFO - Connected to Supabase database
2025-12-11 18:33:50,596 - reports.database_fetcher - INFO - Connected to Supabase database
2025-12-11 18:33:50,612 - __main__ - INFO - Report scheduler daemon started in background
2025-12-11 18:33:50,612 - __main__ - INFO - Starting Famous Gate Report Service on port 8002
 * Serving Flask app 'app'
 * Debug mode: on
2025-12-11 18:33:51,240 - httpx - INFO - HTTP Request: GET https://utsvlihpudfraxzcmtle.supabase.co/rest/v1/scheduled_reports?select=id&name=eq.Daily%20Sales%20Summary "HTTP/2 200 OK"
2025-12-11 18:33:51,455 - httpx - INFO - HTTP Request: GET https://utsvlihpudfraxzcmtle.supabase.co/rest/v1/scheduled_reports?select=id&name=eq.Weekly%20Occupancy%20Report "HTTP/2 200 OK"
2025-12-11 18:33:51,661 - httpx - INFO - HTTP Request: GET https://utsvlihpudfraxzcmtle.supabase.co/rest/v1/scheduled_reports?select=id&name=eq.Monthly%20Financial%20Summary "HTTP/2 200 OK"
2025-12-11 18:33:51,882 - httpx - INFO - HTTP Request: GET https://utsvlihpudfraxzcmtle.supabase.co/rest/v1/scheduled_reports?select=id&name=eq.Daily%20Inventory%20Alert "HTTP/2 200 OK"
2025-12-11 18:33:51,885 - report_scheduler - INFO - Report scheduler daemon started
2025-12-11 18:34:00,629 - werkzeug - INFO - [31m[1mWARNING: This is a development server. Do not use it in a production deployment. Use a production WSGI server instead.[0m
 * Running on all addresses (0.0.0.0)
 * Running on http://127.0.0.1:8002
 * Running on http://192.168.100.35:8002
2025-12-11 18:34:00,629 - werkzeug - INFO - [33mPress CTRL+C to quit[0m
2025-12-11 18:34:00,630 - werkzeug - INFO -  * Restarting with stat
2025-12-11 18:34:01,806 - accounting.routes - INFO - Audit: CREATED on entry 7b2d8c7d-68fd-45e1-8524-65b398463fef by accountant@famousgate.com
2025-12-11 18:34:01,807 - accounting.routes - INFO - Audit: CREATED on entry d58d0883-a901-447f-8b7e-917a4ef68d62 by restaurant@famousgate.com
2025-12-11 18:34:01,807 - accounting.routes - INFO - Audit: CREATED on entry 2e81b39d-de2b-4339-a8c7-2ba137d301c9 by accountant@famousgate.com
2025-12-11 18:34:02,611 - budget_analytics - INFO - Connected to Supabase database
2025-12-11 18:34:02,617 - reports.database_fetcher - INFO - Connected to Supabase database
2025-12-11 18:34:02,624 - reports.database_fetcher - INFO - Connected to Supabase database
2025-12-11 18:34:02,637 - reports.database_fetcher - INFO - Connected to Supabase database
2025-12-11 18:34:02,651 - __main__ - INFO - Report scheduler daemon started in background
2025-12-11 18:34:02,651 - __main__ - INFO - Starting Famous Gate Report Service on port 8002
2025-12-11 18:34:02,655 - werkzeug - WARNING -  * Debugger is active!
2025-12-11 18:34:02,656 - werkzeug - INFO -  * Debugger PIN: 505-950-004
2025-12-11 18:34:02,918 - httpx - INFO - HTTP Request: GET https://utsvlihpudfraxzcmtle.supabase.co/rest/v1/scheduled_reports?select=id&name=eq.Daily%20Sales%20Summary "HTTP/2 200 OK"
2025-12-11 18:34:03,162 - httpx - INFO - HTTP Request: GET https://utsvlihpudfraxzcmtle.supabase.co/rest/v1/scheduled_reports?select=id&name=eq.Weekly%20Occupancy%20Report "HTTP/2 200 OK"
2025-12-11 18:34:03,469 - httpx - INFO - HTTP Request: GET https://utsvlihpudfraxzcmtle.supabase.co/rest/v1/scheduled_reports?select=id&name=eq.Monthly%20Financial%20Summary "HTTP/2 200 OK"
2025-12-11 18:34:03,676 - httpx - INFO - HTTP Request: GET https://utsvlihpudfraxzcmtle.supabase.co/rest/v1/scheduled_reports?select=id&name=eq.Daily%20Inventory%20Alert "HTTP/2 200 OK"
2025-12-11 18:34:03,678 - report_scheduler - INFO - Report scheduler daemon started
2025-12-11 18:34:52,320 - httpx - INFO - HTTP Request: GET https://utsvlihpudfraxzcmtle.supabase.co/rest/v1/scheduled_reports?select=id&is_active=eq.True&next_run_at=lte.2025-12-11T18%3A34%3A51.943972 "HTTP/2 200 OK"
2025-12-11 18:35:04,194 - httpx - INFO - HTTP Request: GET https://utsvlihpudfraxzcmtle.supabase.co/rest/v1/scheduled_reports?select=id&is_active=eq.True&next_run_at=lte.2025-12-11T18%3A35%3A03.736038 "HTTP/2 200 OK"
2025-12-11 18:35:10,643 - werkzeug - INFO - 127.0.0.1 - - [11/Dec/2025 18:35:10] "GET /api/reports/types HTTP/1.1" 200 -
2025-12-11 18:35:52,936 - httpx - INFO - HTTP Request: GET https://utsvlihpudfraxzcmtle.supabase.co/rest/v1/scheduled_reports?select=id&is_active=eq.True&next_run_at=lte.2025-12-11T18%3A35%3A52.381100 "HTTP/2 200 OK"
2025-12-11 18:36:04,533 - httpx - INFO - HTTP Request: GET https://utsvlihpudfraxzcmtle.supabase.co/rest/v1/scheduled_reports?select=id&is_active=eq.True&next_run_at=lte.2025-12-11T18%3A36%3A04.254525 "HTTP/2 200 OK"
2025-12-11 18:36:53,456 - httpx - INFO - HTTP Request: GET https://utsvlihpudfraxzcmtle.supabase.co/rest/v1/scheduled_reports?select=id&is_active=eq.True&next_run_at=lte.2025-12-11T18%3A36%3A52.996920 "HTTP/2 200 OK"
2025-12-11 18:37:04,853 - httpx - INFO - HTTP Request: GET https://utsvlihpudfraxzcmtle.supabase.co/rest/v1/scheduled_reports?select=id&is_active=eq.True&next_run_at=lte.2025-12-11T18%3A37%3A04.593374 "HTTP/2 200 OK"
2025-12-11 18:37:54,077 - httpx - INFO - HTTP Request: GET https://utsvlihpudfraxzcmtle.supabase.co/rest/v1/scheduled_reports?select=id&is_active=eq.True&next_run_at=lte.2025-12-11T18%3A37%3A53.510712 "HTTP/2 200 OK"
2025-12-11 18:38:05,866 - httpx - INFO - HTTP Request: GET https://utsvlihpudfraxzcmtle.supabase.co/rest/v1/scheduled_reports?select=id&is_active=eq.True&next_run_at=lte.2025-12-11T18%3A38%3A04.914469 "HTTP/2 200 OK"
2025-12-11 18:38:54,495 - httpx - INFO - HTTP Request: GET https://utsvlihpudfraxzcmtle.supabase.co/rest/v1/scheduled_reports?select=id&is_active=eq.True&next_run_at=lte.2025-12-11T18%3A38%3A54.111697 "HTTP/2 200 OK"
2025-12-11 18:39:06,270 - httpx - INFO - HTTP Request: GET https://utsvlihpudfraxzcmtle.supabase.co/rest/v1/scheduled_reports?select=id&is_active=eq.True&next_run_at=lte.2025-12-11T18%3A39%3A05.923974 "HTTP/2 200 OK"
2025-12-11 18:39:54,908 - httpx - INFO - HTTP Request: GET https://utsvlihpudfraxzcmtle.supabase.co/rest/v1/scheduled_reports?select=id&is_active=eq.True&next_run_at=lte.2025-12-11T18%3A39%3A54.556526 "HTTP/2 200 OK"
2025-12-11 18:40:06,583 - httpx - INFO - HTTP Request: GET https://utsvlihpudfraxzcmtle.supabase.co/rest/v1/scheduled_reports?select=id&is_active=eq.True&next_run_at=lte.2025-12-11T18%3A40%3A06.330328 "HTTP/2 200 OK"
2025-12-11 18:40:55,183 - httpx - INFO - HTTP Request: GET https://utsvlihpudfraxzcmtle.supabase.co/rest/v1/scheduled_reports?select=id&is_active=eq.True&next_run_at=lte.2025-12-11T18%3A40%3A54.942719 "HTTP/2 200 OK"
2025-12-11 18:41:06,899 - httpx - INFO - HTTP Request: GET https://utsvlihpudfraxzcmtle.supabase.co/rest/v1/scheduled_reports?select=id&is_active=eq.True&next_run_at=lte.2025-12-11T18%3A41%3A06.614496 "HTTP/2 200 OK"
2025-12-11 18:41:55,478 - httpx - INFO - HTTP Request: GET https://utsvlihpudfraxzcmtle.supabase.co/rest/v1/scheduled_reports?select=id&is_active=eq.True&next_run_at=lte.2025-12-11T18%3A41%3A55.240837 "HTTP/2 200 OK"
2025-12-11 18:42:07,525 - httpx - INFO - HTTP Request: GET https://utsvlihpudfraxzcmtle.supabase.co/rest/v1/scheduled_reports?select=id&is_active=eq.True&next_run_at=lte.2025-12-11T18%3A42%3A06.960060 "HTTP/2 200 OK"
2025-12-11 18:42:56,061 - httpx - INFO - HTTP Request: GET https://utsvlihpudfraxzcmtle.supabase.co/rest/v1/scheduled_reports?select=id&is_active=eq.True&next_run_at=lte.2025-12-11T18%3A42%3A55.541168 "HTTP/2 200 OK"
2025-12-11 18:43:07,806 - httpx - INFO - HTTP Request: GET https://utsvlihpudfraxzcmtle.supabase.co/rest/v1/scheduled_reports?select=id&is_active=eq.True&next_run_at=lte.2025-12-11T18%3A43%3A07.583992 "HTTP/2 200 OK"
2025-12-11 18:43:56,375 - httpx - INFO - HTTP Request: GET https://utsvlihpudfraxzcmtle.supabase.co/rest/v1/scheduled_reports?select=id&is_active=eq.True&next_run_at=lte.2025-12-11T18%3A43%3A56.092025 "HTTP/2 200 OK"
2025-12-11 18:44:08,154 - httpx - INFO - HTTP Request: GET https://utsvlihpudfraxzcmtle.supabase.co/rest/v1/scheduled_reports?select=id&is_active=eq.True&next_run_at=lte.2025-12-11T18%3A44%3A07.852115 "HTTP/2 200 OK"
2025-12-11 18:44:56,651 - httpx - INFO - HTTP Request: GET https://utsvlihpudfraxzcmtle.supabase.co/rest/v1/scheduled_reports?select=id&is_active=eq.True&next_run_at=lte.2025-12-11T18%3A44%3A56.425684 "HTTP/2 200 OK"
2025-12-11 18:45:08,469 - httpx - INFO - HTTP Request: GET https://utsvlihpudfraxzcmtle.supabase.co/rest/v1/scheduled_reports?select=id&is_active=eq.True&next_run_at=lte.2025-12-11T18%3A45%3A08.205011 "HTTP/2 200 OK"
2025-12-11 18:45:57,631 - httpx - INFO - HTTP Request: GET https://utsvlihpudfraxzcmtle.supabase.co/rest/v1/scheduled_reports?select=id&is_active=eq.True&next_run_at=lte.2025-12-11T18%3A45%3A56.708120 "HTTP/2 200 OK"
2025-12-11 18:46:09,118 - httpx - INFO - HTTP Request: GET https://utsvlihpudfraxzcmtle.supabase.co/rest/v1/scheduled_reports?select=id&is_active=eq.True&next_run_at=lte.2025-12-11T18%3A46%3A08.531982 "HTTP/2 200 OK"
2025-12-11 18:46:57,959 - httpx - INFO - HTTP Request: GET https://utsvlihpudfraxzcmtle.supabase.co/rest/v1/scheduled_reports?select=id&is_active=eq.True&next_run_at=lte.2025-12-11T18%3A46%3A57.690303 "HTTP/2 200 OK"
2025-12-11 18:47:09,390 - httpx - INFO - HTTP Request: GET https://utsvlihpudfraxzcmtle.supabase.co/rest/v1/scheduled_reports?select=id&is_active=eq.True&next_run_at=lte.2025-12-11T18%3A47%3A09.163746 "HTTP/2 200 OK"
2025-12-11 18:47:58,332 - httpx - INFO - HTTP Request: GET https://utsvlihpudfraxzcmtle.supabase.co/rest/v1/scheduled_reports?select=id&is_active=eq.True&next_run_at=lte.2025-12-11T18%3A47%3A58.016050 "HTTP/2 200 OK"
2025-12-11 18:48:10,030 - httpx - INFO - HTTP Request: GET https://utsvlihpudfraxzcmtle.supabase.co/rest/v1/scheduled_reports?select=id&is_active=eq.True&next_run_at=lte.2025-12-11T18%3A48%3A09.434251 "HTTP/2 200 OK"
2025-12-11 18:48:58,671 - httpx - INFO - HTTP Request: GET https://utsvlihpudfraxzcmtle.supabase.co/rest/v1/scheduled_reports?select=id&is_active=eq.True&next_run_at=lte.2025-12-11T18%3A48%3A58.375808 "HTTP/2 200 OK"
2025-12-11 18:49:12,203 - httpx - INFO - HTTP Request: GET https://utsvlihpudfraxzcmtle.supabase.co/rest/v1/scheduled_reports?select=id&is_active=eq.True&next_run_at=lte.2025-12-11T18%3A49%3A10.088042 "HTTP/2 200 OK"
2025-12-11 18:49:59,097 - httpx - INFO - HTTP Request: GET https://utsvlihpudfraxzcmtle.supabase.co/rest/v1/scheduled_reports?select=id&is_active=eq.True&next_run_at=lte.2025-12-11T18%3A49%3A58.731990 "HTTP/2 200 OK"
2025-12-11 18:50:12,910 - httpx - INFO - HTTP Request: GET https://utsvlihpudfraxzcmtle.supabase.co/rest/v1/scheduled_reports?select=id&is_active=eq.True&next_run_at=lte.2025-12-11T18%3A50%3A12.267193 "HTTP/2 200 OK"
2025-12-11 18:50:59,506 - httpx - INFO - HTTP Request: GET https://utsvlihpudfraxzcmtle.supabase.co/rest/v1/scheduled_reports?select=id&is_active=eq.True&next_run_at=lte.2025-12-11T18%3A50%3A59.156105 "HTTP/2 200 OK"
2025-12-11 18:51:13,525 - httpx - INFO - HTTP Request: GET https://utsvlihpudfraxzcmtle.supabase.co/rest/v1/scheduled_reports?select=id&is_active=eq.True&next_run_at=lte.2025-12-11T18%3A51%3A12.992283 "HTTP/2 200 OK"
2025-12-11 18:52:00,336 - httpx - INFO - HTTP Request: GET https://utsvlihpudfraxzcmtle.supabase.co/rest/v1/scheduled_reports?select=id&is_active=eq.True&next_run_at=lte.2025-12-11T18%3A51%3A59.564270 "HTTP/2 200 OK"
2025-12-11 18:52:13,953 - httpx - INFO - HTTP Request: GET https://utsvlihpudfraxzcmtle.supabase.co/rest/v1/scheduled_reports?select=id&is_active=eq.True&next_run_at=lte.2025-12-11T18%3A52%3A13.592335 "HTTP/2 200 OK"
2025-12-11 18:53:03,008 - httpx - INFO - HTTP Request: GET https://utsvlihpudfraxzcmtle.supabase.co/rest/v1/scheduled_reports?select=id&is_active=eq.True&next_run_at=lte.2025-12-11T18%3A53%3A00.398250 "HTTP/2 200 OK"
2025-12-11 18:53:14,368 - httpx - INFO - HTTP Request: GET https://utsvlihpudfraxzcmtle.supabase.co/rest/v1/scheduled_reports?select=id&is_active=eq.True&next_run_at=lte.2025-12-11T18%3A53%3A13.960971 "HTTP/2 200 OK"
2025-12-11 18:54:03,626 - httpx - INFO - HTTP Request: GET https://utsvlihpudfraxzcmtle.supabase.co/rest/v1/scheduled_reports?select=id&is_active=eq.True&next_run_at=lte.2025-12-11T18%3A54%3A03.066262 "HTTP/2 200 OK"
2025-12-11 18:54:14,792 - httpx - INFO - HTTP Request: GET https://utsvlihpudfraxzcmtle.supabase.co/rest/v1/scheduled_reports?select=id&is_active=eq.True&next_run_at=lte.2025-12-11T18%3A54%3A14.430233 "HTTP/2 200 OK"
2025-12-11 18:55:04,046 - httpx - INFO - HTTP Request: GET https://utsvlihpudfraxzcmtle.supabase.co/rest/v1/scheduled_reports?select=id&is_active=eq.True&next_run_at=lte.2025-12-11T18%3A55%3A03.656801 "HTTP/2 200 OK"
2025-12-11 18:55:15,406 - httpx - INFO - HTTP Request: GET https://utsvlihpudfraxzcmtle.supabase.co/rest/v1/scheduled_reports?select=id&is_active=eq.True&next_run_at=lte.2025-12-11T18%3A55%3A14.848209 "HTTP/2 200 OK"
2025-12-11 18:56:04,467 - httpx - INFO - HTTP Request: GET https://utsvlihpudfraxzcmtle.supabase.co/rest/v1/scheduled_reports?select=id&is_active=eq.True&next_run_at=lte.2025-12-11T18%3A56%3A04.103994 "HTTP/2 200 OK"
2025-12-11 18:56:15,925 - httpx - INFO - HTTP Request: GET https://utsvlihpudfraxzcmtle.supabase.co/rest/v1/scheduled_reports?select=id&is_active=eq.True&next_run_at=lte.2025-12-11T18%3A56%3A15.464003 "HTTP/2 200 OK"
2025-12-11 18:57:04,791 - httpx - INFO - HTTP Request: GET https://utsvlihpudfraxzcmtle.supabase.co/rest/v1/scheduled_reports?select=id&is_active=eq.True&next_run_at=lte.2025-12-11T18%3A57%3A04.527994 "HTTP/2 200 OK"
2025-12-11 18:57:16,245 - httpx - INFO - HTTP Request: GET https://utsvlihpudfraxzcmtle.supabase.co/rest/v1/scheduled_reports?select=id&is_active=eq.True&next_run_at=lte.2025-12-11T18%3A57%3A15.984011 "HTTP/2 200 OK"
2025-12-11 18:58:05,299 - httpx - INFO - HTTP Request: GET https://utsvlihpudfraxzcmtle.supabase.co/rest/v1/scheduled_reports?select=id&is_active=eq.True&next_run_at=lte.2025-12-11T18%3A58%3A04.852686 "HTTP/2 200 OK"
2025-12-11 18:58:16,533 - httpx - INFO - HTTP Request: GET https://utsvlihpudfraxzcmtle.supabase.co/rest/v1/scheduled_reports?select=id&is_active=eq.True&next_run_at=lte.2025-12-11T18%3A58%3A16.284956 "HTTP/2 200 OK"
2025-12-11 18:59:05,612 - httpx - INFO - HTTP Request: GET https://utsvlihpudfraxzcmtle.supabase.co/rest/v1/scheduled_reports?select=id&is_active=eq.True&next_run_at=lte.2025-12-11T18%3A59%3A05.343996 "HTTP/2 200 OK"
2025-12-11 18:59:16,890 - httpx - INFO - HTTP Request: GET https://utsvlihpudfraxzcmtle.supabase.co/rest/v1/scheduled_reports?select=id&is_active=eq.True&next_run_at=lte.2025-12-11T18%3A59%3A16.595608 "HTTP/2 200 OK"
2025-12-11 19:00:06,247 - httpx - INFO - HTTP Request: GET https://utsvlihpudfraxzcmtle.supabase.co/rest/v1/scheduled_reports?select=id&is_active=eq.True&next_run_at=lte.2025-12-11T19%3A00%3A05.667978 "HTTP/2 200 OK"
2025-12-11 19:00:20,407 - httpx - INFO - HTTP Request: GET https://utsvlihpudfraxzcmtle.supabase.co/rest/v1/scheduled_reports?select=id&is_active=eq.True&next_run_at=lte.2025-12-11T19%3A00%3A16.947984 "HTTP/2 200 OK"
2025-12-11 19:01:06,848 - httpx - INFO - HTTP Request: GET https://utsvlihpudfraxzcmtle.supabase.co/rest/v1/scheduled_reports?select=id&is_active=eq.True&next_run_at=lte.2025-12-11T19%3A01%3A06.307983 "HTTP/2 200 OK"
2025-12-11 19:01:20,877 - httpx - INFO - HTTP Request: GET https://utsvlihpudfraxzcmtle.supabase.co/rest/v1/scheduled_reports?select=id&is_active=eq.True&next_run_at=lte.2025-12-11T19%3A01%3A20.464889 "HTTP/2 200 OK"
2025-12-11 19:02:07,674 - httpx - INFO - HTTP Request: GET https://utsvlihpudfraxzcmtle.supabase.co/rest/v1/scheduled_reports?select=id&is_active=eq.True&next_run_at=lte.2025-12-11T19%3A02%3A06.907961 "HTTP/2 200 OK"
2025-12-11 19:02:21,396 - httpx - INFO - HTTP Request: GET https://utsvlihpudfraxzcmtle.supabase.co/rest/v1/scheduled_reports?select=id&is_active=eq.True&next_run_at=lte.2025-12-11T19%3A02%3A20.935465 "HTTP/2 200 OK"
2025-12-11 19:03:08,099 - httpx - INFO - HTTP Request: GET https://utsvlihpudfraxzcmtle.supabase.co/rest/v1/scheduled_reports?select=id&is_active=eq.True&next_run_at=lte.2025-12-11T19%3A03%3A07.733168 "HTTP/2 200 OK"
2025-12-11 19:03:21,815 - httpx - INFO - HTTP Request: GET https://utsvlihpudfraxzcmtle.supabase.co/rest/v1/scheduled_reports?select=id&is_active=eq.True&next_run_at=lte.2025-12-11T19%3A03%3A21.455933 "HTTP/2 200 OK"
2025-12-11 19:04:09,225 - httpx - INFO - HTTP Request: GET https://utsvlihpudfraxzcmtle.supabase.co/rest/v1/scheduled_reports?select=id&is_active=eq.True&next_run_at=lte.2025-12-11T19%3A04%3A08.143840 "HTTP/2 200 OK"
2025-12-11 19:04:22,393 - httpx - INFO - HTTP Request: GET https://utsvlihpudfraxzcmtle.supabase.co/rest/v1/scheduled_reports?select=id&is_active=eq.True&next_run_at=lte.2025-12-11T19%3A04%3A21.871979 "HTTP/2 200 OK"
2025-12-11 19:05:09,928 - httpx - INFO - HTTP Request: GET https://utsvlihpudfraxzcmtle.supabase.co/rest/v1/scheduled_reports?select=id&is_active=eq.True&next_run_at=lte.2025-12-11T19%3A05%3A09.283978 "HTTP/2 200 OK"
2025-12-11 19:05:22,707 - httpx - INFO - HTTP Request: GET https://utsvlihpudfraxzcmtle.supabase.co/rest/v1/scheduled_reports?select=id&is_active=eq.True&next_run_at=lte.2025-12-11T19%3A05%3A22.453779 "HTTP/2 200 OK"
2025-12-11 19:06:10,640 - httpx - INFO - HTTP Request: GET https://utsvlihpudfraxzcmtle.supabase.co/rest/v1/scheduled_reports?select=id&is_active=eq.True&next_run_at=lte.2025-12-11T19%3A06%3A09.983953 "HTTP/2 200 OK"
2025-12-11 19:06:23,062 - httpx - INFO - HTTP Request: GET https://utsvlihpudfraxzcmtle.supabase.co/rest/v1/scheduled_reports?select=id&is_active=eq.True&next_run_at=lte.2025-12-11T19%3A06%3A22.768755 "HTTP/2 200 OK"
2025-12-11 19:07:11,314 - httpx - INFO - HTTP Request: GET https://utsvlihpudfraxzcmtle.supabase.co/rest/v1/scheduled_reports?select=id&is_active=eq.True&next_run_at=lte.2025-12-11T19%3A07%3A10.696099 "HTTP/2 200 OK"
2025-12-11 19:07:23,486 - httpx - INFO - HTTP Request: GET https://utsvlihpudfraxzcmtle.supabase.co/rest/v1/scheduled_reports?select=id&is_active=eq.True&next_run_at=lte.2025-12-11T19%3A07%3A23.096794 "HTTP/2 200 OK"
2025-12-11 19:08:11,974 - httpx - INFO - HTTP Request: GET https://utsvlihpudfraxzcmtle.supabase.co/rest/v1/scheduled_reports?select=id&is_active=eq.True&next_run_at=lte.2025-12-11T19%3A08%3A11.371977 "HTTP/2 200 OK"
2025-12-11 19:08:23,796 - httpx - INFO - HTTP Request: GET https://utsvlihpudfraxzcmtle.supabase.co/rest/v1/scheduled_reports?select=id&is_active=eq.True&next_run_at=lte.2025-12-11T19%3A08%3A23.523951 "HTTP/2 200 OK"
2025-12-11 19:09:12,296 - httpx - INFO - HTTP Request: GET https://utsvlihpudfraxzcmtle.supabase.co/rest/v1/scheduled_reports?select=id&is_active=eq.True&next_run_at=lte.2025-12-11T19%3A09%3A12.034941 "HTTP/2 200 OK"
2025-12-11 19:09:24,414 - httpx - INFO - HTTP Request: GET https://utsvlihpudfraxzcmtle.supabase.co/rest/v1/scheduled_reports?select=id&is_active=eq.True&next_run_at=lte.2025-12-11T19%3A09%3A23.851979 "HTTP/2 200 OK"
2025-12-11 19:10:13,093 - httpx - INFO - HTTP Request: GET https://utsvlihpudfraxzcmtle.supabase.co/rest/v1/scheduled_reports?select=id&is_active=eq.True&next_run_at=lte.2025-12-11T19%3A10%3A12.356005 "HTTP/2 200 OK"
2025-12-11 19:10:24,728 - httpx - INFO - HTTP Request: GET https://utsvlihpudfraxzcmtle.supabase.co/rest/v1/scheduled_reports?select=id&is_active=eq.True&next_run_at=lte.2025-12-11T19%3A10%3A24.450074 "HTTP/2 200 OK"
2025-12-11 19:11:13,677 - httpx - INFO - HTTP Request: GET https://utsvlihpudfraxzcmtle.supabase.co/rest/v1/scheduled_reports?select=id&is_active=eq.True&next_run_at=lte.2025-12-11T19%3A11%3A13.133551 "HTTP/2 200 OK"
2025-12-11 19:11:25,248 - httpx - INFO - HTTP Request: GET https://utsvlihpudfraxzcmtle.supabase.co/rest/v1/scheduled_reports?select=id&is_active=eq.True&next_run_at=lte.2025-12-11T19%3A11%3A24.789831 "HTTP/2 200 OK"
2025-12-11 19:12:14,376 - httpx - INFO - HTTP Request: GET https://utsvlihpudfraxzcmtle.supabase.co/rest/v1/scheduled_reports?select=id&is_active=eq.True&next_run_at=lte.2025-12-11T19%3A12%3A13.735958 "HTTP/2 200 OK"
2025-12-11 19:12:25,670 - httpx - INFO - HTTP Request: GET https://utsvlihpudfraxzcmtle.supabase.co/rest/v1/scheduled_reports?select=id&is_active=eq.True&next_run_at=lte.2025-12-11T19%3A12%3A25.307982 "HTTP/2 200 OK"
2025-12-11 19:13:15,056 - httpx - INFO - HTTP Request: GET https://utsvlihpudfraxzcmtle.supabase.co/rest/v1/scheduled_reports?select=id&is_active=eq.True&next_run_at=lte.2025-12-11T19%3A13%3A14.431953 "HTTP/2 200 OK"
2025-12-11 19:13:25,982 - httpx - INFO - HTTP Request: GET https://utsvlihpudfraxzcmtle.supabase.co/rest/v1/scheduled_reports?select=id&is_active=eq.True&next_run_at=lte.2025-12-11T19%3A13%3A25.683483 "HTTP/2 200 OK"
2025-12-11 19:14:15,345 - httpx - INFO - HTTP Request: GET https://utsvlihpudfraxzcmtle.supabase.co/rest/v1/scheduled_reports?select=id&is_active=eq.True&next_run_at=lte.2025-12-11T19%3A14%3A15.087970 "HTTP/2 200 OK"
2025-12-11 19:14:26,589 - httpx - INFO - HTTP Request: GET https://utsvlihpudfraxzcmtle.supabase.co/rest/v1/scheduled_reports?select=id&is_active=eq.True&next_run_at=lte.2025-12-11T19%3A14%3A26.039966 "HTTP/2 200 OK"
2025-12-11 19:15:18,108 - httpx - INFO - HTTP Request: GET https://utsvlihpudfraxzcmtle.supabase.co/rest/v1/scheduled_reports?select=id&is_active=eq.True&next_run_at=lte.2025-12-11T19%3A15%3A15.405089 "HTTP/2 200 OK"
2025-12-11 19:15:26,915 - httpx - INFO - HTTP Request: GET https://utsvlihpudfraxzcmtle.supabase.co/rest/v1/scheduled_reports?select=id&is_active=eq.True&next_run_at=lte.2025-12-11T19%3A15%3A26.650109 "HTTP/2 200 OK"
2025-12-11 19:16:18,732 - httpx - INFO - HTTP Request: GET https://utsvlihpudfraxzcmtle.supabase.co/rest/v1/scheduled_reports?select=id&is_active=eq.True&next_run_at=lte.2025-12-11T19%3A16%3A18.175974 "HTTP/2 200 OK"
2025-12-11 19:16:27,211 - httpx - INFO - HTTP Request: GET https://utsvlihpudfraxzcmtle.supabase.co/rest/v1/scheduled_reports?select=id&is_active=eq.True&next_run_at=lte.2025-12-11T19%3A16%3A26.953385 "HTTP/2 200 OK"
2025-12-11 19:17:19,046 - httpx - INFO - HTTP Request: GET https://utsvlihpudfraxzcmtle.supabase.co/rest/v1/scheduled_reports?select=id&is_active=eq.True&next_run_at=lte.2025-12-11T19%3A17%3A18.767977 "HTTP/2 200 OK"
2025-12-11 19:17:28,263 - httpx - INFO - HTTP Request: GET https://utsvlihpudfraxzcmtle.supabase.co/rest/v1/scheduled_reports?select=id&is_active=eq.True&next_run_at=lte.2025-12-11T19%3A17%3A27.263978 "HTTP/2 200 OK"
2025-12-11 19:18:19,636 - httpx - INFO - HTTP Request: GET https://utsvlihpudfraxzcmtle.supabase.co/rest/v1/scheduled_reports?select=id&is_active=eq.True&next_run_at=lte.2025-12-11T19%3A18%3A19.103976 "HTTP/2 200 OK"
2025-12-11 19:18:28,836 - httpx - INFO - HTTP Request: GET https://utsvlihpudfraxzcmtle.supabase.co/rest/v1/scheduled_reports?select=id&is_active=eq.True&next_run_at=lte.2025-12-11T19%3A18%3A28.324061 "HTTP/2 200 OK"
2025-12-11 19:19:20,292 - httpx - INFO - HTTP Request: GET https://utsvlihpudfraxzcmtle.supabase.co/rest/v1/scheduled_reports?select=id&is_active=eq.True&next_run_at=lte.2025-12-11T19%3A19%3A19.695997 "HTTP/2 200 OK"
2025-12-11 19:19:29,131 - httpx - INFO - HTTP Request: GET https://utsvlihpudfraxzcmtle.supabase.co/rest/v1/scheduled_reports?select=id&is_active=eq.True&next_run_at=lte.2025-12-11T19%3A19%3A28.893631 "HTTP/2 200 OK"
2025-12-11 19:20:21,016 - httpx - INFO - HTTP Request: GET https://utsvlihpudfraxzcmtle.supabase.co/rest/v1/scheduled_reports?select=id&is_active=eq.True&next_run_at=lte.2025-12-11T19%3A20%3A20.351988 "HTTP/2 200 OK"
2025-12-11 19:20:29,744 - httpx - INFO - HTTP Request: GET https://utsvlihpudfraxzcmtle.supabase.co/rest/v1/scheduled_reports?select=id&is_active=eq.True&next_run_at=lte.2025-12-11T19%3A20%3A29.190034 "HTTP/2 200 OK"
2025-12-11 19:21:21,690 - httpx - INFO - HTTP Request: GET https://utsvlihpudfraxzcmtle.supabase.co/rest/v1/scheduled_reports?select=id&is_active=eq.True&next_run_at=lte.2025-12-11T19%3A21%3A21.071992 "HTTP/2 200 OK"
2025-12-11 19:21:30,053 - httpx - INFO - HTTP Request: GET https://utsvlihpudfraxzcmtle.supabase.co/rest/v1/scheduled_reports?select=id&is_active=eq.True&next_run_at=lte.2025-12-11T19%3A21%3A29.803985 "HTTP/2 200 OK"
2025-12-11 19:22:22,688 - httpx - INFO - HTTP Request: GET https://utsvlihpudfraxzcmtle.supabase.co/rest/v1/scheduled_reports?select=id&is_active=eq.True&next_run_at=lte.2025-12-11T19%3A22%3A21.747991 "HTTP/2 200 OK"
2025-12-11 19:22:30,440 - httpx - INFO - HTTP Request: GET https://utsvlihpudfraxzcmtle.supabase.co/rest/v1/scheduled_reports?select=id&is_active=eq.True&next_run_at=lte.2025-12-11T19%3A22%3A30.111991 "HTTP/2 200 OK"
2025-12-11 19:23:23,292 - httpx - INFO - HTTP Request: GET https://utsvlihpudfraxzcmtle.supabase.co/rest/v1/scheduled_reports?select=id&is_active=eq.True&next_run_at=lte.2025-12-11T19%3A23%3A22.743946 "HTTP/2 200 OK"
2025-12-11 19:23:30,870 - httpx - INFO - HTTP Request: GET https://utsvlihpudfraxzcmtle.supabase.co/rest/v1/scheduled_reports?select=id&is_active=eq.True&next_run_at=lte.2025-12-11T19%3A23%3A30.500013 "HTTP/2 200 OK"
2025-12-11 19:24:23,709 - httpx - INFO - HTTP Request: GET https://utsvlihpudfraxzcmtle.supabase.co/rest/v1/scheduled_reports?select=id&is_active=eq.True&next_run_at=lte.2025-12-11T19%3A24%3A23.355984 "HTTP/2 200 OK"
2025-12-11 19:24:31,286 - httpx - INFO - HTTP Request: GET https://utsvlihpudfraxzcmtle.supabase.co/rest/v1/scheduled_reports?select=id&is_active=eq.True&next_run_at=lte.2025-12-11T19%3A24%3A30.928943 "HTTP/2 200 OK"
2025-12-11 19:25:24,331 - httpx - INFO - HTTP Request: GET https://utsvlihpudfraxzcmtle.supabase.co/rest/v1/scheduled_reports?select=id&is_active=eq.True&next_run_at=lte.2025-12-11T19%3A25%3A23.767996 "HTTP/2 200 OK"
2025-12-11 19:25:31,909 - httpx - INFO - HTTP Request: GET https://utsvlihpudfraxzcmtle.supabase.co/rest/v1/scheduled_reports?select=id&is_active=eq.True&next_run_at=lte.2025-12-11T19%3A25%3A31.340030 "HTTP/2 200 OK"
2025-12-11 19:26:24,748 - httpx - INFO - HTTP Request: GET https://utsvlihpudfraxzcmtle.supabase.co/rest/v1/scheduled_reports?select=id&is_active=eq.True&next_run_at=lte.2025-12-11T19%3A26%3A24.388148 "HTTP/2 200 OK"
2025-12-11 19:26:32,195 - httpx - INFO - HTTP Request: GET https://utsvlihpudfraxzcmtle.supabase.co/rest/v1/scheduled_reports?select=id&is_active=eq.True&next_run_at=lte.2025-12-11T19%3A26%3A31.968026 "HTTP/2 200 OK"
2025-12-11 19:27:25,097 - httpx - INFO - HTTP Request: GET https://utsvlihpudfraxzcmtle.supabase.co/rest/v1/scheduled_reports?select=id&is_active=eq.True&next_run_at=lte.2025-12-11T19%3A27%3A24.808008 "HTTP/2 200 OK"
2025-12-11 19:27:32,815 - httpx - INFO - HTTP Request: GET https://utsvlihpudfraxzcmtle.supabase.co/rest/v1/scheduled_reports?select=id&is_active=eq.True&next_run_at=lte.2025-12-11T19%3A27%3A32.252007 "HTTP/2 200 OK"
2025-12-11 19:28:25,481 - httpx - INFO - HTTP Request: GET https://utsvlihpudfraxzcmtle.supabase.co/rest/v1/scheduled_reports?select=id&is_active=eq.True&next_run_at=lte.2025-12-11T19%3A28%3A25.125827 "HTTP/2 200 OK"
2025-12-11 19:28:33,160 - httpx - INFO - HTTP Request: GET https://utsvlihpudfraxzcmtle.supabase.co/rest/v1/scheduled_reports?select=id&is_active=eq.True&next_run_at=lte.2025-12-11T19%3A28%3A32.872004 "HTTP/2 200 OK"
2025-12-11 19:29:25,832 - httpx - INFO - HTTP Request: GET https://utsvlihpudfraxzcmtle.supabase.co/rest/v1/scheduled_reports?select=id&is_active=eq.True&next_run_at=lte.2025-12-11T19%3A29%3A25.532035 "HTTP/2 200 OK"
2025-12-11 19:29:33,679 - httpx - INFO - HTTP Request: GET https://utsvlihpudfraxzcmtle.supabase.co/rest/v1/scheduled_reports?select=id&is_active=eq.True&next_run_at=lte.2025-12-11T19%3A29%3A33.204065 "HTTP/2 200 OK"
2025-12-11 19:30:26,212 - httpx - INFO - HTTP Request: GET https://utsvlihpudfraxzcmtle.supabase.co/rest/v1/scheduled_reports?select=id&is_active=eq.True&next_run_at=lte.2025-12-11T19%3A30%3A25.883982 "HTTP/2 200 OK"
2025-12-11 19:30:33,994 - httpx - INFO - HTTP Request: GET https://utsvlihpudfraxzcmtle.supabase.co/rest/v1/scheduled_reports?select=id&is_active=eq.True&next_run_at=lte.2025-12-11T19%3A30%3A33.735998 "HTTP/2 200 OK"
2025-12-11 19:31:26,835 - httpx - INFO - HTTP Request: GET https://utsvlihpudfraxzcmtle.supabase.co/rest/v1/scheduled_reports?select=id&is_active=eq.True&next_run_at=lte.2025-12-11T19%3A31%3A26.272031 "HTTP/2 200 OK"
2025-12-11 19:31:34,616 - httpx - INFO - HTTP Request: GET https://utsvlihpudfraxzcmtle.supabase.co/rest/v1/scheduled_reports?select=id&is_active=eq.True&next_run_at=lte.2025-12-11T19%3A31%3A34.053715 "HTTP/2 200 OK"
2025-12-11 19:32:27,250 - httpx - INFO - HTTP Request: GET https://utsvlihpudfraxzcmtle.supabase.co/rest/v1/scheduled_reports?select=id&is_active=eq.True&next_run_at=lte.2025-12-11T19%3A32%3A26.896861 "HTTP/2 200 OK"
2025-12-11 19:32:34,944 - httpx - INFO - HTTP Request: GET https://utsvlihpudfraxzcmtle.supabase.co/rest/v1/scheduled_reports?select=id&is_active=eq.True&next_run_at=lte.2025-12-11T19%3A32%3A34.676033 "HTTP/2 200 OK"
2025-12-11 19:33:27,975 - httpx - INFO - HTTP Request: GET https://utsvlihpudfraxzcmtle.supabase.co/rest/v1/scheduled_reports?select=id&is_active=eq.True&next_run_at=lte.2025-12-11T19%3A33%3A27.307997 "HTTP/2 200 OK"
2025-12-11 19:33:35,487 - httpx - INFO - HTTP Request: GET https://utsvlihpudfraxzcmtle.supabase.co/rest/v1/scheduled_reports?select=id&is_active=eq.True&next_run_at=lte.2025-12-11T19%3A33%3A34.999998 "HTTP/2 200 OK"
2025-12-11 19:34:29,774 - httpx - INFO - HTTP Request: GET https://utsvlihpudfraxzcmtle.supabase.co/rest/v1/scheduled_reports?select=id&is_active=eq.True&next_run_at=lte.2025-12-11T19%3A34%3A28.032002 "HTTP/2 200 OK"
2025-12-11 19:34:36,208 - httpx - INFO - HTTP Request: GET https://utsvlihpudfraxzcmtle.supabase.co/rest/v1/scheduled_reports?select=id&is_active=eq.True&next_run_at=lte.2025-12-11T19%3A34%3A35.548008 "HTTP/2 200 OK"
2025-12-11 19:35:29,838 - report_scheduler - ERROR - Error checking scheduled reports: [Errno -3] Temporary failure in name resolution
2025-12-11 19:35:36,265 - report_scheduler - ERROR - Error checking scheduled reports: [Errno -3] Temporary failure in name resolution
2025-12-11 19:36:39,606 - httpx - INFO - HTTP Request: GET https://utsvlihpudfraxzcmtle.supabase.co/rest/v1/scheduled_reports?select=id&is_active=eq.True&next_run_at=lte.2025-12-11T19%3A36%3A39.046110 "HTTP/2 200 OK"
2025-12-11 19:36:45,758 - httpx - INFO - HTTP Request: GET https://utsvlihpudfraxzcmtle.supabase.co/rest/v1/scheduled_reports?select=id&is_active=eq.True&next_run_at=lte.2025-12-11T19%3A36%3A45.479453 "HTTP/2 200 OK"
2025-12-11 19:37:39,996 - httpx - INFO - HTTP Request: GET https://utsvlihpudfraxzcmtle.supabase.co/rest/v1/scheduled_reports?select=id&is_active=eq.True&next_run_at=lte.2025-12-11T19%3A37%3A39.667440 "HTTP/2 200 OK"
2025-12-11 19:37:46,169 - httpx - INFO - HTTP Request: GET https://utsvlihpudfraxzcmtle.supabase.co/rest/v1/scheduled_reports?select=id&is_active=eq.True&next_run_at=lte.2025-12-11T19%3A37%3A45.823453 "HTTP/2 200 OK"
2025-12-11 19:38:40,645 - httpx - INFO - HTTP Request: GET https://utsvlihpudfraxzcmtle.supabase.co/rest/v1/scheduled_reports?select=id&is_active=eq.True&next_run_at=lte.2025-12-11T19%3A38%3A40.027654 "HTTP/2 200 OK"
2025-12-11 19:38:46,584 - httpx - INFO - HTTP Request: GET https://utsvlihpudfraxzcmtle.supabase.co/rest/v1/scheduled_reports?select=id&is_active=eq.True&next_run_at=lte.2025-12-11T19%3A38%3A46.227452 "HTTP/2 200 OK"
2025-12-11 19:39:41,186 - httpx - INFO - HTTP Request: GET https://utsvlihpudfraxzcmtle.supabase.co/rest/v1/scheduled_reports?select=id&is_active=eq.True&next_run_at=lte.2025-12-11T19%3A39%3A40.703448 "HTTP/2 200 OK"
2025-12-11 19:39:47,004 - httpx - INFO - HTTP Request: GET https://utsvlihpudfraxzcmtle.supabase.co/rest/v1/scheduled_reports?select=id&is_active=eq.True&next_run_at=lte.2025-12-11T19%3A39%3A46.620694 "HTTP/2 200 OK"
2025-12-11 19:40:41,805 - httpx - INFO - HTTP Request: GET https://utsvlihpudfraxzcmtle.supabase.co/rest/v1/scheduled_reports?select=id&is_active=eq.True&next_run_at=lte.2025-12-11T19%3A40%3A41.248550 "HTTP/2 200 OK"
2025-12-11 19:40:47,696 - httpx - INFO - HTTP Request: GET https://utsvlihpudfraxzcmtle.supabase.co/rest/v1/scheduled_reports?select=id&is_active=eq.True&next_run_at=lte.2025-12-11T19%3A40%3A47.059447 "HTTP/2 200 OK"
2025-12-11 19:41:42,214 - httpx - INFO - HTTP Request: GET https://utsvlihpudfraxzcmtle.supabase.co/rest/v1/scheduled_reports?select=id&is_active=eq.True&next_run_at=lte.2025-12-11T19%3A41%3A41.851478 "HTTP/2 200 OK"
2025-12-11 19:41:48,346 - httpx - INFO - HTTP Request: GET https://utsvlihpudfraxzcmtle.supabase.co/rest/v1/scheduled_reports?select=id&is_active=eq.True&next_run_at=lte.2025-12-11T19%3A41%3A47.751605 "HTTP/2 200 OK"
2025-12-11 19:42:42,938 - httpx - INFO - HTTP Request: GET https://utsvlihpudfraxzcmtle.supabase.co/rest/v1/scheduled_reports?select=id&is_active=eq.True&next_run_at=lte.2025-12-11T19%3A42%3A42.259456 "HTTP/2 200 OK"
2025-12-11 19:42:48,969 - httpx - INFO - HTTP Request: GET https://utsvlihpudfraxzcmtle.supabase.co/rest/v1/scheduled_reports?select=id&is_active=eq.True&next_run_at=lte.2025-12-11T19%3A42%3A48.398830 "HTTP/2 200 OK"
2025-12-11 19:43:43,533 - httpx - INFO - HTTP Request: GET https://utsvlihpudfraxzcmtle.supabase.co/rest/v1/scheduled_reports?select=id&is_active=eq.True&next_run_at=lte.2025-12-11T19%3A43%3A42.978523 "HTTP/2 200 OK"
2025-12-11 19:43:49,718 - httpx - INFO - HTTP Request: GET https://utsvlihpudfraxzcmtle.supabase.co/rest/v1/scheduled_reports?select=id&is_active=eq.True&next_run_at=lte.2025-12-11T19%3A43%3A49.009668 "HTTP/2 200 OK"
2025-12-11 19:44:44,340 - httpx - INFO - HTTP Request: GET https://utsvlihpudfraxzcmtle.supabase.co/rest/v1/scheduled_reports?select=id&is_active=eq.True&next_run_at=lte.2025-12-11T19%3A44%3A43.591466 "HTTP/2 200 OK"
2025-12-11 19:44:50,312 - httpx - INFO - HTTP Request: GET https://utsvlihpudfraxzcmtle.supabase.co/rest/v1/scheduled_reports?select=id&is_active=eq.True&next_run_at=lte.2025-12-11T19%3A44%3A49.775472 "HTTP/2 200 OK"
2025-12-11 19:45:44,792 - httpx - INFO - HTTP Request: GET https://utsvlihpudfraxzcmtle.supabase.co/rest/v1/scheduled_reports?select=id&is_active=eq.True&next_run_at=lte.2025-12-11T19%3A45%3A44.379193 "HTTP/2 200 OK"
2025-12-11 19:45:50,731 - httpx - INFO - HTTP Request: GET https://utsvlihpudfraxzcmtle.supabase.co/rest/v1/scheduled_reports?select=id&is_active=eq.True&next_run_at=lte.2025-12-11T19%3A45%3A50.371442 "HTTP/2 200 OK"
2025-12-11 19:46:45,322 - httpx - INFO - HTTP Request: GET https://utsvlihpudfraxzcmtle.supabase.co/rest/v1/scheduled_reports?select=id&is_active=eq.True&next_run_at=lte.2025-12-11T19%3A46%3A44.828600 "HTTP/2 200 OK"
2025-12-11 19:46:51,355 - httpx - INFO - HTTP Request: GET https://utsvlihpudfraxzcmtle.supabase.co/rest/v1/scheduled_reports?select=id&is_active=eq.True&next_run_at=lte.2025-12-11T19%3A46%3A50.791029 "HTTP/2 200 OK"
2025-12-11 19:47:46,037 - httpx - INFO - HTTP Request: GET https://utsvlihpudfraxzcmtle.supabase.co/rest/v1/scheduled_reports?select=id&is_active=eq.True&next_run_at=lte.2025-12-11T19%3A47%3A45.339296 "HTTP/2 200 OK"
2025-12-11 19:47:52,059 - httpx - INFO - HTTP Request: GET https://utsvlihpudfraxzcmtle.supabase.co/rest/v1/scheduled_reports?select=id&is_active=eq.True&next_run_at=lte.2025-12-11T19%3A47%3A51.411404 "HTTP/2 200 OK"
2025-12-11 19:48:46,655 - httpx - INFO - HTTP Request: GET https://utsvlihpudfraxzcmtle.supabase.co/rest/v1/scheduled_reports?select=id&is_active=eq.True&next_run_at=lte.2025-12-11T19%3A48%3A46.076945 "HTTP/2 200 OK"
2025-12-11 19:48:52,389 - httpx - INFO - HTTP Request: GET https://utsvlihpudfraxzcmtle.supabase.co/rest/v1/scheduled_reports?select=id&is_active=eq.True&next_run_at=lte.2025-12-11T19%3A48%3A52.079183 "HTTP/2 200 OK"
2025-12-11 19:49:47,072 - httpx - INFO - HTTP Request: GET https://utsvlihpudfraxzcmtle.supabase.co/rest/v1/scheduled_reports?select=id&is_active=eq.True&next_run_at=lte.2025-12-11T19%3A49%3A46.709564 "HTTP/2 200 OK"
2025-12-11 19:49:52,806 - httpx - INFO - HTTP Request: GET https://utsvlihpudfraxzcmtle.supabase.co/rest/v1/scheduled_reports?select=id&is_active=eq.True&next_run_at=lte.2025-12-11T19%3A49%3A52.447457 "HTTP/2 200 OK"
2025-12-11 19:50:47,962 - httpx - INFO - HTTP Request: GET https://utsvlihpudfraxzcmtle.supabase.co/rest/v1/scheduled_reports?select=id&is_active=eq.True&next_run_at=lte.2025-12-11T19%3A50%3A47.133495 "HTTP/2 200 OK"
2025-12-11 19:50:53,926 - httpx - INFO - HTTP Request: GET https://utsvlihpudfraxzcmtle.supabase.co/rest/v1/scheduled_reports?select=id&is_active=eq.True&next_run_at=lte.2025-12-11T19%3A50%3A52.863444 "HTTP/2 200 OK"
2025-12-11 19:51:48,322 - httpx - INFO - HTTP Request: GET https://utsvlihpudfraxzcmtle.supabase.co/rest/v1/scheduled_reports?select=id&is_active=eq.True&next_run_at=lte.2025-12-11T19%3A51%3A48.019469 "HTTP/2 200 OK"
2025-12-11 19:51:54,247 - httpx - INFO - HTTP Request: GET https://utsvlihpudfraxzcmtle.supabase.co/rest/v1/scheduled_reports?select=id&is_active=eq.True&next_run_at=lte.2025-12-11T19%3A51%3A53.988896 "HTTP/2 200 OK"
2025-12-11 19:52:48,936 - httpx - INFO - HTTP Request: GET https://utsvlihpudfraxzcmtle.supabase.co/rest/v1/scheduled_reports?select=id&is_active=eq.True&next_run_at=lte.2025-12-11T19%3A52%3A48.379402 "HTTP/2 200 OK"
2025-12-11 19:52:55,563 - httpx - INFO - HTTP Request: GET https://utsvlihpudfraxzcmtle.supabase.co/rest/v1/scheduled_reports?select=id&is_active=eq.True&next_run_at=lte.2025-12-11T19%3A52%3A54.275453 "HTTP/2 200 OK"
2025-12-11 19:53:49,605 - httpx - INFO - HTTP Request: GET https://utsvlihpudfraxzcmtle.supabase.co/rest/v1/scheduled_reports?select=id&is_active=eq.True&next_run_at=lte.2025-12-11T19%3A53%3A48.978588 "HTTP/2 200 OK"
2025-12-11 19:53:56,112 - httpx - INFO - HTTP Request: GET https://utsvlihpudfraxzcmtle.supabase.co/rest/v1/scheduled_reports?select=id&is_active=eq.True&next_run_at=lte.2025-12-11T19%3A53%3A55.611832 "HTTP/2 200 OK"
2025-12-11 19:54:50,435 - httpx - INFO - HTTP Request: GET https://utsvlihpudfraxzcmtle.supabase.co/rest/v1/scheduled_reports?select=id&is_active=eq.True&next_run_at=lte.2025-12-11T19%3A54%3A49.671404 "HTTP/2 200 OK"
2025-12-11 19:54:56,533 - httpx - INFO - HTTP Request: GET https://utsvlihpudfraxzcmtle.supabase.co/rest/v1/scheduled_reports?select=id&is_active=eq.True&next_run_at=lte.2025-12-11T19%3A54%3A56.171409 "HTTP/2 200 OK"
2025-12-11 19:55:51,198 - httpx - INFO - HTTP Request: GET https://utsvlihpudfraxzcmtle.supabase.co/rest/v1/scheduled_reports?select=id&is_active=eq.True&next_run_at=lte.2025-12-11T19%3A55%3A50.475469 "HTTP/2 200 OK"
2025-12-11 19:55:57,054 - httpx - INFO - HTTP Request: GET https://utsvlihpudfraxzcmtle.supabase.co/rest/v1/scheduled_reports?select=id&is_active=eq.True&next_run_at=lte.2025-12-11T19%3A55%3A56.591454 "HTTP/2 200 OK"
2025-12-11 19:56:51,729 - httpx - INFO - HTTP Request: GET https://utsvlihpudfraxzcmtle.supabase.co/rest/v1/scheduled_reports?select=id&is_active=eq.True&next_run_at=lte.2025-12-11T19%3A56%3A51.258995 "HTTP/2 200 OK"
2025-12-11 19:56:57,464 - httpx - INFO - HTTP Request: GET https://utsvlihpudfraxzcmtle.supabase.co/rest/v1/scheduled_reports?select=id&is_active=eq.True&next_run_at=lte.2025-12-11T19%3A56%3A57.111448 "HTTP/2 200 OK"
2025-12-11 19:57:52,533 - httpx - INFO - HTTP Request: GET https://utsvlihpudfraxzcmtle.supabase.co/rest/v1/scheduled_reports?select=id&is_active=eq.True&next_run_at=lte.2025-12-11T19%3A57%3A51.789533 "HTTP/2 200 OK"
2025-12-11 19:57:58,111 - httpx - INFO - HTTP Request: GET https://utsvlihpudfraxzcmtle.supabase.co/rest/v1/scheduled_reports?select=id&is_active=eq.True&next_run_at=lte.2025-12-11T19%3A57%3A57.525554 "HTTP/2 200 OK"
2025-12-11 19:58:54,032 - httpx - INFO - HTTP Request: GET https://utsvlihpudfraxzcmtle.supabase.co/rest/v1/scheduled_reports?select=id&is_active=eq.True&next_run_at=lte.2025-12-11T19%3A58%3A52.591446 "HTTP/2 200 OK"
2025-12-11 19:58:58,707 - httpx - INFO - HTTP Request: GET https://utsvlihpudfraxzcmtle.supabase.co/rest/v1/scheduled_reports?select=id&is_active=eq.True&next_run_at=lte.2025-12-11T19%3A58%3A58.172402 "HTTP/2 200 OK"
2025-12-11 19:59:54,413 - httpx - INFO - HTTP Request: GET https://utsvlihpudfraxzcmtle.supabase.co/rest/v1/scheduled_reports?select=id&is_active=eq.True&next_run_at=lte.2025-12-11T19%3A59%3A54.078240 "HTTP/2 200 OK"
2025-12-11 19:59:59,431 - httpx - INFO - HTTP Request: GET https://utsvlihpudfraxzcmtle.supabase.co/rest/v1/scheduled_reports?select=id&is_active=eq.True&next_run_at=lte.2025-12-11T19%3A59%3A58.767427 "HTTP/2 200 OK"
2025-12-11 20:00:58,169 - httpx - INFO - HTTP Request: GET https://utsvlihpudfraxzcmtle.supabase.co/rest/v1/scheduled_reports?select=id&is_active=eq.True&next_run_at=lte.2025-12-11T20%3A00%3A54.471458 "HTTP/2 200 OK"
2025-12-11 20:01:00,053 - httpx - INFO - HTTP Request: GET https://utsvlihpudfraxzcmtle.supabase.co/rest/v1/scheduled_reports?select=id&is_active=eq.True&next_run_at=lte.2025-12-11T20%3A00%3A59.489308 "HTTP/2 200 OK"
2025-12-11 20:01:58,523 - httpx - INFO - HTTP Request: GET https://utsvlihpudfraxzcmtle.supabase.co/rest/v1/scheduled_reports?select=id&is_active=eq.True&next_run_at=lte.2025-12-11T20%3A01%3A58.227431 "HTTP/2 200 OK"
2025-12-11 20:02:00,674 - httpx - INFO - HTTP Request: GET https://utsvlihpudfraxzcmtle.supabase.co/rest/v1/scheduled_reports?select=id&is_active=eq.True&next_run_at=lte.2025-12-11T20%3A02%3A00.114086 "HTTP/2 200 OK"
2025-12-11 20:02:59,352 - httpx - INFO - HTTP Request: GET https://utsvlihpudfraxzcmtle.supabase.co/rest/v1/scheduled_reports?select=id&is_active=eq.True&next_run_at=lte.2025-12-11T20%3A02%3A58.579473 "HTTP/2 200 OK"
2025-12-11 20:03:01,854 - httpx - INFO - HTTP Request: GET https://utsvlihpudfraxzcmtle.supabase.co/rest/v1/scheduled_reports?select=id&is_active=eq.True&next_run_at=lte.2025-12-11T20%3A03%3A00.729031 "HTTP/2 200 OK"
2025-12-11 20:03:59,872 - httpx - INFO - HTTP Request: GET https://utsvlihpudfraxzcmtle.supabase.co/rest/v1/scheduled_reports?select=id&is_active=eq.True&next_run_at=lte.2025-12-11T20%3A03%3A59.398957 "HTTP/2 200 OK"
2025-12-11 20:04:02,581 - httpx - INFO - HTTP Request: GET https://utsvlihpudfraxzcmtle.supabase.co/rest/v1/scheduled_reports?select=id&is_active=eq.True&next_run_at=lte.2025-12-11T20%3A04%3A01.909538 "HTTP/2 200 OK"
2025-12-11 20:05:00,804 - httpx - INFO - HTTP Request: GET https://utsvlihpudfraxzcmtle.supabase.co/rest/v1/scheduled_reports?select=id&is_active=eq.True&next_run_at=lte.2025-12-11T20%3A04%3A59.899776 "HTTP/2 200 OK"
2025-12-11 20:05:03,294 - httpx - INFO - HTTP Request: GET https://utsvlihpudfraxzcmtle.supabase.co/rest/v1/scheduled_reports?select=id&is_active=eq.True&next_run_at=lte.2025-12-11T20%3A05%3A02.638917 "HTTP/2 200 OK"
2025-12-11 20:06:01,419 - httpx - INFO - HTTP Request: GET https://utsvlihpudfraxzcmtle.supabase.co/rest/v1/scheduled_reports?select=id&is_active=eq.True&next_run_at=lte.2025-12-11T20%3A06%3A00.862285 "HTTP/2 200 OK"
2025-12-11 20:06:03,980 - httpx - INFO - HTTP Request: GET https://utsvlihpudfraxzcmtle.supabase.co/rest/v1/scheduled_reports?select=id&is_active=eq.True&next_run_at=lte.2025-12-11T20%3A06%3A03.345079 "HTTP/2 200 OK"
2025-12-11 20:07:02,251 - httpx - INFO - HTTP Request: GET https://utsvlihpudfraxzcmtle.supabase.co/rest/v1/scheduled_reports?select=id&is_active=eq.True&next_run_at=lte.2025-12-11T20%3A07%3A01.477519 "HTTP/2 200 OK"
2025-12-11 20:07:04,654 - httpx - INFO - HTTP Request: GET https://utsvlihpudfraxzcmtle.supabase.co/rest/v1/scheduled_reports?select=id&is_active=eq.True&next_run_at=lte.2025-12-11T20%3A07%3A04.019451 "HTTP/2 200 OK"
2025-12-11 20:08:02,867 - httpx - INFO - HTTP Request: GET https://utsvlihpudfraxzcmtle.supabase.co/rest/v1/scheduled_reports?select=id&is_active=eq.True&next_run_at=lte.2025-12-11T20%3A08%3A02.288985 "HTTP/2 200 OK"
2025-12-11 20:08:05,312 - httpx - INFO - HTTP Request: GET https://utsvlihpudfraxzcmtle.supabase.co/rest/v1/scheduled_reports?select=id&is_active=eq.True&next_run_at=lte.2025-12-11T20%3A08%3A04.711400 "HTTP/2 200 OK"
2025-12-11 20:09:03,284 - httpx - INFO - HTTP Request: GET https://utsvlihpudfraxzcmtle.supabase.co/rest/v1/scheduled_reports?select=id&is_active=eq.True&next_run_at=lte.2025-12-11T20%3A09%3A02.923438 "HTTP/2 200 OK"
2025-12-11 20:09:06,256 - httpx - INFO - HTTP Request: GET https://utsvlihpudfraxzcmtle.supabase.co/rest/v1/scheduled_reports?select=id&is_active=eq.True&next_run_at=lte.2025-12-11T20%3A09%3A05.356643 "HTTP/2 200 OK"
2025-12-11 20:10:03,964 - httpx - INFO - HTTP Request: GET https://utsvlihpudfraxzcmtle.supabase.co/rest/v1/scheduled_reports?select=id&is_active=eq.True&next_run_at=lte.2025-12-11T20%3A10%3A03.333167 "HTTP/2 200 OK"
2025-12-11 20:10:06,896 - httpx - INFO - HTTP Request: GET https://utsvlihpudfraxzcmtle.supabase.co/rest/v1/scheduled_reports?select=id&is_active=eq.True&next_run_at=lte.2025-12-11T20%3A10%3A06.315413 "HTTP/2 200 OK"
2025-12-11 20:11:04,506 - httpx - INFO - HTTP Request: GET https://utsvlihpudfraxzcmtle.supabase.co/rest/v1/scheduled_reports?select=id&is_active=eq.True&next_run_at=lte.2025-12-11T20%3A11%3A04.021269 "HTTP/2 200 OK"
2025-12-11 20:11:07,365 - httpx - INFO - HTTP Request: GET https://utsvlihpudfraxzcmtle.supabase.co/rest/v1/scheduled_reports?select=id&is_active=eq.True&next_run_at=lte.2025-12-11T20%3A11%3A06.955458 "HTTP/2 200 OK"
2025-12-11 20:12:05,110 - httpx - INFO - HTTP Request: GET https://utsvlihpudfraxzcmtle.supabase.co/rest/v1/scheduled_reports?select=id&is_active=eq.True&next_run_at=lte.2025-12-11T20%3A12%3A04.565566 "HTTP/2 200 OK"
2025-12-11 20:12:07,979 - httpx - INFO - HTTP Request: GET https://utsvlihpudfraxzcmtle.supabase.co/rest/v1/scheduled_reports?select=id&is_active=eq.True&next_run_at=lte.2025-12-11T20%3A12%3A07.423418 "HTTP/2 200 OK"
2025-12-11 20:13:05,612 - httpx - INFO - HTTP Request: GET https://utsvlihpudfraxzcmtle.supabase.co/rest/v1/scheduled_reports?select=id&is_active=eq.True&next_run_at=lte.2025-12-11T20%3A13%3A05.159880 "HTTP/2 200 OK"
2025-12-11 20:13:08,482 - httpx - INFO - HTTP Request: GET https://utsvlihpudfraxzcmtle.supabase.co/rest/v1/scheduled_reports?select=id&is_active=eq.True&next_run_at=lte.2025-12-11T20%3A13%3A08.043425 "HTTP/2 200 OK"
2025-12-11 20:14:06,339 - httpx - INFO - HTTP Request: GET https://utsvlihpudfraxzcmtle.supabase.co/rest/v1/scheduled_reports?select=id&is_active=eq.True&next_run_at=lte.2025-12-11T20%3A14%3A05.671412 "HTTP/2 200 OK"
2025-12-11 20:14:08,850 - httpx - INFO - HTTP Request: GET https://utsvlihpudfraxzcmtle.supabase.co/rest/v1/scheduled_reports?select=id&is_active=eq.True&next_run_at=lte.2025-12-11T20%3A14%3A08.535458 "HTTP/2 200 OK"
2025-12-11 20:15:07,184 - httpx - INFO - HTTP Request: GET https://utsvlihpudfraxzcmtle.supabase.co/rest/v1/scheduled_reports?select=id&is_active=eq.True&next_run_at=lte.2025-12-11T20%3A15%3A06.405540 "HTTP/2 200 OK"
2025-12-11 20:15:09,732 - httpx - INFO - HTTP Request: GET https://utsvlihpudfraxzcmtle.supabase.co/rest/v1/scheduled_reports?select=id&is_active=eq.True&next_run_at=lte.2025-12-11T20%3A15%3A08.909111 "HTTP/2 200 OK"
2025-12-11 20:16:07,850 - httpx - INFO - HTTP Request: GET https://utsvlihpudfraxzcmtle.supabase.co/rest/v1/scheduled_reports?select=id&is_active=eq.True&next_run_at=lte.2025-12-11T20%3A16%3A07.227739 "HTTP/2 200 OK"
2025-12-11 20:16:10,641 - httpx - INFO - HTTP Request: GET https://utsvlihpudfraxzcmtle.supabase.co/rest/v1/scheduled_reports?select=id&is_active=eq.True&next_run_at=lte.2025-12-11T20%3A16%3A09.775483 "HTTP/2 200 OK"
2025-12-11 20:17:08,734 - httpx - INFO - HTTP Request: GET https://utsvlihpudfraxzcmtle.supabase.co/rest/v1/scheduled_reports?select=id&is_active=eq.True&next_run_at=lte.2025-12-11T20%3A17%3A07.887666 "HTTP/2 200 OK"
2025-12-11 20:17:11,421 - httpx - INFO - HTTP Request: GET https://utsvlihpudfraxzcmtle.supabase.co/rest/v1/scheduled_reports?select=id&is_active=eq.True&next_run_at=lte.2025-12-11T20%3A17%3A10.699461 "HTTP/2 200 OK"
2025-12-11 20:18:09,457 - httpx - INFO - HTTP Request: GET https://utsvlihpudfraxzcmtle.supabase.co/rest/v1/scheduled_reports?select=id&is_active=eq.True&next_run_at=lte.2025-12-11T20%3A18%3A08.791455 "HTTP/2 200 OK"
2025-12-11 20:18:12,269 - httpx - INFO - HTTP Request: GET https://utsvlihpudfraxzcmtle.supabase.co/rest/v1/scheduled_reports?select=id&is_active=eq.True&next_run_at=lte.2025-12-11T20%3A18%3A11.487457 "HTTP/2 200 OK"
2025-12-11 20:19:09,793 - httpx - INFO - HTTP Request: GET https://utsvlihpudfraxzcmtle.supabase.co/rest/v1/scheduled_reports?select=id&is_active=eq.True&next_run_at=lte.2025-12-11T20%3A19%3A09.499429 "HTTP/2 200 OK"
2025-12-11 20:19:12,868 - httpx - INFO - HTTP Request: GET https://utsvlihpudfraxzcmtle.supabase.co/rest/v1/scheduled_reports?select=id&is_active=eq.True&next_run_at=lte.2025-12-11T20%3A19%3A12.311842 "HTTP/2 200 OK"
2025-12-11 20:20:10,495 - httpx - INFO - HTTP Request: GET https://utsvlihpudfraxzcmtle.supabase.co/rest/v1/scheduled_reports?select=id&is_active=eq.True&next_run_at=lte.2025-12-11T20%3A20%3A09.853676 "HTTP/2 200 OK"
2025-12-11 20:20:13,307 - httpx - INFO - HTTP Request: GET https://utsvlihpudfraxzcmtle.supabase.co/rest/v1/scheduled_reports?select=id&is_active=eq.True&next_run_at=lte.2025-12-11T20%3A20%3A12.925539 "HTTP/2 200 OK"
2025-12-11 20:21:10,917 - httpx - INFO - HTTP Request: GET https://utsvlihpudfraxzcmtle.supabase.co/rest/v1/scheduled_reports?select=id&is_active=eq.True&next_run_at=lte.2025-12-11T20%3A21%3A10.555697 "HTTP/2 200 OK"
2025-12-11 20:21:13,783 - httpx - INFO - HTTP Request: GET https://utsvlihpudfraxzcmtle.supabase.co/rest/v1/scheduled_reports?select=id&is_active=eq.True&next_run_at=lte.2025-12-11T20%3A21%3A13.363638 "HTTP/2 200 OK"
2025-12-11 20:22:11,655 - httpx - INFO - HTTP Request: GET https://utsvlihpudfraxzcmtle.supabase.co/rest/v1/scheduled_reports?select=id&is_active=eq.True&next_run_at=lte.2025-12-11T20%3A22%3A10.978310 "HTTP/2 200 OK"
2025-12-11 20:22:14,555 - httpx - INFO - HTTP Request: GET https://utsvlihpudfraxzcmtle.supabase.co/rest/v1/scheduled_reports?select=id&is_active=eq.True&next_run_at=lte.2025-12-11T20%3A22%3A13.843455 "HTTP/2 200 OK"
2025-12-11 20:23:12,168 - httpx - INFO - HTTP Request: GET https://utsvlihpudfraxzcmtle.supabase.co/rest/v1/scheduled_reports?select=id&is_active=eq.True&next_run_at=lte.2025-12-11T20%3A23%3A11.711409 "HTTP/2 200 OK"
2025-12-11 20:23:15,037 - httpx - INFO - HTTP Request: GET https://utsvlihpudfraxzcmtle.supabase.co/rest/v1/scheduled_reports?select=id&is_active=eq.True&next_run_at=lte.2025-12-11T20%3A23%3A14.615473 "HTTP/2 200 OK"
2025-12-11 20:24:12,860 - httpx - INFO - HTTP Request: GET https://utsvlihpudfraxzcmtle.supabase.co/rest/v1/scheduled_reports?select=id&is_active=eq.True&next_run_at=lte.2025-12-11T20%3A24%3A12.201112 "HTTP/2 200 OK"
2025-12-11 20:24:15,560 - httpx - INFO - HTTP Request: GET https://utsvlihpudfraxzcmtle.supabase.co/rest/v1/scheduled_reports?select=id&is_active=eq.True&next_run_at=lte.2025-12-11T20%3A24%3A15.095413 "HTTP/2 200 OK"
2025-12-11 20:25:13,357 - httpx - INFO - HTTP Request: GET https://utsvlihpudfraxzcmtle.supabase.co/rest/v1/scheduled_reports?select=id&is_active=eq.True&next_run_at=lte.2025-12-11T20%3A25%3A12.915408 "HTTP/2 200 OK"
2025-12-11 20:25:15,981 - httpx - INFO - HTTP Request: GET https://utsvlihpudfraxzcmtle.supabase.co/rest/v1/scheduled_reports?select=id&is_active=eq.True&next_run_at=lte.2025-12-11T20%3A25%3A15.615462 "HTTP/2 200 OK"
2025-12-11 20:26:13,946 - httpx - INFO - HTTP Request: GET https://utsvlihpudfraxzcmtle.supabase.co/rest/v1/scheduled_reports?select=id&is_active=eq.True&next_run_at=lte.2025-12-11T20%3A26%3A13.415462 "HTTP/2 200 OK"
2025-12-11 20:26:16,923 - httpx - INFO - HTTP Request: GET https://utsvlihpudfraxzcmtle.supabase.co/rest/v1/scheduled_reports?select=id&is_active=eq.True&next_run_at=lte.2025-12-11T20%3A26%3A16.039419 "HTTP/2 200 OK"
2025-12-11 20:27:14,818 - httpx - INFO - HTTP Request: GET https://utsvlihpudfraxzcmtle.supabase.co/rest/v1/scheduled_reports?select=id&is_active=eq.True&next_run_at=lte.2025-12-11T20%3A27%3A13.975414 "HTTP/2 200 OK"
2025-12-11 20:27:17,339 - httpx - INFO - HTTP Request: GET https://utsvlihpudfraxzcmtle.supabase.co/rest/v1/scheduled_reports?select=id&is_active=eq.True&next_run_at=lte.2025-12-11T20%3A27%3A16.951736 "HTTP/2 200 OK"
2025-12-11 20:28:15,599 - httpx - INFO - HTTP Request: GET https://utsvlihpudfraxzcmtle.supabase.co/rest/v1/scheduled_reports?select=id&is_active=eq.True&next_run_at=lte.2025-12-11T20%3A28%3A14.875483 "HTTP/2 200 OK"
2025-12-11 20:28:17,746 - httpx - INFO - HTTP Request: GET https://utsvlihpudfraxzcmtle.supabase.co/rest/v1/scheduled_reports?select=id&is_active=eq.True&next_run_at=lte.2025-12-11T20%3A28%3A17.415464 "HTTP/2 200 OK"
2025-12-11 20:29:16,344 - httpx - INFO - HTTP Request: GET https://utsvlihpudfraxzcmtle.supabase.co/rest/v1/scheduled_reports?select=id&is_active=eq.True&next_run_at=lte.2025-12-11T20%3A29%3A15.651535 "HTTP/2 200 OK"
2025-12-11 20:29:18,077 - httpx - INFO - HTTP Request: GET https://utsvlihpudfraxzcmtle.supabase.co/rest/v1/scheduled_reports?select=id&is_active=eq.True&next_run_at=lte.2025-12-11T20%3A29%3A17.791645 "HTTP/2 200 OK"
2025-12-11 20:30:17,037 - httpx - INFO - HTTP Request: GET https://utsvlihpudfraxzcmtle.supabase.co/rest/v1/scheduled_reports?select=id&is_active=eq.True&next_run_at=lte.2025-12-11T20%3A30%3A16.401769 "HTTP/2 200 OK"
2025-12-11 20:30:18,472 - httpx - INFO - HTTP Request: GET https://utsvlihpudfraxzcmtle.supabase.co/rest/v1/scheduled_reports?select=id&is_active=eq.True&next_run_at=lte.2025-12-11T20%3A30%3A18.135414 "HTTP/2 200 OK"
2025-12-11 20:31:17,672 - httpx - INFO - HTTP Request: GET https://utsvlihpudfraxzcmtle.supabase.co/rest/v1/scheduled_reports?select=id&is_active=eq.True&next_run_at=lte.2025-12-11T20%3A31%3A17.095469 "HTTP/2 200 OK"
2025-12-11 20:31:19,809 - httpx - INFO - HTTP Request: GET https://utsvlihpudfraxzcmtle.supabase.co/rest/v1/scheduled_reports?select=id&is_active=eq.True&next_run_at=lte.2025-12-11T20%3A31%3A18.528321 "HTTP/2 200 OK"
2025-12-11 20:32:18,243 - httpx - INFO - HTTP Request: GET https://utsvlihpudfraxzcmtle.supabase.co/rest/v1/scheduled_reports?select=id&is_active=eq.True&next_run_at=lte.2025-12-11T20%3A32%3A17.711896 "HTTP/2 200 OK"
2025-12-11 20:32:20,569 - httpx - INFO - HTTP Request: GET https://utsvlihpudfraxzcmtle.supabase.co/rest/v1/scheduled_reports?select=id&is_active=eq.True&next_run_at=lte.2025-12-11T20%3A32%3A19.867427 "HTTP/2 200 OK"
2025-12-11 20:33:18,905 - httpx - INFO - HTTP Request: GET https://utsvlihpudfraxzcmtle.supabase.co/rest/v1/scheduled_reports?select=id&is_active=eq.True&next_run_at=lte.2025-12-11T20%3A33%3A18.299456 "HTTP/2 200 OK"
2025-12-11 20:33:21,265 - httpx - INFO - HTTP Request: GET https://utsvlihpudfraxzcmtle.supabase.co/rest/v1/scheduled_reports?select=id&is_active=eq.True&next_run_at=lte.2025-12-11T20%3A33%3A20.628901 "HTTP/2 200 OK"
2025-12-11 20:34:19,528 - httpx - INFO - HTTP Request: GET https://utsvlihpudfraxzcmtle.supabase.co/rest/v1/scheduled_reports?select=id&is_active=eq.True&next_run_at=lte.2025-12-11T20%3A34%3A18.963450 "HTTP/2 200 OK"
2025-12-11 20:34:21,598 - httpx - INFO - HTTP Request: GET https://utsvlihpudfraxzcmtle.supabase.co/rest/v1/scheduled_reports?select=id&is_active=eq.True&next_run_at=lte.2025-12-11T20%3A34%3A21.325557 "HTTP/2 200 OK"
2025-12-11 20:35:20,050 - httpx - INFO - HTTP Request: GET https://utsvlihpudfraxzcmtle.supabase.co/rest/v1/scheduled_reports?select=id&is_active=eq.True&next_run_at=lte.2025-12-11T20%3A35%3A19.587451 "HTTP/2 200 OK"
2025-12-11 20:35:23,214 - httpx - INFO - HTTP Request: GET https://utsvlihpudfraxzcmtle.supabase.co/rest/v1/scheduled_reports?select=id&is_active=eq.True&next_run_at=lte.2025-12-11T20%3A35%3A21.660304 "HTTP/2 200 OK"
2025-12-11 20:36:21,119 - httpx - INFO - HTTP Request: GET https://utsvlihpudfraxzcmtle.supabase.co/rest/v1/scheduled_reports?select=id&is_active=eq.True&next_run_at=lte.2025-12-11T20%3A36%3A20.107467 "HTTP/2 200 OK"
2025-12-11 20:36:23,926 - httpx - INFO - HTTP Request: GET https://utsvlihpudfraxzcmtle.supabase.co/rest/v1/scheduled_reports?select=id&is_active=eq.True&next_run_at=lte.2025-12-11T20%3A36%3A23.271454 "HTTP/2 200 OK"
2025-12-11 20:37:21,503 - httpx - INFO - HTTP Request: GET https://utsvlihpudfraxzcmtle.supabase.co/rest/v1/scheduled_reports?select=id&is_active=eq.True&next_run_at=lte.2025-12-11T20%3A37%3A21.179463 "HTTP/2 200 OK"
2025-12-11 20:37:24,267 - httpx - INFO - HTTP Request: GET https://utsvlihpudfraxzcmtle.supabase.co/rest/v1/scheduled_reports?select=id&is_active=eq.True&next_run_at=lte.2025-12-11T20%3A37%3A23.987463 "HTTP/2 200 OK"
2025-12-11 20:38:22,129 - httpx - INFO - HTTP Request: GET https://utsvlihpudfraxzcmtle.supabase.co/rest/v1/scheduled_reports?select=id&is_active=eq.True&next_run_at=lte.2025-12-11T20%3A38%3A21.563452 "HTTP/2 200 OK"
2025-12-11 20:38:24,995 - httpx - INFO - HTTP Request: GET https://utsvlihpudfraxzcmtle.supabase.co/rest/v1/scheduled_reports?select=id&is_active=eq.True&next_run_at=lte.2025-12-11T20%3A38%3A24.321262 "HTTP/2 200 OK"
2025-12-11 20:39:22,651 - httpx - INFO - HTTP Request: GET https://utsvlihpudfraxzcmtle.supabase.co/rest/v1/scheduled_reports?select=id&is_active=eq.True&next_run_at=lte.2025-12-11T20%3A39%3A22.188019 "HTTP/2 200 OK"
2025-12-11 20:39:25,625 - httpx - INFO - HTTP Request: GET https://utsvlihpudfraxzcmtle.supabase.co/rest/v1/scheduled_reports?select=id&is_active=eq.True&next_run_at=lte.2025-12-11T20%3A39%3A25.051465 "HTTP/2 200 OK"
2025-12-11 20:40:23,527 - httpx - INFO - HTTP Request: GET https://utsvlihpudfraxzcmtle.supabase.co/rest/v1/scheduled_reports?select=id&is_active=eq.True&next_run_at=lte.2025-12-11T20%3A40%3A22.678675 "HTTP/2 200 OK"
2025-12-11 20:40:26,856 - httpx - INFO - HTTP Request: GET https://utsvlihpudfraxzcmtle.supabase.co/rest/v1/scheduled_reports?select=id&is_active=eq.True&next_run_at=lte.2025-12-11T20%3A40%3A25.684052 "HTTP/2 200 OK"
2025-12-11 20:41:24,105 - httpx - INFO - HTTP Request: GET https://utsvlihpudfraxzcmtle.supabase.co/rest/v1/scheduled_reports?select=id&is_active=eq.True&next_run_at=lte.2025-12-11T20%3A41%3A23.587408 "HTTP/2 200 OK"
2025-12-11 20:41:27,792 - httpx - INFO - HTTP Request: GET https://utsvlihpudfraxzcmtle.supabase.co/rest/v1/scheduled_reports?select=id&is_active=eq.True&next_run_at=lte.2025-12-11T20%3A41%3A26.918151 "HTTP/2 200 OK"
2025-12-11 20:42:25,063 - httpx - INFO - HTTP Request: GET https://utsvlihpudfraxzcmtle.supabase.co/rest/v1/scheduled_reports?select=id&is_active=eq.True&next_run_at=lte.2025-12-11T20%3A42%3A24.165531 "HTTP/2 200 OK"
2025-12-11 20:42:28,537 - httpx - INFO - HTTP Request: GET https://utsvlihpudfraxzcmtle.supabase.co/rest/v1/scheduled_reports?select=id&is_active=eq.True&next_run_at=lte.2025-12-11T20%3A42%3A27.851455 "HTTP/2 200 OK"
2025-12-11 20:43:25,972 - httpx - INFO - HTTP Request: GET https://utsvlihpudfraxzcmtle.supabase.co/rest/v1/scheduled_reports?select=id&is_active=eq.True&next_run_at=lte.2025-12-11T20%3A43%3A25.123474 "HTTP/2 200 OK"
2025-12-11 20:43:28,940 - httpx - INFO - HTTP Request: GET https://utsvlihpudfraxzcmtle.supabase.co/rest/v1/scheduled_reports?select=id&is_active=eq.True&next_run_at=lte.2025-12-11T20%3A43%3A28.599472 "HTTP/2 200 OK"
2025-12-11 20:44:26,385 - httpx - INFO - HTTP Request: GET https://utsvlihpudfraxzcmtle.supabase.co/rest/v1/scheduled_reports?select=id&is_active=eq.True&next_run_at=lte.2025-12-11T20%3A44%3A26.033498 "HTTP/2 200 OK"
2025-12-11 20:44:29,811 - httpx - INFO - HTTP Request: GET https://utsvlihpudfraxzcmtle.supabase.co/rest/v1/scheduled_reports?select=id&is_active=eq.True&next_run_at=lte.2025-12-11T20%3A44%3A29.000950 "HTTP/2 200 OK"
2025-12-11 20:45:26,993 - httpx - INFO - HTTP Request: GET https://utsvlihpudfraxzcmtle.supabase.co/rest/v1/scheduled_reports?select=id&is_active=eq.True&next_run_at=lte.2025-12-11T20%3A45%3A26.435842 "HTTP/2 200 OK"
2025-12-11 20:45:30,650 - httpx - INFO - HTTP Request: GET https://utsvlihpudfraxzcmtle.supabase.co/rest/v1/scheduled_reports?select=id&is_active=eq.True&next_run_at=lte.2025-12-11T20%3A45%3A29.870028 "HTTP/2 200 OK"
2025-12-11 20:46:28,530 - httpx - INFO - HTTP Request: GET https://utsvlihpudfraxzcmtle.supabase.co/rest/v1/scheduled_reports?select=id&is_active=eq.True&next_run_at=lte.2025-12-11T20%3A46%3A27.051482 "HTTP/2 200 OK"
2025-12-11 20:46:31,420 - httpx - INFO - HTTP Request: GET https://utsvlihpudfraxzcmtle.supabase.co/rest/v1/scheduled_reports?select=id&is_active=eq.True&next_run_at=lte.2025-12-11T20%3A46%3A30.707454 "HTTP/2 200 OK"
2025-12-11 20:47:29,555 - httpx - INFO - HTTP Request: GET https://utsvlihpudfraxzcmtle.supabase.co/rest/v1/scheduled_reports?select=id&is_active=eq.True&next_run_at=lte.2025-12-11T20%3A47%3A28.591449 "HTTP/2 200 OK"
2025-12-11 20:47:32,012 - httpx - INFO - HTTP Request: GET https://utsvlihpudfraxzcmtle.supabase.co/rest/v1/scheduled_reports?select=id&is_active=eq.True&next_run_at=lte.2025-12-11T20%3A47%3A31.481523 "HTTP/2 200 OK"
2025-12-11 20:48:29,968 - httpx - INFO - HTTP Request: GET https://utsvlihpudfraxzcmtle.supabase.co/rest/v1/scheduled_reports?select=id&is_active=eq.True&next_run_at=lte.2025-12-11T20%3A48%3A29.611801 "HTTP/2 200 OK"
2025-12-11 20:48:32,938 - httpx - INFO - HTTP Request: GET https://utsvlihpudfraxzcmtle.supabase.co/rest/v1/scheduled_reports?select=id&is_active=eq.True&next_run_at=lte.2025-12-11T20%3A48%3A32.073033 "HTTP/2 200 OK"
2025-12-11 20:49:30,587 - httpx - INFO - HTTP Request: GET https://utsvlihpudfraxzcmtle.supabase.co/rest/v1/scheduled_reports?select=id&is_active=eq.True&next_run_at=lte.2025-12-11T20%3A49%3A30.029468 "HTTP/2 200 OK"
2025-12-11 20:49:33,864 - httpx - INFO - HTTP Request: GET https://utsvlihpudfraxzcmtle.supabase.co/rest/v1/scheduled_reports?select=id&is_active=eq.True&next_run_at=lte.2025-12-11T20%3A49%3A32.998433 "HTTP/2 200 OK"
2025-12-11 20:50:31,624 - httpx - INFO - HTTP Request: GET https://utsvlihpudfraxzcmtle.supabase.co/rest/v1/scheduled_reports?select=id&is_active=eq.True&next_run_at=lte.2025-12-11T20%3A50%3A30.647455 "HTTP/2 200 OK"
2025-12-11 20:50:34,217 - httpx - INFO - HTTP Request: GET https://utsvlihpudfraxzcmtle.supabase.co/rest/v1/scheduled_reports?select=id&is_active=eq.True&next_run_at=lte.2025-12-11T20%3A50%3A33.924359 "HTTP/2 200 OK"
2025-12-11 20:51:32,238 - httpx - INFO - HTTP Request: GET https://utsvlihpudfraxzcmtle.supabase.co/rest/v1/scheduled_reports?select=id&is_active=eq.True&next_run_at=lte.2025-12-11T20%3A51%3A31.679459 "HTTP/2 200 OK"
2025-12-11 20:51:34,592 - httpx - INFO - HTTP Request: GET https://utsvlihpudfraxzcmtle.supabase.co/rest/v1/scheduled_reports?select=id&is_active=eq.True&next_run_at=lte.2025-12-11T20%3A51%3A34.275404 "HTTP/2 200 OK"
2025-12-11 20:52:33,207 - httpx - INFO - HTTP Request: GET https://utsvlihpudfraxzcmtle.supabase.co/rest/v1/scheduled_reports?select=id&is_active=eq.True&next_run_at=lte.2025-12-11T20%3A52%3A32.297561 "HTTP/2 200 OK"
2025-12-11 20:52:35,445 - httpx - INFO - HTTP Request: GET https://utsvlihpudfraxzcmtle.supabase.co/rest/v1/scheduled_reports?select=id&is_active=eq.True&next_run_at=lte.2025-12-11T20%3A52%3A34.653881 "HTTP/2 200 OK"
2025-12-11 20:53:33,790 - httpx - INFO - HTTP Request: GET https://utsvlihpudfraxzcmtle.supabase.co/rest/v1/scheduled_reports?select=id&is_active=eq.True&next_run_at=lte.2025-12-11T20%3A53%3A33.261888 "HTTP/2 200 OK"
2025-12-11 20:53:35,835 - httpx - INFO - HTTP Request: GET https://utsvlihpudfraxzcmtle.supabase.co/rest/v1/scheduled_reports?select=id&is_active=eq.True&next_run_at=lte.2025-12-11T20%3A53%3A35.503457 "HTTP/2 200 OK"
2025-12-11 20:54:34,206 - httpx - INFO - HTTP Request: GET https://utsvlihpudfraxzcmtle.supabase.co/rest/v1/scheduled_reports?select=id&is_active=eq.True&next_run_at=lte.2025-12-11T20%3A54%3A33.831470 "HTTP/2 200 OK"
2025-12-11 20:54:36,779 - httpx - INFO - HTTP Request: GET https://utsvlihpudfraxzcmtle.supabase.co/rest/v1/scheduled_reports?select=id&is_active=eq.True&next_run_at=lte.2025-12-11T20%3A54%3A35.900442 "HTTP/2 200 OK"
2025-12-11 20:55:35,345 - httpx - INFO - HTTP Request: GET https://utsvlihpudfraxzcmtle.supabase.co/rest/v1/scheduled_reports?select=id&is_active=eq.True&next_run_at=lte.2025-12-11T20%3A55%3A34.275464 "HTTP/2 200 OK"
2025-12-11 20:55:37,389 - httpx - INFO - HTTP Request: GET https://utsvlihpudfraxzcmtle.supabase.co/rest/v1/scheduled_reports?select=id&is_active=eq.True&next_run_at=lte.2025-12-11T20%3A55%3A36.835493 "HTTP/2 200 OK"
2025-12-11 20:56:36,372 - httpx - INFO - HTTP Request: GET https://utsvlihpudfraxzcmtle.supabase.co/rest/v1/scheduled_reports?select=id&is_active=eq.True&next_run_at=lte.2025-12-11T20%3A56%3A35.379455 "HTTP/2 200 OK"
2025-12-11 20:56:38,237 - httpx - INFO - HTTP Request: GET https://utsvlihpudfraxzcmtle.supabase.co/rest/v1/scheduled_reports?select=id&is_active=eq.True&next_run_at=lte.2025-12-11T20%3A56%3A37.447462 "HTTP/2 200 OK"
2025-12-11 20:57:36,741 - httpx - INFO - HTTP Request: GET https://utsvlihpudfraxzcmtle.supabase.co/rest/v1/scheduled_reports?select=id&is_active=eq.True&next_run_at=lte.2025-12-11T20%3A57%3A36.431920 "HTTP/2 200 OK"
2025-12-11 20:57:39,133 - httpx - INFO - HTTP Request: GET https://utsvlihpudfraxzcmtle.supabase.co/rest/v1/scheduled_reports?select=id&is_active=eq.True&next_run_at=lte.2025-12-11T20%3A57%3A38.295456 "HTTP/2 200 OK"
2025-12-11 20:58:37,419 - httpx - INFO - HTTP Request: GET https://utsvlihpudfraxzcmtle.supabase.co/rest/v1/scheduled_reports?select=id&is_active=eq.True&next_run_at=lte.2025-12-11T20%3A58%3A36.778983 "HTTP/2 200 OK"
2025-12-11 20:58:40,696 - httpx - INFO - HTTP Request: GET https://utsvlihpudfraxzcmtle.supabase.co/rest/v1/scheduled_reports?select=id&is_active=eq.True&next_run_at=lte.2025-12-11T20%3A58%3A39.179211 "HTTP/2 200 OK"
2025-12-11 20:59:38,455 - httpx - INFO - HTTP Request: GET https://utsvlihpudfraxzcmtle.supabase.co/rest/v1/scheduled_reports?select=id&is_active=eq.True&next_run_at=lte.2025-12-11T20%3A59%3A37.479415 "HTTP/2 200 OK"
2025-12-11 20:59:41,514 - httpx - INFO - HTTP Request: GET https://utsvlihpudfraxzcmtle.supabase.co/rest/v1/scheduled_reports?select=id&is_active=eq.True&next_run_at=lte.2025-12-11T20%3A59%3A40.755487 "HTTP/2 200 OK"
2025-12-11 21:00:39,025 - httpx - INFO - HTTP Request: GET https://utsvlihpudfraxzcmtle.supabase.co/rest/v1/scheduled_reports?select=id&is_active=eq.True&next_run_at=lte.2025-12-11T21%3A00%3A38.498555 "HTTP/2 200 OK"
2025-12-11 21:00:41,837 - httpx - INFO - HTTP Request: GET https://utsvlihpudfraxzcmtle.supabase.co/rest/v1/scheduled_reports?select=id&is_active=eq.True&next_run_at=lte.2025-12-11T21%3A00%3A41.574161 "HTTP/2 200 OK"
2025-12-11 21:01:39,486 - httpx - INFO - HTTP Request: GET https://utsvlihpudfraxzcmtle.supabase.co/rest/v1/scheduled_reports?select=id&is_active=eq.True&next_run_at=lte.2025-12-11T21%3A01%3A39.083469 "HTTP/2 200 OK"
2025-12-11 21:01:42,861 - httpx - INFO - HTTP Request: GET https://utsvlihpudfraxzcmtle.supabase.co/rest/v1/scheduled_reports?select=id&is_active=eq.True&next_run_at=lte.2025-12-11T21%3A01%3A41.895473 "HTTP/2 200 OK"
2025-12-11 21:02:40,205 - httpx - INFO - HTTP Request: GET https://utsvlihpudfraxzcmtle.supabase.co/rest/v1/scheduled_reports?select=id&is_active=eq.True&next_run_at=lte.2025-12-11T21%3A02%3A39.543452 "HTTP/2 200 OK"
2025-12-11 21:02:43,280 - httpx - INFO - HTTP Request: GET https://utsvlihpudfraxzcmtle.supabase.co/rest/v1/scheduled_reports?select=id&is_active=eq.True&next_run_at=lte.2025-12-11T21%3A02%3A42.901789 "HTTP/2 200 OK"
2025-12-11 21:03:41,628 - httpx - INFO - HTTP Request: GET https://utsvlihpudfraxzcmtle.supabase.co/rest/v1/scheduled_reports?select=id&is_active=eq.True&next_run_at=lte.2025-12-11T21%3A03%3A40.263450 "HTTP/2 200 OK"
2025-12-11 21:03:44,322 - httpx - INFO - HTTP Request: GET https://utsvlihpudfraxzcmtle.supabase.co/rest/v1/scheduled_reports?select=id&is_active=eq.True&next_run_at=lte.2025-12-11T21%3A03%3A43.339460 "HTTP/2 200 OK"
2025-12-11 21:04:42,353 - httpx - INFO - HTTP Request: GET https://utsvlihpudfraxzcmtle.supabase.co/rest/v1/scheduled_reports?select=id&is_active=eq.True&next_run_at=lte.2025-12-11T21%3A04%3A41.683405 "HTTP/2 200 OK"
2025-12-11 21:04:46,792 - httpx - INFO - HTTP Request: GET https://utsvlihpudfraxzcmtle.supabase.co/rest/v1/scheduled_reports?select=id&is_active=eq.True&next_run_at=lte.2025-12-11T21%3A04%3A44.379413 "HTTP/2 200 OK"
2025-12-11 21:05:43,161 - httpx - INFO - HTTP Request: GET https://utsvlihpudfraxzcmtle.supabase.co/rest/v1/scheduled_reports?select=id&is_active=eq.True&next_run_at=lte.2025-12-11T21%3A05%3A42.411491 "HTTP/2 200 OK"
2025-12-11 21:05:47,359 - httpx - INFO - HTTP Request: GET https://utsvlihpudfraxzcmtle.supabase.co/rest/v1/scheduled_reports?select=id&is_active=eq.True&next_run_at=lte.2025-12-11T21%3A05%3A46.851450 "HTTP/2 200 OK"
2025-12-11 21:06:43,575 - httpx - INFO - HTTP Request: GET https://utsvlihpudfraxzcmtle.supabase.co/rest/v1/scheduled_reports?select=id&is_active=eq.True&next_run_at=lte.2025-12-11T21%3A06%3A43.219459 "HTTP/2 200 OK"
2025-12-11 21:06:47,656 - httpx - INFO - HTTP Request: GET https://utsvlihpudfraxzcmtle.supabase.co/rest/v1/scheduled_reports?select=id&is_active=eq.True&next_run_at=lte.2025-12-11T21%3A06%3A47.400896 "HTTP/2 200 OK"
2025-12-11 21:07:44,708 - httpx - INFO - HTTP Request: GET https://utsvlihpudfraxzcmtle.supabase.co/rest/v1/scheduled_reports?select=id&is_active=eq.True&next_run_at=lte.2025-12-11T21%3A07%3A43.635465 "HTTP/2 200 OK"
2025-12-11 21:07:48,511 - httpx - INFO - HTTP Request: GET https://utsvlihpudfraxzcmtle.supabase.co/rest/v1/scheduled_reports?select=id&is_active=eq.True&next_run_at=lte.2025-12-11T21%3A07%3A47.715454 "HTTP/2 200 OK"
2025-12-11 21:08:45,487 - httpx - INFO - HTTP Request: GET https://utsvlihpudfraxzcmtle.supabase.co/rest/v1/scheduled_reports?select=id&is_active=eq.True&next_run_at=lte.2025-12-11T21%3A08%3A44.767428 "HTTP/2 200 OK"
2025-12-11 21:08:49,429 - httpx - INFO - HTTP Request: GET https://utsvlihpudfraxzcmtle.supabase.co/rest/v1/scheduled_reports?select=id&is_active=eq.True&next_run_at=lte.2025-12-11T21%3A08%3A48.570541 "HTTP/2 200 OK"
2025-12-11 21:09:47,642 - httpx - INFO - HTTP Request: GET https://utsvlihpudfraxzcmtle.supabase.co/rest/v1/scheduled_reports?select=id&is_active=eq.True&next_run_at=lte.2025-12-11T21%3A09%3A45.547430 "HTTP/2 200 OK"
2025-12-11 21:09:50,351 - httpx - INFO - HTTP Request: GET https://utsvlihpudfraxzcmtle.supabase.co/rest/v1/scheduled_reports?select=id&is_active=eq.True&next_run_at=lte.2025-12-11T21%3A09%3A49.488882 "HTTP/2 200 OK"
2025-12-11 21:10:48,311 - httpx - INFO - HTTP Request: GET https://utsvlihpudfraxzcmtle.supabase.co/rest/v1/scheduled_reports?select=id&is_active=eq.True&next_run_at=lte.2025-12-11T21%3A10%3A47.699449 "HTTP/2 200 OK"
2025-12-11 21:10:50,714 - httpx - INFO - HTTP Request: GET https://utsvlihpudfraxzcmtle.supabase.co/rest/v1/scheduled_reports?select=id&is_active=eq.True&next_run_at=lte.2025-12-11T21%3A10%3A50.413416 "HTTP/2 200 OK"
2025-12-11 21:11:48,821 - httpx - INFO - HTTP Request: GET https://utsvlihpudfraxzcmtle.supabase.co/rest/v1/scheduled_reports?select=id&is_active=eq.True&next_run_at=lte.2025-12-11T21%3A11%3A48.371461 "HTTP/2 200 OK"
2025-12-11 21:11:51,177 - httpx - INFO - HTTP Request: GET https://utsvlihpudfraxzcmtle.supabase.co/rest/v1/scheduled_reports?select=id&is_active=eq.True&next_run_at=lte.2025-12-11T21%3A11%3A50.774676 "HTTP/2 200 OK"
2025-12-11 21:12:49,899 - httpx - INFO - HTTP Request: GET https://utsvlihpudfraxzcmtle.supabase.co/rest/v1/scheduled_reports?select=id&is_active=eq.True&next_run_at=lte.2025-12-11T21%3A12%3A48.881541 "HTTP/2 200 OK"
2025-12-11 21:12:51,802 - httpx - INFO - HTTP Request: GET https://utsvlihpudfraxzcmtle.supabase.co/rest/v1/scheduled_reports?select=id&is_active=eq.True&next_run_at=lte.2025-12-11T21%3A12%3A51.235443 "HTTP/2 200 OK"
2025-12-11 21:13:50,868 - httpx - INFO - HTTP Request: GET https://utsvlihpudfraxzcmtle.supabase.co/rest/v1/scheduled_reports?select=id&is_active=eq.True&next_run_at=lte.2025-12-11T21%3A13%3A49.955458 "HTTP/2 200 OK"
2025-12-11 21:13:52,252 - httpx - INFO - HTTP Request: GET https://utsvlihpudfraxzcmtle.supabase.co/rest/v1/scheduled_reports?select=id&is_active=eq.True&next_run_at=lte.2025-12-11T21%3A13%3A51.859419 "HTTP/2 200 OK"
2025-12-11 21:14:51,913 - httpx - INFO - HTTP Request: GET https://utsvlihpudfraxzcmtle.supabase.co/rest/v1/scheduled_reports?select=id&is_active=eq.True&next_run_at=lte.2025-12-11T21%3A14%3A50.919448 "HTTP/2 200 OK"
2025-12-11 21:14:53,248 - httpx - INFO - HTTP Request: GET https://utsvlihpudfraxzcmtle.supabase.co/rest/v1/scheduled_reports?select=id&is_active=eq.True&next_run_at=lte.2025-12-11T21%3A14%3A52.311996 "HTTP/2 200 OK"
2025-12-11 21:15:52,887 - httpx - INFO - HTTP Request: GET https://utsvlihpudfraxzcmtle.supabase.co/rest/v1/scheduled_reports?select=id&is_active=eq.True&next_run_at=lte.2025-12-11T21%3A15%3A51.973470 "HTTP/2 200 OK"
2025-12-11 21:15:54,150 - httpx - INFO - HTTP Request: GET https://utsvlihpudfraxzcmtle.supabase.co/rest/v1/scheduled_reports?select=id&is_active=eq.True&next_run_at=lte.2025-12-11T21%3A15%3A53.301238 "HTTP/2 200 OK"
2025-12-11 21:16:53,540 - httpx - INFO - HTTP Request: GET https://utsvlihpudfraxzcmtle.supabase.co/rest/v1/scheduled_reports?select=id&is_active=eq.True&next_run_at=lte.2025-12-11T21%3A16%3A52.947457 "HTTP/2 200 OK"
2025-12-11 21:16:55,754 - httpx - INFO - HTTP Request: GET https://utsvlihpudfraxzcmtle.supabase.co/rest/v1/scheduled_reports?select=id&is_active=eq.True&next_run_at=lte.2025-12-11T21%3A16%3A54.207442 "HTTP/2 200 OK"
2025-12-11 21:17:54,465 - httpx - INFO - HTTP Request: GET https://utsvlihpudfraxzcmtle.supabase.co/rest/v1/scheduled_reports?select=id&is_active=eq.True&next_run_at=lte.2025-12-11T21%3A17%3A53.595461 "HTTP/2 200 OK"
2025-12-11 21:17:56,653 - httpx - INFO - HTTP Request: GET https://utsvlihpudfraxzcmtle.supabase.co/rest/v1/scheduled_reports?select=id&is_active=eq.True&next_run_at=lte.2025-12-11T21%3A17%3A55.811554 "HTTP/2 200 OK"
2025-12-11 21:18:55,218 - httpx - INFO - HTTP Request: GET https://utsvlihpudfraxzcmtle.supabase.co/rest/v1/scheduled_reports?select=id&is_active=eq.True&next_run_at=lte.2025-12-11T21%3A18%3A54.535462 "HTTP/2 200 OK"
2025-12-11 21:18:56,969 - httpx - INFO - HTTP Request: GET https://utsvlihpudfraxzcmtle.supabase.co/rest/v1/scheduled_reports?select=id&is_active=eq.True&next_run_at=lte.2025-12-11T21%3A18%3A56.711406 "HTTP/2 200 OK"
2025-12-11 21:19:55,635 - httpx - INFO - HTTP Request: GET https://utsvlihpudfraxzcmtle.supabase.co/rest/v1/scheduled_reports?select=id&is_active=eq.True&next_run_at=lte.2025-12-11T21%3A19%3A55.275459 "HTTP/2 200 OK"
2025-12-11 21:19:57,375 - httpx - INFO - HTTP Request: GET https://utsvlihpudfraxzcmtle.supabase.co/rest/v1/scheduled_reports?select=id&is_active=eq.True&next_run_at=lte.2025-12-11T21%3A19%3A57.028518 "HTTP/2 200 OK"
2025-12-11 21:20:56,354 - httpx - INFO - HTTP Request: GET https://utsvlihpudfraxzcmtle.supabase.co/rest/v1/scheduled_reports?select=id&is_active=eq.True&next_run_at=lte.2025-12-11T21%3A20%3A55.695450 "HTTP/2 200 OK"
2025-12-11 21:20:57,669 - httpx - INFO - HTTP Request: GET https://utsvlihpudfraxzcmtle.supabase.co/rest/v1/scheduled_reports?select=id&is_active=eq.True&next_run_at=lte.2025-12-11T21%3A20%3A57.431457 "HTTP/2 200 OK"
2025-12-11 21:21:56,777 - httpx - INFO - HTTP Request: GET https://utsvlihpudfraxzcmtle.supabase.co/rest/v1/scheduled_reports?select=id&is_active=eq.True&next_run_at=lte.2025-12-11T21%3A21%3A56.411454 "HTTP/2 200 OK"
2025-12-11 21:21:58,000 - httpx - INFO - HTTP Request: GET https://utsvlihpudfraxzcmtle.supabase.co/rest/v1/scheduled_reports?select=id&is_active=eq.True&next_run_at=lte.2025-12-11T21%3A21%3A57.729125 "HTTP/2 200 OK"
2025-12-11 21:22:58,545 - httpx - INFO - HTTP Request: GET https://utsvlihpudfraxzcmtle.supabase.co/rest/v1/scheduled_reports?select=id&is_active=eq.True&next_run_at=lte.2025-12-11T21%3A22%3A56.835464 "HTTP/2 200 OK"
2025-12-11 21:22:58,609 - httpx - INFO - HTTP Request: GET https://utsvlihpudfraxzcmtle.supabase.co/rest/v1/scheduled_reports?select=id&is_active=eq.True&next_run_at=lte.2025-12-11T21%3A22%3A58.058206 "HTTP/2 200 OK"
2025-12-11 21:23:58,936 - httpx - INFO - HTTP Request: GET https://utsvlihpudfraxzcmtle.supabase.co/rest/v1/scheduled_reports?select=id&is_active=eq.True&next_run_at=lte.2025-12-11T21%3A23%3A58.603449 "HTTP/2 200 OK"
2025-12-11 21:23:59,346 - httpx - INFO - HTTP Request: GET https://utsvlihpudfraxzcmtle.supabase.co/rest/v1/scheduled_reports?select=id&is_active=eq.True&next_run_at=lte.2025-12-11T21%3A23%3A58.667465 "HTTP/2 200 OK"
2025-12-11 21:24:59,974 - httpx - INFO - HTTP Request: GET https://utsvlihpudfraxzcmtle.supabase.co/rest/v1/scheduled_reports?select=id&is_active=eq.True&next_run_at=lte.2025-12-11T21%3A24%3A58.995475 "HTTP/2 200 OK"
2025-12-11 21:25:00,194 - httpx - INFO - HTTP Request: GET https://utsvlihpudfraxzcmtle.supabase.co/rest/v1/scheduled_reports?select=id&is_active=eq.True&next_run_at=lte.2025-12-11T21%3A24%3A59.394562 "HTTP/2 200 OK"
2025-12-11 21:26:00,586 - httpx - INFO - HTTP Request: GET https://utsvlihpudfraxzcmtle.supabase.co/rest/v1/scheduled_reports?select=id&is_active=eq.True&next_run_at=lte.2025-12-11T21%3A26%3A00.031436 "HTTP/2 200 OK"
2025-12-11 21:26:01,029 - httpx - INFO - HTTP Request: GET https://utsvlihpudfraxzcmtle.supabase.co/rest/v1/scheduled_reports?select=id&is_active=eq.True&next_run_at=lte.2025-12-11T21%3A26%3A00.251445 "HTTP/2 200 OK"
2025-12-11 21:27:01,096 - httpx - INFO - HTTP Request: GET https://utsvlihpudfraxzcmtle.supabase.co/rest/v1/scheduled_reports?select=id&is_active=eq.True&next_run_at=lte.2025-12-11T21%3A27%3A00.643474 "HTTP/2 200 OK"
2025-12-11 21:27:01,924 - httpx - INFO - HTTP Request: GET https://utsvlihpudfraxzcmtle.supabase.co/rest/v1/scheduled_reports?select=id&is_active=eq.True&next_run_at=lte.2025-12-11T21%3A27%3A01.088934 "HTTP/2 200 OK"
2025-12-11 21:28:02,278 - httpx - INFO - HTTP Request: GET https://utsvlihpudfraxzcmtle.supabase.co/rest/v1/scheduled_reports?select=id&is_active=eq.True&next_run_at=lte.2025-12-11T21%3A28%3A01.963462 "HTTP/2 200 OK"
2025-12-11 21:28:02,676 - httpx - INFO - HTTP Request: GET https://utsvlihpudfraxzcmtle.supabase.co/rest/v1/scheduled_reports?select=id&is_active=eq.True&next_run_at=lte.2025-12-11T21%3A28%3A01.151413 "HTTP/2 200 OK"
2025-12-11 21:29:03,171 - httpx - INFO - HTTP Request: GET https://utsvlihpudfraxzcmtle.supabase.co/rest/v1/scheduled_reports?select=id&is_active=eq.True&next_run_at=lte.2025-12-11T21%3A29%3A02.327380 "HTTP/2 200 OK"
2025-12-11 21:29:03,255 - httpx - INFO - HTTP Request: GET https://utsvlihpudfraxzcmtle.supabase.co/rest/v1/scheduled_reports?select=id&is_active=eq.True&next_run_at=lte.2025-12-11T21%3A29%3A02.751451 "HTTP/2 200 OK"
2025-12-11 21:30:04,223 - httpx - INFO - HTTP Request: GET https://utsvlihpudfraxzcmtle.supabase.co/rest/v1/scheduled_reports?select=id&is_active=eq.True&next_run_at=lte.2025-12-11T21%3A30%3A03.221235 "HTTP/2 200 OK"
2025-12-11 21:30:04,811 - httpx - INFO - HTTP Request: GET https://utsvlihpudfraxzcmtle.supabase.co/rest/v1/scheduled_reports?select=id&is_active=eq.True&next_run_at=lte.2025-12-11T21%3A30%3A03.315405 "HTTP/2 200 OK"
2025-12-11 21:31:04,856 - httpx - INFO - HTTP Request: GET https://utsvlihpudfraxzcmtle.supabase.co/rest/v1/scheduled_reports?select=id&is_active=eq.True&next_run_at=lte.2025-12-11T21%3A31%3A04.283452 "HTTP/2 200 OK"
2025-12-11 21:31:05,123 - httpx - INFO - HTTP Request: GET https://utsvlihpudfraxzcmtle.supabase.co/rest/v1/scheduled_reports?select=id&is_active=eq.True&next_run_at=lte.2025-12-11T21%3A31%3A04.851336 "HTTP/2 200 OK"
2025-12-11 21:32:05,733 - httpx - INFO - HTTP Request: GET https://utsvlihpudfraxzcmtle.supabase.co/rest/v1/scheduled_reports?select=id&is_active=eq.True&next_run_at=lte.2025-12-11T21%3A32%3A04.911421 "HTTP/2 200 OK"
2025-12-11 21:32:05,882 - httpx - INFO - HTTP Request: GET https://utsvlihpudfraxzcmtle.supabase.co/rest/v1/scheduled_reports?select=id&is_active=eq.True&next_run_at=lte.2025-12-11T21%3A32%3A05.180045 "HTTP/2 200 OK"
2025-12-11 21:33:06,425 - httpx - INFO - HTTP Request: GET https://utsvlihpudfraxzcmtle.supabase.co/rest/v1/scheduled_reports?select=id&is_active=eq.True&next_run_at=lte.2025-12-11T21%3A33%3A05.793536 "HTTP/2 200 OK"
2025-12-11 21:33:06,604 - httpx - INFO - HTTP Request: GET https://utsvlihpudfraxzcmtle.supabase.co/rest/v1/scheduled_reports?select=id&is_active=eq.True&next_run_at=lte.2025-12-11T21%3A33%3A05.939454 "HTTP/2 200 OK"
2025-12-11 21:34:07,071 - httpx - INFO - HTTP Request: GET https://utsvlihpudfraxzcmtle.supabase.co/rest/v1/scheduled_reports?select=id&is_active=eq.True&next_run_at=lte.2025-12-11T21%3A34%3A06.483772 "HTTP/2 200 OK"
2025-12-11 21:34:07,111 - httpx - INFO - HTTP Request: GET https://utsvlihpudfraxzcmtle.supabase.co/rest/v1/scheduled_reports?select=id&is_active=eq.True&next_run_at=lte.2025-12-11T21%3A34%3A06.639298 "HTTP/2 200 OK"
2025-12-11 21:35:07,516 - httpx - INFO - HTTP Request: GET https://utsvlihpudfraxzcmtle.supabase.co/rest/v1/scheduled_reports?select=id&is_active=eq.True&next_run_at=lte.2025-12-11T21%3A35%3A07.167461 "HTTP/2 200 OK"
2025-12-11 21:35:08,673 - httpx - INFO - HTTP Request: GET https://utsvlihpudfraxzcmtle.supabase.co/rest/v1/scheduled_reports?select=id&is_active=eq.True&next_run_at=lte.2025-12-11T21%3A35%3A07.119507 "HTTP/2 200 OK"
2025-12-11 21:36:08,459 - httpx - INFO - HTTP Request: GET https://utsvlihpudfraxzcmtle.supabase.co/rest/v1/scheduled_reports?select=id&is_active=eq.True&next_run_at=lte.2025-12-11T21%3A36%3A07.555496 "HTTP/2 200 OK"
2025-12-11 21:36:09,673 - httpx - INFO - HTTP Request: GET https://utsvlihpudfraxzcmtle.supabase.co/rest/v1/scheduled_reports?select=id&is_active=eq.True&next_run_at=lte.2025-12-11T21%3A36%3A08.722400 "HTTP/2 200 OK"
2025-12-11 21:37:08,851 - httpx - INFO - HTTP Request: GET https://utsvlihpudfraxzcmtle.supabase.co/rest/v1/scheduled_reports?select=id&is_active=eq.True&next_run_at=lte.2025-12-11T21%3A37%3A08.515452 "HTTP/2 200 OK"
2025-12-11 21:37:10,342 - httpx - INFO - HTTP Request: GET https://utsvlihpudfraxzcmtle.supabase.co/rest/v1/scheduled_reports?select=id&is_active=eq.True&next_run_at=lte.2025-12-11T21%3A37%3A09.731449 "HTTP/2 200 OK"
2025-12-11 21:38:09,883 - httpx - INFO - HTTP Request: GET https://utsvlihpudfraxzcmtle.supabase.co/rest/v1/scheduled_reports?select=id&is_active=eq.True&next_run_at=lte.2025-12-11T21%3A38%3A08.907469 "HTTP/2 200 OK"
2025-12-11 21:38:10,906 - httpx - INFO - HTTP Request: GET https://utsvlihpudfraxzcmtle.supabase.co/rest/v1/scheduled_reports?select=id&is_active=eq.True&next_run_at=lte.2025-12-11T21%3A38%3A10.403460 "HTTP/2 200 OK"
2025-12-11 21:39:10,301 - httpx - INFO - HTTP Request: GET https://utsvlihpudfraxzcmtle.supabase.co/rest/v1/scheduled_reports?select=id&is_active=eq.True&next_run_at=lte.2025-12-11T21%3A39%3A09.915453 "HTTP/2 200 OK"
2025-12-11 21:39:11,585 - httpx - INFO - HTTP Request: GET https://utsvlihpudfraxzcmtle.supabase.co/rest/v1/scheduled_reports?select=id&is_active=eq.True&next_run_at=lte.2025-12-11T21%3A39%3A10.951480 "HTTP/2 200 OK"
2025-12-11 21:40:11,027 - httpx - INFO - HTTP Request: GET https://utsvlihpudfraxzcmtle.supabase.co/rest/v1/scheduled_reports?select=id&is_active=eq.True&next_run_at=lte.2025-12-11T21%3A40%3A10.361121 "HTTP/2 200 OK"
2025-12-11 21:40:12,286 - httpx - INFO - HTTP Request: GET https://utsvlihpudfraxzcmtle.supabase.co/rest/v1/scheduled_reports?select=id&is_active=eq.True&next_run_at=lte.2025-12-11T21%3A40%3A11.639443 "HTTP/2 200 OK"
2025-12-11 21:41:11,438 - httpx - INFO - HTTP Request: GET https://utsvlihpudfraxzcmtle.supabase.co/rest/v1/scheduled_reports?select=id&is_active=eq.True&next_run_at=lte.2025-12-11T21%3A41%3A11.083468 "HTTP/2 200 OK"
2025-12-11 21:41:12,669 - httpx - INFO - HTTP Request: GET https://utsvlihpudfraxzcmtle.supabase.co/rest/v1/scheduled_reports?select=id&is_active=eq.True&next_run_at=lte.2025-12-11T21%3A41%3A12.343482 "HTTP/2 200 OK"
2025-12-11 21:42:12,240 - httpx - INFO - HTTP Request: GET https://utsvlihpudfraxzcmtle.supabase.co/rest/v1/scheduled_reports?select=id&is_active=eq.True&next_run_at=lte.2025-12-11T21%3A42%3A11.495454 "HTTP/2 200 OK"
2025-12-11 21:42:13,084 - httpx - INFO - HTTP Request: GET https://utsvlihpudfraxzcmtle.supabase.co/rest/v1/scheduled_reports?select=id&is_active=eq.True&next_run_at=lte.2025-12-11T21%3A42%3A12.728226 "HTTP/2 200 OK"
2025-12-11 21:43:13,091 - httpx - INFO - HTTP Request: GET https://utsvlihpudfraxzcmtle.supabase.co/rest/v1/scheduled_reports?select=id&is_active=eq.True&next_run_at=lte.2025-12-11T21%3A43%3A12.284457 "HTTP/2 200 OK"
2025-12-11 21:43:13,502 - httpx - INFO - HTTP Request: GET https://utsvlihpudfraxzcmtle.supabase.co/rest/v1/scheduled_reports?select=id&is_active=eq.True&next_run_at=lte.2025-12-11T21%3A43%3A13.139457 "HTTP/2 200 OK"
2025-12-11 21:44:13,648 - httpx - INFO - HTTP Request: GET https://utsvlihpudfraxzcmtle.supabase.co/rest/v1/scheduled_reports?select=id&is_active=eq.True&next_run_at=lte.2025-12-11T21%3A44%3A13.121191 "HTTP/2 200 OK"
2025-12-11 21:44:14,122 - httpx - INFO - HTTP Request: GET https://utsvlihpudfraxzcmtle.supabase.co/rest/v1/scheduled_reports?select=id&is_active=eq.True&next_run_at=lte.2025-12-11T21%3A44%3A13.559462 "HTTP/2 200 OK"
2025-12-11 21:45:14,417 - httpx - INFO - HTTP Request: GET https://utsvlihpudfraxzcmtle.supabase.co/rest/v1/scheduled_reports?select=id&is_active=eq.True&next_run_at=lte.2025-12-11T21%3A45%3A13.707458 "HTTP/2 200 OK"
2025-12-11 21:45:14,523 - httpx - INFO - HTTP Request: GET https://utsvlihpudfraxzcmtle.supabase.co/rest/v1/scheduled_reports?select=id&is_active=eq.True&next_run_at=lte.2025-12-11T21%3A45%3A14.179452 "HTTP/2 200 OK"
2025-12-11 21:46:14,978 - httpx - INFO - HTTP Request: GET https://utsvlihpudfraxzcmtle.supabase.co/rest/v1/scheduled_reports?select=id&is_active=eq.True&next_run_at=lte.2025-12-11T21%3A46%3A14.479477 "HTTP/2 200 OK"
2025-12-11 21:46:15,057 - httpx - INFO - HTTP Request: GET https://utsvlihpudfraxzcmtle.supabase.co/rest/v1/scheduled_reports?select=id&is_active=eq.True&next_run_at=lte.2025-12-11T21%3A46%3A14.580187 "HTTP/2 200 OK"
2025-12-11 21:47:15,475 - httpx - INFO - HTTP Request: GET https://utsvlihpudfraxzcmtle.supabase.co/rest/v1/scheduled_reports?select=id&is_active=eq.True&next_run_at=lte.2025-12-11T21%3A47%3A15.115448 "HTTP/2 200 OK"
2025-12-11 21:47:15,476 - httpx - INFO - HTTP Request: GET https://utsvlihpudfraxzcmtle.supabase.co/rest/v1/scheduled_reports?select=id&is_active=eq.True&next_run_at=lte.2025-12-11T21%3A47%3A15.037546 "HTTP/2 200 OK"
2025-12-11 21:48:16,097 - httpx - INFO - HTTP Request: GET https://utsvlihpudfraxzcmtle.supabase.co/rest/v1/scheduled_reports?select=id&is_active=eq.True&next_run_at=lte.2025-12-11T21%3A48%3A15.531487 "HTTP/2 200 OK"
2025-12-11 21:48:16,147 - httpx - INFO - HTTP Request: GET https://utsvlihpudfraxzcmtle.supabase.co/rest/v1/scheduled_reports?select=id&is_active=eq.True&next_run_at=lte.2025-12-11T21%3A48%3A15.535502 "HTTP/2 200 OK"
2025-12-11 21:49:16,822 - httpx - INFO - HTTP Request: GET https://utsvlihpudfraxzcmtle.supabase.co/rest/v1/scheduled_reports?select=id&is_active=eq.True&next_run_at=lte.2025-12-11T21%3A49%3A16.145762 "HTTP/2 200 OK"
2025-12-11 21:49:16,823 - httpx - INFO - HTTP Request: GET https://utsvlihpudfraxzcmtle.supabase.co/rest/v1/scheduled_reports?select=id&is_active=eq.True&next_run_at=lte.2025-12-11T21%3A49%3A16.207442 "HTTP/2 200 OK"
2025-12-11 21:50:17,237 - httpx - INFO - HTTP Request: GET https://utsvlihpudfraxzcmtle.supabase.co/rest/v1/scheduled_reports?select=id&is_active=eq.True&next_run_at=lte.2025-12-11T21%3A50%3A16.884289 "HTTP/2 200 OK"
2025-12-11 21:50:17,442 - httpx - INFO - HTTP Request: GET https://utsvlihpudfraxzcmtle.supabase.co/rest/v1/scheduled_reports?select=id&is_active=eq.True&next_run_at=lte.2025-12-11T21%3A50%3A16.879467 "HTTP/2 200 OK"
2025-12-11 21:51:17,632 - httpx - INFO - HTTP Request: GET https://utsvlihpudfraxzcmtle.supabase.co/rest/v1/scheduled_reports?select=id&is_active=eq.True&next_run_at=lte.2025-12-11T21%3A51%3A17.295487 "HTTP/2 200 OK"
2025-12-11 21:51:18,373 - httpx - INFO - HTTP Request: GET https://utsvlihpudfraxzcmtle.supabase.co/rest/v1/scheduled_reports?select=id&is_active=eq.True&next_run_at=lte.2025-12-11T21%3A51%3A17.501665 "HTTP/2 200 OK"
2025-12-11 21:52:18,275 - httpx - INFO - HTTP Request: GET https://utsvlihpudfraxzcmtle.supabase.co/rest/v1/scheduled_reports?select=id&is_active=eq.True&next_run_at=lte.2025-12-11T21%3A52%3A17.691454 "HTTP/2 200 OK"
2025-12-11 21:52:19,018 - httpx - INFO - HTTP Request: GET https://utsvlihpudfraxzcmtle.supabase.co/rest/v1/scheduled_reports?select=id&is_active=eq.True&next_run_at=lte.2025-12-11T21%3A52%3A18.431451 "HTTP/2 200 OK"
2025-12-11 21:53:18,695 - httpx - INFO - HTTP Request: GET https://utsvlihpudfraxzcmtle.supabase.co/rest/v1/scheduled_reports?select=id&is_active=eq.True&next_run_at=lte.2025-12-11T21%3A53%3A18.331412 "HTTP/2 200 OK"
2025-12-11 21:53:19,412 - httpx - INFO - HTTP Request: GET https://utsvlihpudfraxzcmtle.supabase.co/rest/v1/scheduled_reports?select=id&is_active=eq.True&next_run_at=lte.2025-12-11T21%3A53%3A19.077983 "HTTP/2 200 OK"
2025-12-11 21:54:19,393 - httpx - INFO - HTTP Request: GET https://utsvlihpudfraxzcmtle.supabase.co/rest/v1/scheduled_reports?select=id&is_active=eq.True&next_run_at=lte.2025-12-11T21%3A54%3A18.753509 "HTTP/2 200 OK"
2025-12-11 21:54:19,985 - httpx - INFO - HTTP Request: GET https://utsvlihpudfraxzcmtle.supabase.co/rest/v1/scheduled_reports?select=id&is_active=eq.True&next_run_at=lte.2025-12-11T21%3A54%3A19.451296 "HTTP/2 200 OK"
2025-12-11 21:55:20,043 - httpx - INFO - HTTP Request: GET https://utsvlihpudfraxzcmtle.supabase.co/rest/v1/scheduled_reports?select=id&is_active=eq.True&next_run_at=lte.2025-12-11T21%3A55%3A19.451446 "HTTP/2 200 OK"
2025-12-11 21:55:20,454 - httpx - INFO - HTTP Request: GET https://utsvlihpudfraxzcmtle.supabase.co/rest/v1/scheduled_reports?select=id&is_active=eq.True&next_run_at=lte.2025-12-11T21%3A55%3A20.043434 "HTTP/2 200 OK"
2025-12-11 21:56:21,753 - httpx - INFO - HTTP Request: GET https://utsvlihpudfraxzcmtle.supabase.co/rest/v1/scheduled_reports?select=id&is_active=eq.True&next_run_at=lte.2025-12-11T21%3A56%3A20.103462 "HTTP/2 200 OK"
2025-12-11 21:56:22,400 - httpx - INFO - HTTP Request: GET https://utsvlihpudfraxzcmtle.supabase.co/rest/v1/scheduled_reports?select=id&is_active=eq.True&next_run_at=lte.2025-12-11T21%3A56%3A20.515487 "HTTP/2 200 OK"
2025-12-11 21:57:23,028 - httpx - INFO - HTTP Request: GET https://utsvlihpudfraxzcmtle.supabase.co/rest/v1/scheduled_reports?select=id&is_active=eq.True&next_run_at=lte.2025-12-11T21%3A57%3A22.455463 "HTTP/2 200 OK"
2025-12-11 21:57:23,438 - httpx - INFO - HTTP Request: GET https://utsvlihpudfraxzcmtle.supabase.co/rest/v1/scheduled_reports?select=id&is_active=eq.True&next_run_at=lte.2025-12-11T21%3A57%3A22.459478 "HTTP/2 200 OK"
2025-12-11 21:58:23,525 - httpx - INFO - HTTP Request: GET https://utsvlihpudfraxzcmtle.supabase.co/rest/v1/scheduled_reports?select=id&is_active=eq.True&next_run_at=lte.2025-12-11T21%3A58%3A23.083510 "HTTP/2 200 OK"
2025-12-11 21:58:24,044 - httpx - INFO - HTTP Request: GET https://utsvlihpudfraxzcmtle.supabase.co/rest/v1/scheduled_reports?select=id&is_active=eq.True&next_run_at=lte.2025-12-11T21%3A58%3A23.495476 "HTTP/2 200 OK"
2025-12-11 21:59:24,291 - httpx - INFO - HTTP Request: GET https://utsvlihpudfraxzcmtle.supabase.co/rest/v1/scheduled_reports?select=id&is_active=eq.True&next_run_at=lte.2025-12-11T21%3A59%3A23.585591 "HTTP/2 200 OK"
2025-12-11 21:59:24,676 - httpx - INFO - HTTP Request: GET https://utsvlihpudfraxzcmtle.supabase.co/rest/v1/scheduled_reports?select=id&is_active=eq.True&next_run_at=lte.2025-12-11T21%3A59%3A24.103474 "HTTP/2 200 OK"
2025-12-11 22:00:24,860 - httpx - INFO - HTTP Request: GET https://utsvlihpudfraxzcmtle.supabase.co/rest/v1/scheduled_reports?select=id&is_active=eq.True&next_run_at=lte.2025-12-11T22%3A00%3A24.357525 "HTTP/2 200 OK"
2025-12-11 22:00:25,000 - httpx - INFO - HTTP Request: GET https://utsvlihpudfraxzcmtle.supabase.co/rest/v1/scheduled_reports?select=id&is_active=eq.True&next_run_at=lte.2025-12-11T22%3A00%3A24.721279 "HTTP/2 200 OK"
2025-12-11 22:01:25,214 - httpx - INFO - HTTP Request: GET https://utsvlihpudfraxzcmtle.supabase.co/rest/v1/scheduled_reports?select=id&is_active=eq.True&next_run_at=lte.2025-12-11T22%3A01%3A24.919435 "HTTP/2 200 OK"
2025-12-11 22:01:25,668 - httpx - INFO - HTTP Request: GET https://utsvlihpudfraxzcmtle.supabase.co/rest/v1/scheduled_reports?select=id&is_active=eq.True&next_run_at=lte.2025-12-11T22%3A01%3A25.060131 "HTTP/2 200 OK"
2025-12-11 22:02:25,833 - httpx - INFO - HTTP Request: GET https://utsvlihpudfraxzcmtle.supabase.co/rest/v1/scheduled_reports?select=id&is_active=eq.True&next_run_at=lte.2025-12-11T22%3A02%3A25.255468 "HTTP/2 200 OK"
2025-12-11 22:02:26,361 - httpx - INFO - HTTP Request: GET https://utsvlihpudfraxzcmtle.supabase.co/rest/v1/scheduled_reports?select=id&is_active=eq.True&next_run_at=lte.2025-12-11T22%3A02%3A25.727457 "HTTP/2 200 OK"
2025-12-11 22:03:26,498 - httpx - INFO - HTTP Request: GET https://utsvlihpudfraxzcmtle.supabase.co/rest/v1/scheduled_reports?select=id&is_active=eq.True&next_run_at=lte.2025-12-11T22%3A03%3A25.891476 "HTTP/2 200 OK"
2025-12-11 22:03:26,660 - httpx - INFO - HTTP Request: GET https://utsvlihpudfraxzcmtle.supabase.co/rest/v1/scheduled_reports?select=id&is_active=eq.True&next_run_at=lte.2025-12-11T22%3A03%3A26.421254 "HTTP/2 200 OK"
2025-12-11 22:04:26,808 - httpx - INFO - HTTP Request: GET https://utsvlihpudfraxzcmtle.supabase.co/rest/v1/scheduled_reports?select=id&is_active=eq.True&next_run_at=lte.2025-12-11T22%3A04%3A26.555440 "HTTP/2 200 OK"
2025-12-11 22:04:27,282 - httpx - INFO - HTTP Request: GET https://utsvlihpudfraxzcmtle.supabase.co/rest/v1/scheduled_reports?select=id&is_active=eq.True&next_run_at=lte.2025-12-11T22%3A04%3A26.721235 "HTTP/2 200 OK"
2025-12-11 22:05:27,154 - httpx - INFO - HTTP Request: GET https://utsvlihpudfraxzcmtle.supabase.co/rest/v1/scheduled_reports?select=id&is_active=eq.True&next_run_at=lte.2025-12-11T22%3A05%3A26.867463 "HTTP/2 200 OK"
2025-12-11 22:05:27,701 - httpx - INFO - HTTP Request: GET https://utsvlihpudfraxzcmtle.supabase.co/rest/v1/scheduled_reports?select=id&is_active=eq.True&next_run_at=lte.2025-12-11T22%3A05%3A27.339455 "HTTP/2 200 OK"
2025-12-11 22:06:27,822 - httpx - INFO - HTTP Request: GET https://utsvlihpudfraxzcmtle.supabase.co/rest/v1/scheduled_reports?select=id&is_active=eq.True&next_run_at=lte.2025-12-11T22%3A06%3A27.211452 "HTTP/2 200 OK"
2025-12-11 22:06:28,220 - httpx - INFO - HTTP Request: GET https://utsvlihpudfraxzcmtle.supabase.co/rest/v1/scheduled_reports?select=id&is_active=eq.True&next_run_at=lte.2025-12-11T22%3A06%3A27.759466 "HTTP/2 200 OK"
2025-12-11 22:07:28,228 - httpx - INFO - HTTP Request: GET https://utsvlihpudfraxzcmtle.supabase.co/rest/v1/scheduled_reports?select=id&is_active=eq.True&next_run_at=lte.2025-12-11T22%3A07%3A27.857238 "HTTP/2 200 OK"
2025-12-11 22:07:28,535 - httpx - INFO - HTTP Request: GET https://utsvlihpudfraxzcmtle.supabase.co/rest/v1/scheduled_reports?select=id&is_active=eq.True&next_run_at=lte.2025-12-11T22%3A07%3A28.275470 "HTTP/2 200 OK"
2025-12-11 22:08:28,850 - httpx - INFO - HTTP Request: GET https://utsvlihpudfraxzcmtle.supabase.co/rest/v1/scheduled_reports?select=id&is_active=eq.True&next_run_at=lte.2025-12-11T22%3A08%3A28.283962 "HTTP/2 200 OK"
2025-12-11 22:08:29,157 - httpx - INFO - HTTP Request: GET https://utsvlihpudfraxzcmtle.supabase.co/rest/v1/scheduled_reports?select=id&is_active=eq.True&next_run_at=lte.2025-12-11T22%3A08%3A28.591439 "HTTP/2 200 OK"
2025-12-11 22:09:29,473 - httpx - INFO - HTTP Request: GET https://utsvlihpudfraxzcmtle.supabase.co/rest/v1/scheduled_reports?select=id&is_active=eq.True&next_run_at=lte.2025-12-11T22%3A09%3A28.907431 "HTTP/2 200 OK"
2025-12-11 22:09:29,732 - httpx - INFO - HTTP Request: GET https://utsvlihpudfraxzcmtle.supabase.co/rest/v1/scheduled_reports?select=id&is_active=eq.True&next_run_at=lte.2025-12-11T22%3A09%3A29.215440 "HTTP/2 200 OK"
2025-12-11 22:10:30,223 - httpx - INFO - HTTP Request: GET https://utsvlihpudfraxzcmtle.supabase.co/rest/v1/scheduled_reports?select=id&is_active=eq.True&next_run_at=lte.2025-12-11T22%3A10%3A29.531435 "HTTP/2 200 OK"
2025-12-11 22:10:30,256 - httpx - INFO - HTTP Request: GET https://utsvlihpudfraxzcmtle.supabase.co/rest/v1/scheduled_reports?select=id&is_active=eq.True&next_run_at=lte.2025-12-11T22%3A10%3A29.780430 "HTTP/2 200 OK"
2025-12-11 22:11:30,613 - httpx - INFO - HTTP Request: GET https://utsvlihpudfraxzcmtle.supabase.co/rest/v1/scheduled_reports?select=id&is_active=eq.True&next_run_at=lte.2025-12-11T22%3A11%3A30.284489 "HTTP/2 200 OK"
2025-12-11 22:11:30,916 - httpx - INFO - HTTP Request: GET https://utsvlihpudfraxzcmtle.supabase.co/rest/v1/scheduled_reports?select=id&is_active=eq.True&next_run_at=lte.2025-12-11T22%3A11%3A30.246836 "HTTP/2 200 OK"
2025-12-11 22:12:31,210 - httpx - INFO - HTTP Request: GET https://utsvlihpudfraxzcmtle.supabase.co/rest/v1/scheduled_reports?select=id&is_active=eq.True&next_run_at=lte.2025-12-11T22%3A12%3A30.671422 "HTTP/2 200 OK"
2025-12-11 22:12:31,482 - httpx - INFO - HTTP Request: GET https://utsvlihpudfraxzcmtle.supabase.co/rest/v1/scheduled_reports?select=id&is_active=eq.True&next_run_at=lte.2025-12-11T22%3A12%3A30.971287 "HTTP/2 200 OK"
2025-12-11 22:13:32,069 - httpx - INFO - HTTP Request: GET https://utsvlihpudfraxzcmtle.supabase.co/rest/v1/scheduled_reports?select=id&is_active=eq.True&next_run_at=lte.2025-12-11T22%3A13%3A31.245532 "HTTP/2 200 OK"
2025-12-11 22:13:32,070 - httpx - INFO - HTTP Request: GET https://utsvlihpudfraxzcmtle.supabase.co/rest/v1/scheduled_reports?select=id&is_active=eq.True&next_run_at=lte.2025-12-11T22%3A13%3A31.527453 "HTTP/2 200 OK"
2025-12-11 22:14:32,446 - httpx - INFO - HTTP Request: GET https://utsvlihpudfraxzcmtle.supabase.co/rest/v1/scheduled_reports?select=id&is_active=eq.True&next_run_at=lte.2025-12-11T22%3A14%3A32.111472 "HTTP/2 200 OK"
2025-12-11 22:14:32,793 - httpx - INFO - HTTP Request: GET https://utsvlihpudfraxzcmtle.supabase.co/rest/v1/scheduled_reports?select=id&is_active=eq.True&next_run_at=lte.2025-12-11T22%3A14%3A32.127430 "HTTP/2 200 OK"
2025-12-11 22:15:33,203 - httpx - INFO - HTTP Request: GET https://utsvlihpudfraxzcmtle.supabase.co/rest/v1/scheduled_reports?select=id&is_active=eq.True&next_run_at=lte.2025-12-11T22%3A15%3A32.483470 "HTTP/2 200 OK"
2025-12-11 22:15:33,615 - httpx - INFO - HTTP Request: GET https://utsvlihpudfraxzcmtle.supabase.co/rest/v1/scheduled_reports?select=id&is_active=eq.True&next_run_at=lte.2025-12-11T22%3A15%3A32.853508 "HTTP/2 200 OK"
2025-12-11 22:16:33,928 - httpx - INFO - HTTP Request: GET https://utsvlihpudfraxzcmtle.supabase.co/rest/v1/scheduled_reports?select=id&is_active=eq.True&next_run_at=lte.2025-12-11T22%3A16%3A33.235123 "HTTP/2 200 OK"
2025-12-11 22:16:34,143 - httpx - INFO - HTTP Request: GET https://utsvlihpudfraxzcmtle.supabase.co/rest/v1/scheduled_reports?select=id&is_active=eq.True&next_run_at=lte.2025-12-11T22%3A16%3A33.671447 "HTTP/2 200 OK"
2025-12-11 22:17:34,550 - httpx - INFO - HTTP Request: GET https://utsvlihpudfraxzcmtle.supabase.co/rest/v1/scheduled_reports?select=id&is_active=eq.True&next_run_at=lte.2025-12-11T22%3A17%3A33.975457 "HTTP/2 200 OK"
2025-12-11 22:17:34,787 - httpx - INFO - HTTP Request: GET https://utsvlihpudfraxzcmtle.supabase.co/rest/v1/scheduled_reports?select=id&is_active=eq.True&next_run_at=lte.2025-12-11T22%3A17%3A34.199505 "HTTP/2 200 OK"
2025-12-11 22:18:35,123 - httpx - INFO - HTTP Request: GET https://utsvlihpudfraxzcmtle.supabase.co/rest/v1/scheduled_reports?select=id&is_active=eq.True&next_run_at=lte.2025-12-11T22%3A18%3A34.845485 "HTTP/2 200 OK"
2025-12-11 22:18:35,274 - httpx - INFO - HTTP Request: GET https://utsvlihpudfraxzcmtle.supabase.co/rest/v1/scheduled_reports?select=id&is_active=eq.True&next_run_at=lte.2025-12-11T22%3A18%3A34.599482 "HTTP/2 200 OK"
2025-12-11 22:19:35,730 - httpx - INFO - HTTP Request: GET https://utsvlihpudfraxzcmtle.supabase.co/rest/v1/scheduled_reports?select=id&is_active=eq.True&next_run_at=lte.2025-12-11T22%3A19%3A35.175454 "HTTP/2 200 OK"
2025-12-11 22:19:35,918 - httpx - INFO - HTTP Request: GET https://utsvlihpudfraxzcmtle.supabase.co/rest/v1/scheduled_reports?select=id&is_active=eq.True&next_run_at=lte.2025-12-11T22%3A19%3A35.335436 "HTTP/2 200 OK"
2025-12-11 22:20:36,063 - httpx - INFO - HTTP Request: GET https://utsvlihpudfraxzcmtle.supabase.co/rest/v1/scheduled_reports?select=id&is_active=eq.True&next_run_at=lte.2025-12-11T22%3A20%3A35.789309 "HTTP/2 200 OK"
2025-12-11 22:20:36,579 - httpx - INFO - HTTP Request: GET https://utsvlihpudfraxzcmtle.supabase.co/rest/v1/scheduled_reports?select=id&is_active=eq.True&next_run_at=lte.2025-12-11T22%3A20%3A35.975436 "HTTP/2 200 OK"
2025-12-11 22:21:36,600 - httpx - INFO - HTTP Request: GET https://utsvlihpudfraxzcmtle.supabase.co/rest/v1/scheduled_reports?select=id&is_active=eq.True&next_run_at=lte.2025-12-11T22%3A21%3A36.121529 "HTTP/2 200 OK"
2025-12-11 22:21:37,142 - httpx - INFO - HTTP Request: GET https://utsvlihpudfraxzcmtle.supabase.co/rest/v1/scheduled_reports?select=id&is_active=eq.True&next_run_at=lte.2025-12-11T22%3A21%3A36.615464 "HTTP/2 200 OK"
2025-12-11 22:22:36,941 - httpx - INFO - HTTP Request: GET https://utsvlihpudfraxzcmtle.supabase.co/rest/v1/scheduled_reports?select=id&is_active=eq.True&next_run_at=lte.2025-12-11T22%3A22%3A36.660979 "HTTP/2 200 OK"
2025-12-11 22:22:37,457 - httpx - INFO - HTTP Request: GET https://utsvlihpudfraxzcmtle.supabase.co/rest/v1/scheduled_reports?select=id&is_active=eq.True&next_run_at=lte.2025-12-11T22%3A22%3A37.199461 "HTTP/2 200 OK"
2025-12-11 22:23:37,768 - httpx - INFO - HTTP Request: GET https://utsvlihpudfraxzcmtle.supabase.co/rest/v1/scheduled_reports?select=id&is_active=eq.True&next_run_at=lte.2025-12-11T22%3A23%3A36.978334 "HTTP/2 200 OK"
2025-12-11 22:23:38,087 - httpx - INFO - HTTP Request: GET https://utsvlihpudfraxzcmtle.supabase.co/rest/v1/scheduled_reports?select=id&is_active=eq.True&next_run_at=lte.2025-12-11T22%3A23%3A37.506641 "HTTP/2 200 OK"
2025-12-11 22:24:38,440 - httpx - INFO - HTTP Request: GET https://utsvlihpudfraxzcmtle.supabase.co/rest/v1/scheduled_reports?select=id&is_active=eq.True&next_run_at=lte.2025-12-11T22%3A24%3A37.827446 "HTTP/2 200 OK"
2025-12-11 22:24:38,493 - httpx - INFO - HTTP Request: GET https://utsvlihpudfraxzcmtle.supabase.co/rest/v1/scheduled_reports?select=id&is_active=eq.True&next_run_at=lte.2025-12-11T22%3A24%3A38.147473 "HTTP/2 200 OK"
2025-12-11 22:25:39,115 - httpx - INFO - HTTP Request: GET https://utsvlihpudfraxzcmtle.supabase.co/rest/v1/scheduled_reports?select=id&is_active=eq.True&next_run_at=lte.2025-12-11T22%3A25%3A38.545527 "HTTP/2 200 OK"
2025-12-11 22:25:39,116 - httpx - INFO - HTTP Request: GET https://utsvlihpudfraxzcmtle.supabase.co/rest/v1/scheduled_reports?select=id&is_active=eq.True&next_run_at=lte.2025-12-11T22%3A25%3A38.523475 "HTTP/2 200 OK"
2025-12-11 22:26:39,531 - httpx - INFO - HTTP Request: GET https://utsvlihpudfraxzcmtle.supabase.co/rest/v1/scheduled_reports?select=id&is_active=eq.True&next_run_at=lte.2025-12-11T22%3A26%3A39.171448 "HTTP/2 200 OK"
2025-12-11 22:26:39,534 - httpx - INFO - HTTP Request: GET https://utsvlihpudfraxzcmtle.supabase.co/rest/v1/scheduled_reports?select=id&is_active=eq.True&next_run_at=lte.2025-12-11T22%3A26%3A39.148650 "HTTP/2 200 OK"
2025-12-11 22:27:40,157 - httpx - INFO - HTTP Request: GET https://utsvlihpudfraxzcmtle.supabase.co/rest/v1/scheduled_reports?select=id&is_active=eq.True&next_run_at=lte.2025-12-11T22%3A27%3A39.571276 "HTTP/2 200 OK"
2025-12-11 22:27:40,662 - httpx - INFO - HTTP Request: GET https://utsvlihpudfraxzcmtle.supabase.co/rest/v1/scheduled_reports?select=id&is_active=eq.True&next_run_at=lte.2025-12-11T22%3A27%3A39.591446 "HTTP/2 200 OK"
2025-12-11 22:28:40,977 - httpx - INFO - HTTP Request: GET https://utsvlihpudfraxzcmtle.supabase.co/rest/v1/scheduled_reports?select=id&is_active=eq.True&next_run_at=lte.2025-12-11T22%3A28%3A40.703451 "HTTP/2 200 OK"
2025-12-11 22:28:41,031 - httpx - INFO - HTTP Request: GET https://utsvlihpudfraxzcmtle.supabase.co/rest/v1/scheduled_reports?select=id&is_active=eq.True&next_run_at=lte.2025-12-11T22%3A28%3A40.215468 "HTTP/2 200 OK"
2025-12-11 22:29:41,607 - httpx - INFO - HTTP Request: GET https://utsvlihpudfraxzcmtle.supabase.co/rest/v1/scheduled_reports?select=id&is_active=eq.True&next_run_at=lte.2025-12-11T22%3A29%3A41.037524 "HTTP/2 200 OK"
2025-12-11 22:29:41,608 - httpx - INFO - HTTP Request: GET https://utsvlihpudfraxzcmtle.supabase.co/rest/v1/scheduled_reports?select=id&is_active=eq.True&next_run_at=lte.2025-12-11T22%3A29%3A41.091420 "HTTP/2 200 OK"
2025-12-11 22:30:44,649 - httpx - INFO - HTTP Request: GET https://utsvlihpudfraxzcmtle.supabase.co/rest/v1/scheduled_reports?select=id&is_active=eq.True&next_run_at=lte.2025-12-11T22%3A30%3A41.663463 "HTTP/2 200 OK"
2025-12-11 22:30:45,083 - httpx - INFO - HTTP Request: GET https://utsvlihpudfraxzcmtle.supabase.co/rest/v1/scheduled_reports?select=id&is_active=eq.True&next_run_at=lte.2025-12-11T22%3A30%3A41.667445 "HTTP/2 200 OK"
2025-12-11 22:31:45,702 - httpx - INFO - HTTP Request: GET https://utsvlihpudfraxzcmtle.supabase.co/rest/v1/scheduled_reports?select=id&is_active=eq.True&next_run_at=lte.2025-12-11T22%3A31%3A45.127452 "HTTP/2 200 OK"
2025-12-11 22:31:45,704 - httpx - INFO - HTTP Request: GET https://utsvlihpudfraxzcmtle.supabase.co/rest/v1/scheduled_reports?select=id&is_active=eq.True&next_run_at=lte.2025-12-11T22%3A31%3A45.139441 "HTTP/2 200 OK"
2025-12-11 22:32:46,323 - httpx - INFO - HTTP Request: GET https://utsvlihpudfraxzcmtle.supabase.co/rest/v1/scheduled_reports?select=id&is_active=eq.True&next_run_at=lte.2025-12-11T22%3A32%3A45.759476 "HTTP/2 200 OK"
2025-12-11 22:32:46,528 - httpx - INFO - HTTP Request: GET https://utsvlihpudfraxzcmtle.supabase.co/rest/v1/scheduled_reports?select=id&is_active=eq.True&next_run_at=lte.2025-12-11T22%3A32%3A45.759472 "HTTP/2 200 OK"
2025-12-11 22:33:46,943 - httpx - INFO - HTTP Request: GET https://utsvlihpudfraxzcmtle.supabase.co/rest/v1/scheduled_reports?select=id&is_active=eq.True&next_run_at=lte.2025-12-11T22%3A33%3A46.379457 "HTTP/2 200 OK"
2025-12-11 22:33:47,148 - httpx - INFO - HTTP Request: GET https://utsvlihpudfraxzcmtle.supabase.co/rest/v1/scheduled_reports?select=id&is_active=eq.True&next_run_at=lte.2025-12-11T22%3A33%3A46.589340 "HTTP/2 200 OK"
2025-12-11 22:34:47,462 - httpx - INFO - HTTP Request: GET https://utsvlihpudfraxzcmtle.supabase.co/rest/v1/scheduled_reports?select=id&is_active=eq.True&next_run_at=lte.2025-12-11T22%3A34%3A47.209525 "HTTP/2 200 OK"
2025-12-11 22:34:47,762 - httpx - INFO - HTTP Request: GET https://utsvlihpudfraxzcmtle.supabase.co/rest/v1/scheduled_reports?select=id&is_active=eq.True&next_run_at=lte.2025-12-11T22%3A34%3A47.001559 "HTTP/2 200 OK"
2025-12-11 22:35:48,233 - httpx - INFO - HTTP Request: GET https://utsvlihpudfraxzcmtle.supabase.co/rest/v1/scheduled_reports?select=id&is_active=eq.True&next_run_at=lte.2025-12-11T22%3A35%3A47.519449 "HTTP/2 200 OK"
2025-12-11 22:35:48,369 - httpx - INFO - HTTP Request: GET https://utsvlihpudfraxzcmtle.supabase.co/rest/v1/scheduled_reports?select=id&is_active=eq.True&next_run_at=lte.2025-12-11T22%3A35%3A47.823539 "HTTP/2 200 OK"
2025-12-11 22:36:48,856 - httpx - INFO - HTTP Request: GET https://utsvlihpudfraxzcmtle.supabase.co/rest/v1/scheduled_reports?select=id&is_active=eq.True&next_run_at=lte.2025-12-11T22%3A36%3A48.291459 "HTTP/2 200 OK"
2025-12-11 22:36:48,923 - httpx - INFO - HTTP Request: GET https://utsvlihpudfraxzcmtle.supabase.co/rest/v1/scheduled_reports?select=id&is_active=eq.True&next_run_at=lte.2025-12-11T22%3A36%3A48.428865 "HTTP/2 200 OK"
2025-12-11 22:37:49,265 - httpx - INFO - HTTP Request: GET https://utsvlihpudfraxzcmtle.supabase.co/rest/v1/scheduled_reports?select=id&is_active=eq.True&next_run_at=lte.2025-12-11T22%3A37%3A48.911525 "HTTP/2 200 OK"
2025-12-11 22:37:49,285 - httpx - INFO - HTTP Request: GET https://utsvlihpudfraxzcmtle.supabase.co/rest/v1/scheduled_reports?select=id&is_active=eq.True&next_run_at=lte.2025-12-11T22%3A37%3A48.981403 "HTTP/2 200 OK"
2025-12-11 22:38:49,945 - httpx - INFO - HTTP Request: GET https://utsvlihpudfraxzcmtle.supabase.co/rest/v1/scheduled_reports?select=id&is_active=eq.True&next_run_at=lte.2025-12-11T22%3A38%3A49.323954 "HTTP/2 200 OK"
2025-12-11 22:38:49,947 - httpx - INFO - HTTP Request: GET https://utsvlihpudfraxzcmtle.supabase.co/rest/v1/scheduled_reports?select=id&is_active=eq.True&next_run_at=lte.2025-12-11T22%3A38%3A49.343486 "HTTP/2 200 OK"
2025-12-11 22:39:51,561 - httpx - INFO - HTTP Request: GET https://utsvlihpudfraxzcmtle.supabase.co/rest/v1/scheduled_reports?select=id&is_active=eq.True&next_run_at=lte.2025-12-11T22%3A39%3A50.004009 "HTTP/2 200 OK"
2025-12-11 22:39:52,296 - httpx - INFO - HTTP Request: GET https://utsvlihpudfraxzcmtle.supabase.co/rest/v1/scheduled_reports?select=id&is_active=eq.True&next_run_at=lte.2025-12-11T22%3A39%3A50.007451 "HTTP/2 200 OK"
2025-12-11 22:40:52,240 - httpx - INFO - HTTP Request: GET https://utsvlihpudfraxzcmtle.supabase.co/rest/v1/scheduled_reports?select=id&is_active=eq.True&next_run_at=lte.2025-12-11T22%3A40%3A51.676174 "HTTP/2 200 OK"
2025-12-11 22:40:52,883 - httpx - INFO - HTTP Request: GET https://utsvlihpudfraxzcmtle.supabase.co/rest/v1/scheduled_reports?select=id&is_active=eq.True&next_run_at=lte.2025-12-11T22%3A40%3A52.355460 "HTTP/2 200 OK"
2025-12-11 22:41:52,956 - httpx - INFO - HTTP Request: GET https://utsvlihpudfraxzcmtle.supabase.co/rest/v1/scheduled_reports?select=id&is_active=eq.True&next_run_at=lte.2025-12-11T22%3A41%3A52.300376 "HTTP/2 200 OK"
2025-12-11 22:41:53,447 - httpx - INFO - HTTP Request: GET https://utsvlihpudfraxzcmtle.supabase.co/rest/v1/scheduled_reports?select=id&is_active=eq.True&next_run_at=lte.2025-12-11T22%3A41%3A52.939438 "HTTP/2 200 OK"
2025-12-11 22:42:53,480 - httpx - INFO - HTTP Request: GET https://utsvlihpudfraxzcmtle.supabase.co/rest/v1/scheduled_reports?select=id&is_active=eq.True&next_run_at=lte.2025-12-11T22%3A42%3A53.015731 "HTTP/2 200 OK"
2025-12-11 22:42:53,925 - httpx - INFO - HTTP Request: GET https://utsvlihpudfraxzcmtle.supabase.co/rest/v1/scheduled_reports?select=id&is_active=eq.True&next_run_at=lte.2025-12-11T22%3A42%3A53.503626 "HTTP/2 200 OK"
2025-12-11 22:43:54,211 - httpx - INFO - HTTP Request: GET https://utsvlihpudfraxzcmtle.supabase.co/rest/v1/scheduled_reports?select=id&is_active=eq.True&next_run_at=lte.2025-12-11T22%3A43%3A53.545408 "HTTP/2 200 OK"
2025-12-11 22:43:54,299 - httpx - INFO - HTTP Request: GET https://utsvlihpudfraxzcmtle.supabase.co/rest/v1/scheduled_reports?select=id&is_active=eq.True&next_run_at=lte.2025-12-11T22%3A43%3A53.983477 "HTTP/2 200 OK"
2025-12-11 22:44:54,812 - httpx - INFO - HTTP Request: GET https://utsvlihpudfraxzcmtle.supabase.co/rest/v1/scheduled_reports?select=id&is_active=eq.True&next_run_at=lte.2025-12-11T22%3A44%3A54.267691 "HTTP/2 200 OK"
2025-12-11 22:44:55,004 - httpx - INFO - HTTP Request: GET https://utsvlihpudfraxzcmtle.supabase.co/rest/v1/scheduled_reports?select=id&is_active=eq.True&next_run_at=lte.2025-12-11T22%3A44%3A54.355451 "HTTP/2 200 OK"
2025-12-11 22:45:55,566 - httpx - INFO - HTTP Request: GET https://utsvlihpudfraxzcmtle.supabase.co/rest/v1/scheduled_reports?select=id&is_active=eq.True&next_run_at=lte.2025-12-11T22%3A45%3A55.063511 "HTTP/2 200 OK"
2025-12-11 22:45:55,728 - httpx - INFO - HTTP Request: GET https://utsvlihpudfraxzcmtle.supabase.co/rest/v1/scheduled_reports?select=id&is_active=eq.True&next_run_at=lte.2025-12-11T22%3A45%3A54.867455 "HTTP/2 200 OK"
2025-12-11 22:46:55,896 - httpx - INFO - HTTP Request: GET https://utsvlihpudfraxzcmtle.supabase.co/rest/v1/scheduled_reports?select=id&is_active=eq.True&next_run_at=lte.2025-12-11T22%3A46%3A55.624355 "HTTP/2 200 OK"
2025-12-11 22:46:56,041 - httpx - INFO - HTTP Request: GET https://utsvlihpudfraxzcmtle.supabase.co/rest/v1/scheduled_reports?select=id&is_active=eq.True&next_run_at=lte.2025-12-11T22%3A46%3A55.787542 "HTTP/2 200 OK"
2025-12-11 22:47:56,662 - httpx - INFO - HTTP Request: GET https://utsvlihpudfraxzcmtle.supabase.co/rest/v1/scheduled_reports?select=id&is_active=eq.True&next_run_at=lte.2025-12-11T22%3A47%3A55.955609 "HTTP/2 200 OK"
2025-12-11 22:47:56,666 - httpx - INFO - HTTP Request: GET https://utsvlihpudfraxzcmtle.supabase.co/rest/v1/scheduled_reports?select=id&is_active=eq.True&next_run_at=lte.2025-12-11T22%3A47%3A56.101313 "HTTP/2 200 OK"
2025-12-11 22:48:57,008 - httpx - INFO - HTTP Request: GET https://utsvlihpudfraxzcmtle.supabase.co/rest/v1/scheduled_reports?select=id&is_active=eq.True&next_run_at=lte.2025-12-11T22%3A48%3A56.719458 "HTTP/2 200 OK"
2025-12-11 22:48:57,064 - httpx - INFO - HTTP Request: GET https://utsvlihpudfraxzcmtle.supabase.co/rest/v1/scheduled_reports?select=id&is_active=eq.True&next_run_at=lte.2025-12-11T22%3A48%3A56.727492 "HTTP/2 200 OK"
2025-12-11 22:49:57,700 - httpx - INFO - HTTP Request: GET https://utsvlihpudfraxzcmtle.supabase.co/rest/v1/scheduled_reports?select=id&is_active=eq.True&next_run_at=lte.2025-12-11T22%3A49%3A57.059466 "HTTP/2 200 OK"
2025-12-11 22:49:57,703 - httpx - INFO - HTTP Request: GET https://utsvlihpudfraxzcmtle.supabase.co/rest/v1/scheduled_reports?select=id&is_active=eq.True&next_run_at=lte.2025-12-11T22%3A49%3A57.099466 "HTTP/2 200 OK"
2025-12-11 22:50:58,526 - httpx - INFO - HTTP Request: GET https://utsvlihpudfraxzcmtle.supabase.co/rest/v1/scheduled_reports?select=id&is_active=eq.True&next_run_at=lte.2025-12-11T22%3A50%3A57.759547 "HTTP/2 200 OK"
2025-12-11 22:51:13,477 - httpx - INFO - HTTP Request: GET https://utsvlihpudfraxzcmtle.supabase.co/rest/v1/scheduled_reports?select=id&is_active=eq.True&next_run_at=lte.2025-12-11T22%3A50%3A57.763468 "HTTP/2 200 OK"
2025-12-11 22:51:59,252 - httpx - INFO - HTTP Request: GET https://utsvlihpudfraxzcmtle.supabase.co/rest/v1/scheduled_reports?select=id&is_active=eq.True&next_run_at=lte.2025-12-11T22%3A51%3A58.583572 "HTTP/2 200 OK"
2025-12-11 22:52:29,563 - httpx - INFO - HTTP Request: GET https://utsvlihpudfraxzcmtle.supabase.co/rest/v1/scheduled_reports?select=id&is_active=eq.True&next_run_at=lte.2025-12-11T22%3A52%3A13.536399 "HTTP/2 200 OK"
2025-12-11 22:53:00,181 - httpx - INFO - HTTP Request: GET https://utsvlihpudfraxzcmtle.supabase.co/rest/v1/scheduled_reports?select=id&is_active=eq.True&next_run_at=lte.2025-12-11T22%3A52%3A59.311465 "HTTP/2 200 OK"
2025-12-11 22:53:29,893 - httpx - INFO - HTTP Request: GET https://utsvlihpudfraxzcmtle.supabase.co/rest/v1/scheduled_reports?select=id&is_active=eq.True&next_run_at=lte.2025-12-11T22%3A53%3A29.619462 "HTTP/2 200 OK"
2025-12-11 22:54:00,876 - httpx - INFO - HTTP Request: GET https://utsvlihpudfraxzcmtle.supabase.co/rest/v1/scheduled_reports?select=id&is_active=eq.True&next_run_at=lte.2025-12-11T22%3A54%3A00.243500 "HTTP/2 200 OK"
2025-12-11 22:54:30,487 - httpx - INFO - HTTP Request: GET https://utsvlihpudfraxzcmtle.supabase.co/rest/v1/scheduled_reports?select=id&is_active=eq.True&next_run_at=lte.2025-12-11T22%3A54%3A29.951461 "HTTP/2 200 OK"
2025-12-11 22:55:01,613 - httpx - INFO - HTTP Request: GET https://utsvlihpudfraxzcmtle.supabase.co/rest/v1/scheduled_reports?select=id&is_active=eq.True&next_run_at=lte.2025-12-11T22%3A55%3A00.935455 "HTTP/2 200 OK"
2025-12-11 22:55:30,916 - httpx - INFO - HTTP Request: GET https://utsvlihpudfraxzcmtle.supabase.co/rest/v1/scheduled_reports?select=id&is_active=eq.True&next_run_at=lte.2025-12-11T22%3A55%3A30.543543 "HTTP/2 200 OK"
2025-12-11 22:56:02,294 - httpx - INFO - HTTP Request: GET https://utsvlihpudfraxzcmtle.supabase.co/rest/v1/scheduled_reports?select=id&is_active=eq.True&next_run_at=lte.2025-12-11T22%3A56%3A01.671452 "HTTP/2 200 OK"
2025-12-11 22:56:31,484 - httpx - INFO - HTTP Request: GET https://utsvlihpudfraxzcmtle.supabase.co/rest/v1/scheduled_reports?select=id&is_active=eq.True&next_run_at=lte.2025-12-11T22%3A56%3A30.975466 "HTTP/2 200 OK"
2025-12-11 22:57:04,105 - httpx - INFO - HTTP Request: GET https://utsvlihpudfraxzcmtle.supabase.co/rest/v1/scheduled_reports?select=id&is_active=eq.True&next_run_at=lte.2025-12-11T22%3A57%3A02.323838 "HTTP/2 200 OK"
2025-12-11 22:57:31,851 - httpx - INFO - HTTP Request: GET https://utsvlihpudfraxzcmtle.supabase.co/rest/v1/scheduled_reports?select=id&is_active=eq.True&next_run_at=lte.2025-12-11T22%3A57%3A31.520563 "HTTP/2 200 OK"
2025-12-11 22:58:04,515 - httpx - INFO - HTTP Request: GET https://utsvlihpudfraxzcmtle.supabase.co/rest/v1/scheduled_reports?select=id&is_active=eq.True&next_run_at=lte.2025-12-11T22%3A58%3A04.159425 "HTTP/2 200 OK"
2025-12-11 22:58:32,370 - httpx - INFO - HTTP Request: GET https://utsvlihpudfraxzcmtle.supabase.co/rest/v1/scheduled_reports?select=id&is_active=eq.True&next_run_at=lte.2025-12-11T22%3A58%3A31.894040 "HTTP/2 200 OK"
2025-12-11 22:59:04,934 - httpx - INFO - HTTP Request: GET https://utsvlihpudfraxzcmtle.supabase.co/rest/v1/scheduled_reports?select=id&is_active=eq.True&next_run_at=lte.2025-12-11T22%3A59%3A04.566023 "HTTP/2 200 OK"
2025-12-11 22:59:33,089 - httpx - INFO - HTTP Request: GET https://utsvlihpudfraxzcmtle.supabase.co/rest/v1/scheduled_reports?select=id&is_active=eq.True&next_run_at=lte.2025-12-11T22%3A59%3A32.416359 "HTTP/2 200 OK"
2025-12-11 23:00:05,350 - httpx - INFO - HTTP Request: GET https://utsvlihpudfraxzcmtle.supabase.co/rest/v1/scheduled_reports?select=id&is_active=eq.True&next_run_at=lte.2025-12-11T23%3A00%3A04.991553 "HTTP/2 200 OK"
2025-12-11 23:00:33,717 - httpx - INFO - HTTP Request: GET https://utsvlihpudfraxzcmtle.supabase.co/rest/v1/scheduled_reports?select=id&is_active=eq.True&next_run_at=lte.2025-12-11T23%3A00%3A33.148494 "HTTP/2 200 OK"
