old_sku,old_item_name,old_category,old_unit,old_cost,old_retail,old_qty,new_sku,new_item_name,new_category,action,selected_source,notes
MOG-BAR-0219,4TH STREET RED,BAR DRINKS,each,0.0,1200.0,0.0,FGH-WINES-001,4TH STREET SWEET RED,WINES,MERGE INTO,NO,Category → WINES; Name → 4TH STREET SWEET RED
MOG-BAR-0220,4TH STREET WHITE,BAR DRINKS,each,0.0,1200.0,0.0,FGH-WINES-002,4TH STREET WHITE,WINES,RENAME,YES,Category → WINES
MOG-BAR-0263,ALL SEASONS,BAR DRINKS,each,0.0,1400.0,0.0,FGH-WHISKY-001,ALL SEASONS 750ML,WHISKY,MERGE INTO,NO,Category → WHISKY; Name → ALL SEASONS 750ML
FGB-STK-WHK-0032,All Seasons 3/4,BAR DRINKS,bottle,0.0,1400.0,0.0,FGH-WHISKY-001,ALL SEASONS 750ML,WHISKY,MERGE INTO,NO,Category → WHISKY; Name → ALL SEASONS 750ML
FGB-STK-MIX-0003,Alvaro,BAR DRINKS,can,0.0,200.0,0.0,FGH-CANNED-BEERS-001,ALVARO CAN,CANNED BEERS,KEEP / RENAME,YES,Category → CANNED BEERS; Name → ALVARO CAN
FGB-STK-CRM-0001,Amarula 1/2,BAR DRINKS,bottle,0.0,1800.0,0.0,FGH-LIQUEURS-002,AMARULA CREAM 375ML,LIQUEURS,MERGE INTO,NO,Category → LIQUEURS; Name → AMARULA CREAM 375ML
FGB-WIN-0008,Amarula 350ml,BAR DRINKS,bottle,1173.0,1600.0,1000.0,FGH-LIQUEURS-001,AMARULA 350ML,LIQUEURS,RENAME,YES,Category → LIQUEURS
FGB-STK-CRM-0002,Amarula 750 ml,BAR DRINKS,bottle,0.0,3000.0,0.0,FGH-LIQUEURS-003,AMARULA CREAM 750ML,LIQUEURS,MERGE INTO,NO,Category → LIQUEURS; Name → AMARULA CREAM 750ML
FGB-WIN-0009,Amarula 750ml,BAR DRINKS,bottle,2086.0,2500.0,996.0,FGH-LIQUEURS-003,AMARULA CREAM 750ML,LIQUEURS,KEEP / RENAME,YES,Category → LIQUEURS; Name → AMARULA CREAM 750ML
FGB-STK-WIN-0008,Asconi 750 ml,BAR DRINKS,bottle,0.0,2000.0,0.0,FGH-WINES-003,ASCONI,WINES,MERGE INTO,NO,Category → WINES; Name → ASCONI
FGB-STK-BTL-0010,B. Ice,BAR DRINKS,bottle,0.0,250.0,0.0,FGH-BEERS-002,BLACK ICE,BEERS,KEEP / RENAME,YES,Category → BEERS; Name → BLACK ICE
FGB-STK-CRM-0004,Baileys 1/2,BAR DRINKS,bottle,0.0,1800.0,0.0,FGH-LIQUEURS-004,BAILEYS 350ML,LIQUEURS,MERGE INTO,NO,Category → LIQUEURS; Name → BAILEYS 350ML
FGB-STK-CRM-0005,Baileys 750 ml,BAR DRINKS,bottle,0.0,3000.0,0.0,FGH-LIQUEURS-005,BAILEYS 750ML,LIQUEURS,MERGE INTO,NO,Category → LIQUEURS; Name → BAILEYS 750ML
FGB-STK-CRM-0003,Best Cream,BAR DRINKS,bottle,0.0,1400.0,0.0,FGH-LIQUEURS-006,BEST CREAM 750ML,LIQUEURS,MERGE INTO,NO,Category → LIQUEURS; Name → BEST CREAM 750ML
FGB-STK-WHK-0018,Best Whisky 1/4,BAR DRINKS,bottle,0.0,500.0,0.0,FGH-WHISKY-002,BEST WHISKY 250ML,WHISKY,MERGE INTO,NO,Category → WHISKY; Name → BEST WHISKY 250ML
FGB-STK-WHK-0019,Best Whisky 3/4,BAR DRINKS,bottle,0.0,1400.0,0.0,FGH-WHISKY-003,BEST WHISKY 750ML,WHISKY,MERGE INTO,NO,Category → WHISKY; Name → BEST WHISKY 750ML
FGB-STK-WHK-0038,Black & White 1/2,BAR DRINKS,bottle,0.0,800.0,0.0,FGH-WHISKY-005,BLACK AND WHITE 350ML,WHISKY,MERGE INTO,NO,Category → WHISKY; Name → BLACK AND WHITE 350ML
FGB-STK-WHK-0039,Black & White 3/4,BAR DRINKS,bottle,0.0,1500.0,0.0,FGH-WHISKY-006,BLACK AND WHITE 750ML,WHISKY,MERGE INTO,NO,Category → WHISKY; Name → BLACK AND WHITE 750ML
FGB-STK-WHK-0016,Bond 7 1/2,BAR DRINKS,bottle,0.0,800.0,0.0,FGH-WHISKY-008,BOND 7 350ML,WHISKY,MERGE INTO,NO,Category → WHISKY; Name → BOND 7 350ML
FGB-STK-WHK-0015,Bond 7 1/4,BAR DRINKS,bottle,0.0,600.0,0.0,FGH-WHISKY-007,BOND 7 250ML,WHISKY,MERGE INTO,NO,Category → WHISKY; Name → BOND 7 250ML
FGB-STK-WHK-0017,Bond 7 3/4,BAR DRINKS,bottle,0.0,0.0,0.0,FGH-WHISKY-009,BOND 7 750ML,WHISKY,MERGE INTO,NO,Category → WHISKY; Name → BOND 7 750ML
FGB-OTH-0004,Bulleit Bourbon,BAR DRINKS,bottle,3167.0,5000.0,1000.0,FGH-WHISKY-010,BULLEIT BOURBON,WHISKY,KEEP / RENAME,YES,Category → WHISKY
FGB-OTH-0001,Camino,BAR DRINKS,bottle,2000.0,4000.0,1000.0,FGH-SPIRITS-001,CAMINO,SPIRITS,RENAME,YES,Category → SPIRITS
MOG-BAR-0225,CAPRICE RED,BAR DRINKS,each,0.0,0.0,0.0,FGH-WINES-004,CAPRICE SWEET RED,WINES,MERGE INTO,NO,Category → WINES; Name → CAPRICE SWEET RED
MOG-BAR-0226,CAPRICE WHITE,BAR DRINKS,each,0.0,0.0,0.0,FGH-WINES-005,CAPRICE SWEET WHITE,WINES,MERGE INTO,NO,Category → WINES; Name → CAPRICE SWEET WHITE
FGB-STK-WIN-0009,Casabuena 1 Ltr,BAR DRINKS,bottle,0.0,1300.0,0.0,FGH-WINES-006,CASABUENA 1L,WINES,RENAME,YES,Category → WINES; Name → CASABUENA 1L
MOG-BAR-0227,CASABUENA RED,BAR DRINKS,each,0.0,1200.0,0.0,FGH-WINES-008,CASABUENA SANGRIA RED,WINES,MERGE INTO,NO,Category → WINES; Name → CASABUENA SANGRIA RED
FGB-WIN-0004,Casabuena Sangaria,BAR DRINKS,bottle,712.0,1100.0,997.0,FGH-WINES-007,CASABUENA SANGARIA,WINES,RENAME,YES,Category → WINES
MOG-BAR-0228,CASABUENA WHITE,BAR DRINKS,each,0.0,1200.0,0.0,FGH-WINES-009,CASABUENA SANGRIA WHITE,WINES,MERGE INTO,NO,Category → WINES; Name → CASABUENA SANGRIA WHITE
FGB-STK-WIN-0002,Cellar Cask,BAR DRINKS,bottle,0.0,1200.0,0.0,FGH-WINES-010,CELLAR CASK,WINES,RENAME,YES,Category → WINES
FGB-STK-WIN-0004,Chamdor 3/4,BAR DRINKS,bottle,0.0,1000.0,0.0,FGH-WINES-013,CHAMDOR,WINES,MERGE INTO,NO,Category → WINES; Name → CHAMDOR
FGB-STK-BEV-0003,Coke Zero,BAR DRINKS,bottle,0.0,100.0,0.0,FGH-SOFT-DRINKS-001,COKE ZERO,SOFT DRINKS,KEEP / RENAME,YES,Category → SOFT DRINKS
FGB-STK-BEV-0006,Dasani 1 Ltr,BAR DRINKS,bottle,0.0,100.0,0.0,FGH-SOFT-DRINKS-002,DASANI 1L,SOFT DRINKS,RENAME,YES,Category → SOFT DRINKS; Name → DASANI 1L
FGB-STK-BEV-0005,Dasani 1/2,BAR DRINKS,bottle,0.0,50.0,0.0,FGH-SOFT-DRINKS-003,DASANI 500ML,SOFT DRINKS,KEEP / RENAME,YES,Category → SOFT DRINKS; Name → DASANI 500ML
MOG-BAR-0121,DASANI 500ML,BAR DRINKS,each,0.0,50.0,0.0,FGH-SOFT-DRINKS-003,DASANI 500ML,SOFT DRINKS,MERGE INTO,NO,Category → SOFT DRINKS
FGB-STK-MIX-0007,Delmonte,BAR DRINKS,bottle,0.0,350.0,0.0,FGH-SOFT-DRINKS-004,DELMONTE,SOFT DRINKS,RENAME,YES,Category → SOFT DRINKS
FGB-BER-0011,Desperado,BAR DRINKS,bottle,285.0,350.0,996.0,FGH-BEERS-003,DESPERADO,BEERS,KEEP / RENAME,YES,Category → BEERS
FGB-STK-WHK-0031,Double Black 1 Ltr,BAR DRINKS,bottle,0.0,7000.0,0.0,FGH-WHISKY-013,DOUBLE BLACK 1L,WHISKY,MERGE INTO,NO,Category → WHISKY; Name → DOUBLE BLACK 1L
FGB-COG-0002,Double Black 1L,BAR DRINKS,bottle,5875.0,7500.0,1000.0,FGH-WHISKY-013,DOUBLE BLACK 1L,WHISKY,KEEP / RENAME,YES,Category → WHISKY
FGB-STK-WHK-0030,Double Black 750 ml,BAR DRINKS,bottle,0.0,5800.0,0.0,FGH-WHISKY-014,DOUBLE BLACK 750ML,WHISKY,MERGE INTO,NO,Category → WHISKY; Name → DOUBLE BLACK 750ML
MOG-BAR-0223,DROSDTY HOF RED,BAR DRINKS,each,0.0,1200.0,0.0,FGH-WINES-016,DROSTDY HOF RED,WINES,MERGE INTO,NO,Category → WINES; Name → DROSTDY HOF RED
MOG-BAR-0224,DROSDTY HOF WHITE,BAR DRINKS,each,0.0,1200.0,0.0,FGH-WINES-017,DROSTDY HOF WHITE,WINES,MERGE INTO,NO,Category → WINES; Name → DROSTDY HOF WHITE
FGB-STK-WIN-0003,Drostdy-Hof,BAR DRINKS,bottle,0.0,1200.0,0.0,FGH-WINES-018,DROSTDY-HOF,WINES,RENAME,YES,Category → WINES
FGB-WHK-0037,Famous Grouse,BAR DRINKS,bottle,1750.0,2500.0,1000.0,FGH-WHISKY-015,FAMOUS GROUSE 750ML,WHISKY,KEEP / RENAME,YES,Category → WHISKY; Name → FAMOUS GROUSE 750ML
FGB-STK-CAN-0011,FAXE,BAR DRINKS,can,0.0,0.0,0.0,FGH-CANNED-BEERS-004,FAXE CAN,CANNED BEERS,MERGE INTO,NO,Category → CANNED BEERS; Name → FAXE CAN
FGB-STK-WIN-0006,Four Cousins,BAR DRINKS,bottle,0.0,1400.0,0.0,FGH-WINES-019,FOUR COUSINS,WINES,RENAME,YES,Category → WINES
FGB-STK-GIN-0002,Gilbeys Gin 1/2,BAR DRINKS,bottle,0.0,800.0,0.0,FGH-GIN-002,GILBEYS 350ML,GIN,MERGE INTO,NO,Category → GIN; Name → GILBEYS 350ML
FGB-STK-GIN-0001,Gilbeys Gin 1/4,BAR DRINKS,bottle,0.0,600.0,0.0,FGH-GIN-001,GILBEYS 250ML,GIN,MERGE INTO,NO,Category → GIN; Name → GILBEYS 250ML
FGB-STK-GIN-0003,Gilbeys Gin 750 ml,BAR DRINKS,bottle,0.0,1700.0,0.0,FGH-GIN-003,GILBEYS 750ML,GIN,MERGE INTO,NO,Category → GIN; Name → GILBEYS 750ML
FGB-STK-WHK-0021,Glenfiddich 12 Yrs,BAR DRINKS,bottle,0.0,7500.0,0.0,FGH-WHISKY-017,GLENFIDDICH SINGLE MALT 12 YRS,WHISKY,MERGE INTO,NO,Category → WHISKY; Name → GLENFIDDICH SINGLE MALT 12 YRS
FGB-STK-WHK-0022,Glenfiddich 15 Yrs,BAR DRINKS,bottle,0.0,7500.0,0.0,FGH-WHISKY-018,GLENFIDDICH SINGLE MALT 15 YRS,WHISKY,MERGE INTO,NO,Category → WHISKY; Name → GLENFIDDICH SINGLE MALT 15 YRS
MOG-BAR-0198,GLENFIDICH 12 YRS,BAR DRINKS,each,0.0,8500.0,0.0,FGH-WHISKY-017,GLENFIDDICH SINGLE MALT 12 YRS,WHISKY,MERGE INTO,NO,Category → WHISKY; Name → GLENFIDDICH SINGLE MALT 12 YRS
MOG-BAR-0199,GLENFIDICH 15 YRS,BAR DRINKS,each,0.0,12000.0,0.0,FGH-WHISKY-018,GLENFIDDICH SINGLE MALT 15 YRS,WHISKY,MERGE INTO,NO,Category → WHISKY; Name → GLENFIDDICH SINGLE MALT 15 YRS
MOG-BAR-0200,GLENFIDICH 18 YRS,BAR DRINKS,each,0.0,17500.0,0.0,FGH-WHISKY-016,GLENFIDDICH 18YRS 700ML,WHISKY,MERGE INTO,NO,Category → WHISKY; Name → GLENFIDDICH 18YRS 700ML
FGB-CAN-0012,Gordons Can,BAR DRINKS,can,175.96,300.0,1000.0,FGH-CANNED-BEERS-005,GORDONS CAN,CANNED BEERS,RENAME,YES,Category → CANNED BEERS
MOG-BAR-0165,GORDONS DRY GIN 1 LTR,BAR DRINKS,each,0.0,3200.0,0.0,FGH-GIN-004,GORDONS 1L,GIN,MERGE INTO,NO,Category → GIN; Name → GORDONS 1L
MOG-BAR-0163,GORDONS DRY GIN 350ML,BAR DRINKS,each,0.0,1200.0,0.0,FGH-GIN-005,GORDONS 350ML,GIN,MERGE INTO,NO,Category → GIN; Name → GORDONS 350ML
FGB-STK-GIN-0005,Gordons Dry Gin 750 ml,BAR DRINKS,bottle,0.0,2500.0,0.0,FGH-GIN-006,GORDONS 750ML,GIN,MERGE INTO,NO,Category → GIN; Name → GORDONS 750ML
MOG-BAR-0164,GORDONS DRY GIN 750ML,BAR DRINKS,each,0.0,2500.0,0.0,FGH-GIN-006,GORDONS 750ML,GIN,MERGE INTO,NO,Category → GIN; Name → GORDONS 750ML
FGB-STK-WHK-0035,Grants 1/2,BAR DRINKS,bottle,0.0,1600.0,0.0,FGH-WHISKY-020,GRANTS 350ML,WHISKY,MERGE INTO,NO,Category → WHISKY; Name → GRANTS 350ML
FGB-STK-WHK-0036,Grants 3/4,BAR DRINKS,bottle,0.0,2500.0,0.0,FGH-WHISKY-021,GRANTS 750ML,WHISKY,MERGE INTO,NO,Category → WHISKY; Name → GRANTS 750ML
FGB-CAN-0005,Guarana,BAR DRINKS,can,175.96,250.0,1000.0,FGH-BEERS-004,GUARANA,BEERS,KEEP / RENAME,YES,Category → BEERS
FGB-CAN-0010,Guarana Punch,BAR DRINKS,can,175.96,250.0,1000.0,FGH-CANNED-BEERS-006,GUARANA PUNCH,CANNED BEERS,KEEP / RENAME,YES,Category → CANNED BEERS
FGB-BER-0005,Guiness,BAR DRINKS,bottle,204.0,300.0,1000.0,FGH-BEERS-005,GUINNESS,BEERS,KEEP / RENAME,YES,Category → BEERS; Name → GUINNESS
FGB-CAN-0001,Guiness Can,BAR DRINKS,can,216.71,300.0,1000.0,FGH-CANNED-BEERS-007,GUINNESS CAN,CANNED BEERS,KEEP / RENAME,YES,Category → CANNED BEERS; Name → GUINNESS CAN
FGB-STK-WHK-0023,Hennessy,BAR DRINKS,bottle,0.0,7500.0,0.0,FGH-COGNAC-001,HENNESSY,COGNAC,MERGE INTO,NO,Category → COGNAC
FGB-COG-0001,Hennessy 750ml,BAR DRINKS,bottle,4600.0,6500.0,1000.0,FGH-COGNAC-001,HENNESSY,COGNAC,KEEP / RENAME,YES,Category → COGNAC; Name → HENNESSY
FGB-STK-WHK-0024,Hennessy VSOP,BAR DRINKS,bottle,0.0,8500.0,0.0,FGH-COGNAC-004,HENNESSY VSOP 700ML,COGNAC,MERGE INTO,NO,Category → COGNAC; Name → HENNESSY VSOP 700ML
MOG-BAR-0204,HENNESY 1 LTR,BAR DRINKS,each,0.0,13500.0,0.0,FGH-COGNAC-002,HENNESSY 1L,COGNAC,RENAME,YES,Category → COGNAC; Name → HENNESSY 1L
MOG-BAR-0203,HENNESY 700ML,BAR DRINKS,each,0.0,7500.0,0.0,FGH-COGNAC-003,HENNESSY 700ML,COGNAC,RENAME,YES,Category → COGNAC; Name → HENNESSY 700ML
FGB-WHK-0019,Hunters 250ml,BAR DRINKS,bottle,306.0,306.0,994.0,FGH-SPIRITS-010,HUNTERS CHOICE 250ML,SPIRITS,KEEP / RENAME,YES,Category → SPIRITS; Name → HUNTERS CHOICE 250ML
FGB-WHK-0020,Hunters 350ml,BAR DRINKS,bottle,443.0,443.0,999.0,FGH-SPIRITS-011,HUNTERS CHOICE 350ML,SPIRITS,KEEP / RENAME,YES,Category → SPIRITS; Name → HUNTERS CHOICE 350ML
FGB-WHK-0021,Hunters 750ml,BAR DRINKS,bottle,938.0,938.0,1000.0,FGH-SPIRITS-012,HUNTERS CHOICE 750ML,SPIRITS,KEEP / RENAME,YES,Category → SPIRITS; Name → HUNTERS CHOICE 750ML
FGB-BER-0012,Hunters Beer,BAR DRINKS,bottle,203.0,203.0,1000.0,FGH-BEERS-007,HUNTERS BEER,BEERS,RENAME,YES,Category → BEERS
MOG-BAR-0153,HUNTERS GOLD,BAR DRINKS,each,0.0,0.0,0.0,FGH-BEERS-009,HUNTERS CIDER GOLD,BEERS,MERGE INTO,NO,Category → BEERS; Name → HUNTERS CIDER GOLD
MOG-BAR-0193,J. WALKER BLACK 1 LTR,BAR DRINKS,each,0.0,5500.0,0.0,FGH-WHISKY-036,JOHNNIE WALKER BLACK 1L,WHISKY,MERGE INTO,NO,Category → WHISKY; Name → JOHNNIE WALKER BLACK 1L
MOG-BAR-0190,J. WALKER BLACK 250ML,BAR DRINKS,each,0.0,1300.0,0.0,FGH-WHISKY-037,JOHNNIE WALKER BLACK 250ML,WHISKY,MERGE INTO,NO,Category → WHISKY; Name → JOHNNIE WALKER BLACK 250ML
MOG-BAR-0191,J. WALKER BLACK 350ML,BAR DRINKS,each,0.0,2500.0,0.0,FGH-WHISKY-038,JOHNNIE WALKER BLACK 350ML,WHISKY,MERGE INTO,NO,Category → WHISKY; Name → JOHNNIE WALKER BLACK 350ML
MOG-BAR-0192,J. WALKER BLACK 750ML,BAR DRINKS,each,0.0,4500.0,0.0,FGH-WHISKY-040,JOHNNIE WALKER BLACK 750ML,WHISKY,MERGE INTO,NO,Category → WHISKY; Name → JOHNNIE WALKER BLACK 750ML
MOG-BAR-0417,J. WALKER BLONDE,BAR DRINKS,each,0.0,4000.0,0.0,FGH-WHISKY-041,JOHNNIE WALKER BLONDE 750ML,WHISKY,MERGE INTO,NO,Category → WHISKY; Name → JOHNNIE WALKER BLONDE 750ML
MOG-BAR-0189,J. WALKER RED 1 LTR,BAR DRINKS,each,0.0,3000.0,0.0,FGH-WHISKY-043,JOHNNIE WALKER RED 1L,WHISKY,MERGE INTO,NO,Category → WHISKY; Name → JOHNNIE WALKER RED 1L
MOG-BAR-0186,J. WALKER RED 250ML,BAR DRINKS,each,0.0,1000.0,0.0,FGH-WHISKY-044,JOHNNIE WALKER RED 250ML,WHISKY,MERGE INTO,NO,Category → WHISKY; Name → JOHNNIE WALKER RED 250ML
MOG-BAR-0187,J. WALKER RED 350ML,BAR DRINKS,each,0.0,1700.0,0.0,FGH-WHISKY-045,JOHNNIE WALKER RED 350ML,WHISKY,MERGE INTO,NO,Category → WHISKY; Name → JOHNNIE WALKER RED 350ML
MOG-BAR-0188,J. WALKER RED 750ML,BAR DRINKS,each,0.0,2500.0,0.0,FGH-WHISKY-047,JOHNNIE WALKER RED 750ML,WHISKY,MERGE INTO,NO,Category → WHISKY; Name → JOHNNIE WALKER RED 750ML
FGB-STK-WHK-0012,J.W Black 1 Ltr,BAR DRINKS,bottle,0.0,5500.0,0.0,FGH-WHISKY-036,JOHNNIE WALKER BLACK 1L,WHISKY,MERGE INTO,NO,Category → WHISKY; Name → JOHNNIE WALKER BLACK 1L
FGB-STK-WHK-0010,J.W Black 1/2,BAR DRINKS,bottle,0.0,2200.0,0.0,FGH-WHISKY-026,J.W BLACK 1/2,WHISKY,RENAME,YES,Category → WHISKY
FGB-STK-WHK-0009,J.W Black 250 ml,BAR DRINKS,bottle,0.0,1300.0,0.0,FGH-WHISKY-037,JOHNNIE WALKER BLACK 250ML,WHISKY,MERGE INTO,NO,Category → WHISKY; Name → JOHNNIE WALKER BLACK 250ML
FGB-STK-WHK-0011,J.W Black 750 ml,BAR DRINKS,bottle,0.0,4500.0,0.0,FGH-WHISKY-040,JOHNNIE WALKER BLACK 750ML,WHISKY,MERGE INTO,NO,Category → WHISKY; Name → JOHNNIE WALKER BLACK 750ML
FGB-STK-WHK-0014,J.W Black Green Label 1 L,BAR DRINKS,bottle,0.0,7500.0,0.0,FGH-WHISKY-042,JOHNNIE WALKER GREEN LABEL 1L,WHISKY,MERGE INTO,NO,Category → WHISKY; Name → JOHNNIE WALKER GREEN LABEL 1L
FGB-STK-WHK-0013,J.W Blonde 750 ml,BAR DRINKS,bottle,0.0,3000.0,0.0,FGH-WHISKY-041,JOHNNIE WALKER BLONDE 750ML,WHISKY,MERGE INTO,NO,Category → WHISKY; Name → JOHNNIE WALKER BLONDE 750ML
FGB-STK-WHK-0008,J.W Red 1 Ltr,BAR DRINKS,bottle,0.0,3000.0,0.0,FGH-WHISKY-043,JOHNNIE WALKER RED 1L,WHISKY,MERGE INTO,NO,Category → WHISKY; Name → JOHNNIE WALKER RED 1L
FGB-STK-WHK-0005,J.W Red 250 ml,BAR DRINKS,bottle,0.0,800.0,0.0,FGH-WHISKY-044,JOHNNIE WALKER RED 250ML,WHISKY,MERGE INTO,NO,Category → WHISKY; Name → JOHNNIE WALKER RED 250ML
FGB-STK-WHK-0006,J.W Red 375 ml,BAR DRINKS,bottle,0.0,1700.0,0.0,FGH-WHISKY-046,JOHNNIE WALKER RED 375ML,WHISKY,MERGE INTO,NO,Category → WHISKY; Name → JOHNNIE WALKER RED 375ML
FGB-STK-WHK-0007,J.W Red 750 ml,BAR DRINKS,bottle,0.0,2500.0,0.0,FGH-WHISKY-047,JOHNNIE WALKER RED 750ML,WHISKY,MERGE INTO,NO,Category → WHISKY; Name → JOHNNIE WALKER RED 750ML
FGB-STK-WHK-0043,J&B 750 ml,BAR DRINKS,bottle,0.0,2400.0,0.0,FGH-WHISKY-025,J&B 750ML,WHISKY,RENAME,YES,Category → WHISKY; Name → J&B 750ML
FGB-WHK-0030,Jack Daniels 1L,BAR DRINKS,bottle,3300.0,5000.0,1000.0,FGH-WHISKY-027,JACK DANIELS 1L,WHISKY,KEEP / RENAME,YES,Category → WHISKY
FGB-STK-WHK-0027,Jack Daniels 350 ml,BAR DRINKS,bottle,0.0,2500.0,0.0,FGH-WHISKY-028,JACK DANIELS 350ML,WHISKY,MERGE INTO,NO,Category → WHISKY; Name → JACK DANIELS 350ML
FGB-STK-WHK-0028,Jack Daniels 750 ml,BAR DRINKS,bottle,0.0,4500.0,0.0,FGH-WHISKY-030,JACK DANIELS 750ML,WHISKY,KEEP / RENAME,YES,Category → WHISKY; Name → JACK DANIELS 750ML
MOG-BAR-0206,JACK DANIELS 750ML,BAR DRINKS,each,0.0,4500.0,0.0,FGH-WHISKY-030,JACK DANIELS 750ML,WHISKY,MERGE INTO,NO,Category → WHISKY
FGB-STK-WIN-0010,Jager,BAR DRINKS,bottle,0.0,6600.0,0.0,FGH-SPIRITS-014,JAGERMEISTER 700ML,SPIRITS,MERGE INTO,NO,Category → SPIRITS; Name → JAGERMEISTER 700ML
FGB-STK-WIN-0012,Jager Tot,BAR DRINKS,tot,0.0,200.0,0.0,FGH-TOTS-002,JAGER TOT,TOTS,KEEP / RENAME,YES,Category → TOTS
FGB-OTH-0002,Jagermeister,BAR DRINKS,bottle,2200.0,4000.0,1000.0,FGH-SPIRITS-014,JAGERMEISTER 700ML,SPIRITS,KEEP / RENAME,YES,Category → SPIRITS; Name → JAGERMEISTER 700ML
MOG-BAR-0236,JAGERMEISTER TOT,BAR DRINKS,each,0.0,200.0,0.0,FGH-TOTS-003,JAGERMEISTER TOT,TOTS,RENAME,YES,Category → TOTS
FGB-STK-WHK-0001,Jameson 1/2,BAR DRINKS,bottle,0.0,1600.0,0.0,FGH-WHISKY-033,JAMESON 350ML,WHISKY,MERGE INTO,NO,Category → WHISKY; Name → JAMESON 350ML
FGB-WHK-0033,Jameson 1L,BAR DRINKS,bottle,3168.0,4000.0,998.0,FGH-WHISKY-032,JAMESON 1L,WHISKY,KEEP / RENAME,YES,Category → WHISKY
FGB-STK-WHK-0002,Jameson 750 ml,BAR DRINKS,bottle,0.0,3000.0,0.0,FGH-WHISKY-034,JAMESON 750ML,WHISKY,MERGE INTO,NO,Category → WHISKY; Name → JAMESON 750ML
FGB-WHK-0017,JW Black 1L,BAR DRINKS,bottle,3911.0,5000.0,997.0,FGH-WHISKY-036,JOHNNIE WALKER BLACK 1L,WHISKY,KEEP / RENAME,YES,Category → WHISKY; Name → JOHNNIE WALKER BLACK 1L
FGB-WHK-0015,JW Black 350ml,BAR DRINKS,bottle,1720.0,2100.0,1000.0,FGH-WHISKY-038,JOHNNIE WALKER BLACK 350ML,WHISKY,KEEP / RENAME,YES,Category → WHISKY; Name → JOHNNIE WALKER BLACK 350ML
FGB-WHK-0016,JW Black 750ml,BAR DRINKS,bottle,3236.0,3236.0,1000.0,FGH-WHISKY-040,JOHNNIE WALKER BLACK 750ML,WHISKY,KEEP / RENAME,YES,Category → WHISKY; Name → JOHNNIE WALKER BLACK 750ML
FGB-WHK-0018,JW Blonde 750ml,BAR DRINKS,bottle,1991.0,3000.0,1000.0,FGH-WHISKY-041,JOHNNIE WALKER BLONDE 750ML,WHISKY,KEEP / RENAME,YES,Category → WHISKY; Name → JOHNNIE WALKER BLONDE 750ML
FGB-WHK-0014,JW Red 1L,BAR DRINKS,bottle,2147.0,3000.0,990.0,FGH-WHISKY-043,JOHNNIE WALKER RED 1L,WHISKY,KEEP / RENAME,YES,Category → WHISKY; Name → JOHNNIE WALKER RED 1L
FGB-WHK-0011,JW Red 250ml,BAR DRINKS,bottle,560.0,1000.0,1000.0,FGH-WHISKY-044,JOHNNIE WALKER RED 250ML,WHISKY,KEEP / RENAME,YES,Category → WHISKY; Name → JOHNNIE WALKER RED 250ML
FGB-WHK-0012,JW Red 350ml,BAR DRINKS,bottle,853.0,1300.0,999.0,FGH-WHISKY-045,JOHNNIE WALKER RED 350ML,WHISKY,KEEP / RENAME,YES,Category → WHISKY; Name → JOHNNIE WALKER RED 350ML
FGB-WHK-0013,JW Red 750ml,BAR DRINKS,bottle,1799.0,2500.0,995.0,FGH-WHISKY-047,JOHNNIE WALKER RED 750ML,WHISKY,KEEP / RENAME,YES,Category → WHISKY; Name → JOHNNIE WALKER RED 750ML
FGB-STK-SPR-0001,K.C 250 ml,BAR DRINKS,bottle,0.0,450.0,0.0,FGH-WHISKY-048,KC 250ML,WHISKY,MERGE INTO,NO,Category → WHISKY; Name → KC 250ML
FGB-STK-SPR-0002,K.C 350 ml,BAR DRINKS,bottle,0.0,700.0,0.0,FGH-WHISKY-049,KC 350ML,WHISKY,MERGE INTO,NO,Category → WHISKY; Name → KC 350ML
FGB-STK-SPR-0003,K.C 750 ml,BAR DRINKS,bottle,0.0,1200.0,0.0,FGH-WHISKY-050,KC 750ML,WHISKY,MERGE INTO,NO,Category → WHISKY; Name → KC 750ML
MOG-BAR-0124,Keringet Water 1L,BAR DRINKS,each,0.0,120.0,0.0,FGH-SOFT-DRINKS-011,KERINGET WATER 1L,SOFT DRINKS,RENAME,YES,Category → SOFT DRINKS
MOG-BAR-0123,Keringet Water 500ml,BAR DRINKS,each,0.0,70.0,0.0,FGH-SOFT-DRINKS-012,KERINGET WATER 500ML,SOFT DRINKS,RENAME,YES,Category → SOFT DRINKS
FGB-STK-BEV-0011,Lime Lemonade,BAR DRINKS,bottle,0.0,100.0,0.0,FGH-SOFT-DRINKS-014,LIME LEMONADE,SOFT DRINKS,RENAME,YES,Category → SOFT DRINKS
MOG-BAR-0201,MARTEL 750ML,BAR DRINKS,each,0.0,8500.0,0.0,FGH-COGNAC-005,MARTELL 750ML,COGNAC,MERGE INTO,NO,Category → COGNAC; Name → MARTELL 750ML
FGB-COG-0003,Martel VS,BAR DRINKS,bottle,4764.0,8500.0,1000.0,FGH-COGNAC-006,MARTELL VS 700ML,COGNAC,KEEP / RENAME,YES,Category → COGNAC; Name → MARTELL VS 700ML
FGB-COG-0004,Martel VSOP,BAR DRINKS,bottle,7865.0,13000.0,1000.0,FGH-COGNAC-007,MARTELL VSOP 700ML,COGNAC,KEEP / RENAME,YES,Category → COGNAC; Name → MARTELL VSOP 700ML
FGB-STK-WHK-0025,Martell,BAR DRINKS,bottle,0.0,8500.0,0.0,FGH-COGNAC-005,MARTELL 750ML,COGNAC,KEEP / RENAME,YES,Category → COGNAC; Name → MARTELL 750ML
FGB-STK-WHK-0026,Martell VSOP,BAR DRINKS,bottle,0.0,12500.0,0.0,FGH-COGNAC-007,MARTELL VSOP 700ML,COGNAC,MERGE INTO,NO,Category → COGNAC; Name → MARTELL VSOP 700ML
FGB-STK-BEV-0007,Minute Maid,BAR DRINKS,bottle,0.0,100.0,0.0,FGH-SOFT-DRINKS-015,MINUTE MAID,SOFT DRINKS,KEEP / RENAME,YES,Category → SOFT DRINKS
FGB-STK-BEV-0004,Novida,BAR DRINKS,bottle,0.0,80.0,0.0,FGH-SOFT-DRINKS-016,NOVIDA,SOFT DRINKS,KEEP / RENAME,YES,Category → SOFT DRINKS
MOG-BAR-0166,NUDEBURG,BAR DRINKS,each,0.0,2800.0,0.0,FGH-WINES-025,NUDEBURG,WINES,RENAME,YES,Category → WINES
FGB-BER-0009,Pilsner,BAR DRINKS,bottle,169.0,250.0,1000.0,FGH-BEERS-012,PILSNER LAGER,BEERS,KEEP / RENAME,YES,Category → BEERS; Name → PILSNER LAGER
FGB-STK-SPR-0004,Popov 250 ml,BAR DRINKS,bottle,0.0,350.0,0.0,FGH-SPIRITS-019,POPOV 250ML,SPIRITS,RENAME,YES,Category → SPIRITS; Name → POPOV 250ML
FGB-STK-BEV-0008,Predator,BAR DRINKS,bottle,0.0,100.0,0.0,FGH-SOFT-DRINKS-017,PREDATOR,SOFT DRINKS,KEEP / RENAME,YES,Category → SOFT DRINKS
MOG-BAR-0139,PUNCH,BAR DRINKS,each,0.0,250.0,0.0,FGH-BAR-DRINKS-001,PUNCH,BAR DRINKS,RENAME,YES,
FGB-CAN-0011,Raspberry Twist,BAR DRINKS,can,175.96,250.0,1000.0,FGH-CANNED-BEERS-011,SAVANNA RASPBERRY TWIST,CANNED BEERS,KEEP / RENAME,YES,Category → CANNED BEERS; Name → SAVANNA RASPBERRY TWIST
FGB-ENR-0001,Redbull,BAR DRINKS,can,181.0,181.0,996.0,FGH-ENERGY-DRINKS-002,RED BULL,ENERGY DRINKS,KEEP / RENAME,YES,Category → ENERGY DRINKS; Name → RED BULL
FGB-STK-BRC-0006,Richot 1/2,BAR DRINKS,bottle,0.0,800.0,0.0,FGH-SPIRITS-021,RICHOT 350ML,SPIRITS,MERGE INTO,NO,Category → SPIRITS; Name → RICHOT 350ML
FGB-STK-BRC-0005,Richot 1/4,BAR DRINKS,bottle,0.0,600.0,0.0,FGH-SPIRITS-020,RICHOT 250ML,SPIRITS,MERGE INTO,NO,Category → SPIRITS; Name → RICHOT 250ML
FGB-STK-BRC-0007,Richot 750 ml,BAR DRINKS,bottle,0.0,1800.0,0.0,FGH-SPIRITS-022,RICHOT 750ML,SPIRITS,MERGE INTO,NO,Category → SPIRITS; Name → RICHOT 750ML
FGB-STK-BRC-0008,Robertson,BAR DRINKS,bottle,0.0,1800.0,0.0,FGH-WHISKY-059,ROBERTSON WHISKY,WHISKY,KEEP / RENAME,YES,Category → WHISKY; Name → ROBERTSON WHISKY
FGB-WHK-0024,Savanna,BAR DRINKS,bottle,251.0,350.0,1000.0,FGH-BEERS-013,SAVANNA CIDER,BEERS,KEEP / RENAME,YES,Category → BEERS; Name → SAVANNA CIDER
FGB-STK-MIX-0004,Savanna Cider,BAR DRINKS,bottle,0.0,350.0,0.0,FGH-BEERS-013,SAVANNA CIDER,BEERS,MERGE INTO,NO,Category → BEERS
FGB-COG-0005,Singletone 12YRS,BAR DRINKS,bottle,5375.0,6000.0,1000.0,FGH-WHISKY-060,SINGLETON 12 YRS,WHISKY,KEEP / RENAME,YES,Category → WHISKY; Name → SINGLETON 12 YRS
FGB-STK-BEV-0001,Soda 300ml,BAR DRINKS,bottle,0.0,70.0,0.0,FGH-SOFT-DRINKS-018,SODA 300ML,SOFT DRINKS,MERGE INTO,NO,Category → SOFT DRINKS
FGB-SDR-0001,Soda 500ml,BAR DRINKS,bottle,50.0,100.0,1000.0,FGH-SOFT-DRINKS-019,SODA 500ML,SOFT DRINKS,KEEP / RENAME,YES,Category → SOFT DRINKS
FGB-STK-BEV-0002,Soda 500ml,BAR DRINKS,bottle,0.0,100.0,0.0,FGH-SOFT-DRINKS-019,SODA 500ML,SOFT DRINKS,MERGE INTO,NO,Category → SOFT DRINKS
MOG-BAR-0180,SOUTHERN COMFORT,BAR DRINKS,each,0.0,3200.0,0.0,FGH-SPIRITS-023,SOUTHERN COMFORT,SPIRITS,RENAME,YES,Category → SPIRITS
FGB-WHK-0025,Tang 10,BAR DRINKS,bottle,3167.0,6000.0,1000.0,FGH-WHISKY-063,TANG 10,WHISKY,RENAME,YES,Category → WHISKY
FGB-STK-BEV-0010,Tonic Soda,BAR DRINKS,bottle,0.0,120.0,0.0,FGH-SOFT-DRINKS-022,TONIC SODA,SOFT DRINKS,KEEP / RENAME,YES,Category → SOFT DRINKS
FGB-STK-OTH-0002,Trust Kiss,BAR DRINKS,pcs,0.0,100.0,0.0,FGH-CONDOMS-001,KISS,CONDOMS,KEEP / RENAME,YES,Category → CONDOMS; Name → KISS
FGB-OTH-0006,Trust Studded,BAR DRINKS,pcs,39.5,100.0,976.0,FGH-CONDOMS-002,STUDDED,CONDOMS,KEEP / RENAME,YES,Category → CONDOMS; Name → STUDDED
MOG-BAR-0281,V&A,BAR DRINKS,each,0.0,1200.0,0.0,FGH-SPIRITS-025,V&A,SPIRITS,RENAME,YES,Category → SPIRITS
FGB-STK-CRM-0006,V&A 1/4,BAR DRINKS,bottle,0.0,400.0,0.0,FGH-SPIRITS-026,V&A 250ML,SPIRITS,MERGE INTO,NO,Category → SPIRITS; Name → V&A 250ML
FGB-WHK-0041,V&A 250ml,BAR DRINKS,bottle,310.0,400.0,996.0,FGH-SPIRITS-026,V&A 250ML,SPIRITS,KEEP / RENAME,YES,Category → SPIRITS
FGB-WHK-0042,V&A 750ml,BAR DRINKS,bottle,803.0,1200.0,1000.0,FGH-SPIRITS-027,V&A 750ML,SPIRITS,KEEP / RENAME,YES,Category → SPIRITS
FGB-SPR-0014,Viceroy 350ml,BAR DRINKS,bottle,653.0,653.0,966.0,FGH-SPIRITS-030,VICEROY 350ML,SPIRITS,RENAME,YES,Category → SPIRITS
MOG-BAR-0312,VODKA 1 LTR,BAR DRINKS,each,0.0,2300.0,0.0,FGH-VODKA-002,VODKA 1L,VODKA,RENAME,YES,Category → VODKA; Name → VODKA 1L
FGB-STK-VOD-0001,Vodka 250ml,BAR DRINKS,bottle,0.0,600.0,0.0,FGH-VODKA-003,VODKA 250ML,VODKA,MERGE INTO,NO,Category → VODKA
FGB-STK-VOD-0002,Vodka 350ml,BAR DRINKS,bottle,0.0,800.0,0.0,FGH-VODKA-004,VODKA 350ML,VODKA,MERGE INTO,NO,Category → VODKA
FGB-SDR-0002,Water 1L,BAR DRINKS,bottle,42.0,100.0,1000.0,FGH-SOFT-DRINKS-024,WATER 1L,SOFT DRINKS,KEEP / RENAME,YES,Category → SOFT DRINKS
FGB-BER-0013,White Cap,BAR DRINKS,bottle,195.92,250.0,1000.0,FGH-BEERS-021,WHITE CAP LAGER,BEERS,KEEP / RENAME,YES,Category → BEERS; Name → WHITE CAP LAGER
MOG-BAR-0138,WHITE CAP CRISPS,BAR DRINKS,each,0.0,0.0,0.0,FGH-DRY-GOODS-208,WHITE CAP CRISPS,DRY GOODS,RENAME,YES,Category → DRY GOODS
FGB-WHK-0040,William Lawsons 1L,BAR DRINKS,bottle,2229.0,3000.0,1000.0,FGH-WHISKY-066,WILLIAM LAWSONS 1L,WHISKY,KEEP / RENAME,YES,Category → WHISKY
FGB-STK-WHK-0033,William Lawsons 3/4,BAR DRINKS,bottle,0.0,2200.0,0.0,FGH-WHISKY-068,WILLIAM LAWSONS 750ML,WHISKY,MERGE INTO,NO,Category → WHISKY; Name → WILLIAM LAWSONS 750ML
FG-190,BALOZI,BEERS,crate,4225.0,250.0,1000.0,FGH-BEERS-001,BALOZI,BEERS,RENAME,YES,
FG-191,BLACK ICE,BEERS,crate,3982.0,250.0,1000.0,FGH-BEERS-002,BLACK ICE,BEERS,MERGE INTO,NO,
FG-192,DESPARADO,BEERS,pcs,285.0,285.0,6.0,FGH-BEERS-003,DESPERADO,BEERS,MERGE INTO,NO,Name → DESPERADO
FG-450,GUARANA,BEERS,crate,0.0,0.0,0.0,FGH-BEERS-004,GUARANA,BEERS,MERGE INTO,NO,
FG-193,GUINNESS,BEERS,crate,5109.0,300.0,1000.0,FGH-BEERS-005,GUINNESS,BEERS,MERGE INTO,NO,
FG-194,HEINEKEN,BEERS,pcs,263.0,263.0,0.0,FGH-BEERS-006,HEINEKEN,BEERS,RENAME,YES,
FG-320,HUNTERS CIDER DRY,BEERS,pcs,203.0,203.0,33.0,FGH-BEERS-008,HUNTERS CIDER DRY,BEERS,RENAME,YES,
FG-195,HUNTERS CIDER GOLD,BEERS,pcs,203.0,203.0,12.0,FGH-BEERS-009,HUNTERS CIDER GOLD,BEERS,KEEP / RENAME,YES,
FG-315,KINGFISHER,BEERS,pcs,192.0,192.0,0.0,FGH-BEERS-010,KINGFISHER,BEERS,RENAME,YES,
FG-196,MANYATTA,BEERS,pcs,215.0,300.0,1000.0,FGH-BEERS-011,MANYATTA,BEERS,RENAME,YES,
FG-197,PILSNER LAGER,BEERS,crate,4227.0,250.0,1000.0,FGH-BEERS-012,PILSNER LAGER,BEERS,MERGE INTO,NO,
FG-198,SAVANA CIDER,BEERS,pcs,251.0,251.0,0.0,FGH-BEERS-013,SAVANNA CIDER,BEERS,MERGE INTO,NO,Name → SAVANNA CIDER
FG-199,SIKERA,BEERS,crate,3275.0,250.0,1000.0,FGH-BEERS-014,SIKERA,BEERS,RENAME,YES,
FG-200,SNAPP,BEERS,crate,3982.0,250.0,1000.0,FGH-BEERS-015,SNAPP,BEERS,RENAME,YES,
FG-201,SUMMIT LAGER,BEERS,pcs,240.0,300.0,1000.0,FGH-BEERS-016,SUMMIT LAGER,BEERS,RENAME,YES,
FG-202,TUSKER CIDER,BEERS,crate,5552.0,250.0,1000.0,FGH-BEERS-017,TUSKER CIDER,BEERS,RENAME,YES,
FG-203,TUSKER LAGER,BEERS,crate,4225.0,250.0,1000.0,FGH-BEERS-018,TUSKER LAGER,BEERS,RENAME,YES,
FG-204,TUSKER LITE,BEERS,crate,4667.0,250.0,1000.0,FGH-BEERS-019,TUSKER LITE,BEERS,RENAME,YES,
FG-205,TUSKER MALT,BEERS,crate,4075.0,250.0,1000.0,FGH-BEERS-020,TUSKER MALT,BEERS,RENAME,YES,
FG-206,WHITE CAP LAGER,BEERS,crate,4075.0,250.0,1000.0,FGH-BEERS-021,WHITE CAP LAGER,BEERS,MERGE INTO,NO,
FG-207,WHITE CAP LITE,BEERS,crate,4075.0,250.0,1000.0,FGH-BEERS-022,WHITE CAP LITE,BEERS,RENAME,YES,
FG-395,WINDHOEK,BEERS,pcs,190.0,190.0,0.0,FGH-BEERS-023,WINDHOEK,BEERS,RENAME,YES,
FGH-BEV-KCPINE-0001,KC pineapple 750ml,beverage,bottle,0.0,0.0,1000.0,FGH-WHISKY-055,KC PINEAPPLE 750ML,WHISKY,KEEP / RENAME,YES,Category → WHISKY
FG-425,ALVARO CAN,CANNED BEERS,pcs,0.0,0.0,1000.0,FGH-CANNED-BEERS-001,ALVARO CAN,CANNED BEERS,MERGE INTO,NO,
FG-208,BALOZI CAN,CANNED BEERS,pcs,199.2,300.0,1000.0,FGH-CANNED-BEERS-002,BALOZI CAN,CANNED BEERS,RENAME,YES,
FG-209,BLACK ICE CAN,CANNED BEERS,pcs,175.96,300.0,1000.0,FGH-CANNED-BEERS-003,BLACK ICE CAN,CANNED BEERS,RENAME,YES,
FG-210,FAXE CAN,CANNED BEERS,pcs,825.0,825.0,0.0,FGH-CANNED-BEERS-004,FAXE CAN,CANNED BEERS,KEEP / RENAME,YES,
FG-211,GUINNESS CAN,CANNED BEERS,pcs,216.71,300.0,1000.0,FGH-CANNED-BEERS-007,GUINNESS CAN,CANNED BEERS,MERGE INTO,NO,
FG-422,HEINKEIN CAN,CANNED BEERS,pcs,0.0,0.0,0.0,FGH-CANNED-BEERS-008,HEINEKEN CAN,CANNED BEERS,RENAME,YES,Name → HEINEKEN CAN
FG-451,MANYATTA CAN,CANNED BEERS,pcs,0.0,0.0,0.0,FGH-CANNED-BEERS-009,MANYATTA CAN,CANNED BEERS,RENAME,YES,
FG-212,PILSNER CAN,CANNED BEERS,pcs,138.75,300.0,1000.0,FGH-CANNED-BEERS-010,PILSNER CAN,CANNED BEERS,RENAME,YES,
FG-423,QUARANA PUNCH,CANNED BEERS,pcs,0.0,0.0,1000.0,FGH-CANNED-BEERS-006,GUARANA PUNCH,CANNED BEERS,MERGE INTO,NO,Name → GUARANA PUNCH
FG-424,SAVANNA RASPBERRY TWIST,CANNED BEERS,pcs,0.0,0.0,1000.0,FGH-CANNED-BEERS-011,SAVANNA RASPBERRY TWIST,CANNED BEERS,MERGE INTO,NO,
FG-213,SNAPP CAN,CANNED BEERS,pcs,175.96,300.0,1000.0,FGH-CANNED-BEERS-012,SNAPP CAN,CANNED BEERS,RENAME,YES,
FG-214,TUSKER CIDER CAN,CANNED BEERS,pcs,234.0,300.0,1000.0,FGH-CANNED-BEERS-013,TUSKER CIDER CAN,CANNED BEERS,RENAME,YES,
FG-215,TUSKER LAGER CAN,CANNED BEERS,pcs,199.1,300.0,1000.0,FGH-CANNED-BEERS-014,TUSKER LAGER CAN,CANNED BEERS,RENAME,YES,
FG-216,TUSKER LITE CAN,CANNED BEERS,pcs,243.0,300.0,1000.0,FGH-CANNED-BEERS-015,TUSKER LITE CAN,CANNED BEERS,RENAME,YES,
FG-217,TUSKER MALT CAN,CANNED BEERS,pcs,242.0,300.0,1000.0,FGH-CANNED-BEERS-016,TUSKER MALT CAN,CANNED BEERS,RENAME,YES,
FG-218,WHITE CAP CAN,CANNED BEERS,pcs,242.0,242.0,1000.0,FGH-CANNED-BEERS-017,WHITE CAP CAN,CANNED BEERS,RENAME,YES,
FG-118,CERAMIC STAIN REMOVER,CLEANING MATERIALS,ltr,0.0,0.0,1000.0,FGH-CLEANING-MATERIALS-001,CERAMIC STAIN REMOVER,CLEANING MATERIALS,RENAME,YES,
FG-115,GROUT STAIN REMOVER,CLEANING MATERIALS,ltr,0.0,0.0,1000.0,FGH-CLEANING-MATERIALS-002,GROUT STAIN REMOVER,CLEANING MATERIALS,RENAME,YES,
FG-117,INDUSTRIAL JIK,CLEANING MATERIALS,ltr,0.0,0.0,1000.0,FGH-CLEANING-MATERIALS-003,INDUSTRIAL JIK,CLEANING MATERIALS,RENAME,YES,
FG-116,SCOURING POWDER,CLEANING MATERIALS,pcs,0.0,0.0,1000.0,FGH-CLEANING-MATERIALS-004,SCOURING POWDER,CLEANING MATERIALS,RENAME,YES,
FG-113,TOILET DISINFECTANT,CLEANING MATERIALS,ltr,0.0,0.0,1000.0,FGH-CLEANING-MATERIALS-005,TOILET DISINFECTANT,CLEANING MATERIALS,RENAME,YES,
FG-176,WASHING POWDER,CLEANING MATERIALS,kg,1200.0,1200.0,1000.0,FGH-CLEANING-MATERIALS-006,WASHING POWDER,CLEANING MATERIALS,RENAME,YES,
FG-256,DOUBLE BLACK 1LTR,COGNAC,pcs,5640.0,5640.0,4.0,FGH-WHISKY-013,DOUBLE BLACK 1L,WHISKY,MERGE INTO,NO,Category → WHISKY; Name → DOUBLE BLACK 1L
FG-257,DOUBLE BLACK 750ML,COGNAC,pcs,4160.0,4160.0,1.0,FGH-WHISKY-014,DOUBLE BLACK 750ML,WHISKY,KEEP / RENAME,YES,Category → WHISKY
FG-267,HENNESSY VSOP 700ML,COGNAC,pcs,9200.0,9200.0,3.0,FGH-COGNAC-004,HENNESSY VSOP 700ML,COGNAC,KEEP / RENAME,YES,
FG-402,HENNESY,COGNAC,pcs,4600.0,4600.0,1.0,FGH-COGNAC-001,HENNESSY,COGNAC,MERGE INTO,NO,Name → HENNESSY
FG-287,MARTEL VS 700ML,COGNAC,pcs,4764.0,4764.0,4.0,FGH-COGNAC-006,MARTELL VS 700ML,COGNAC,MERGE INTO,NO,Name → MARTELL VS 700ML
FG-288,MARTEL VSOP 700ML,COGNAC,pcs,5800.0,5800.0,2.0,FGH-COGNAC-007,MARTELL VSOP 700ML,COGNAC,MERGE INTO,NO,Name → MARTELL VSOP 700ML
FG-444,KISS,CONDOM,pcs,0.0,0.0,0.0,FGH-CONDOMS-001,KISS,CONDOMS,MERGE INTO,NO,Category → CONDOMS
FG-397,STUDDED,CONDOM,pcs,50.0,950.0,949.0,FGH-CONDOMS-002,STUDDED,CONDOMS,MERGE INTO,NO,Category → CONDOMS
FG-NC-001,TRUST CLASSIC,CONDOM,pcs,30.0,0.0,976.0,FGH-CONDOMS-003,TRUST CLASSIC,CONDOMS,RENAME,YES,Category → CONDOMS
FG-363,13KG GAS,DRY GOODS,pcs,2400.0,2400.0,1000.0,FGH-DRY-GOODS-001,13KG GAS,DRY GOODS,RENAME,YES,
FG-151,50KG GAS,DRY GOODS,pcs,1050.0,8500.0,1000.0,FGH-DRY-GOODS-002,50KG GAS,DRY GOODS,RENAME,YES,
FG-157,6KG GAS,DRY GOODS,pcs,1250.0,1050.0,1000.0,FGH-DRY-GOODS-004,6KG GAS,DRY GOODS,RENAME,YES,
FG-153,6KGS,DRY GOODS,pcs,350.0,1250.0,1000.0,FGH-DRY-GOODS-003,6KG,DRY GOODS,RENAME,YES,Name → 6KG
FG-9,AIR FRESHENERS,DRY GOODS,pcs,1980.0,1980.0,974.0,FGH-DRY-GOODS-005,AIR FRESHENERS,DRY GOODS,RENAME,YES,
FG-2,AJAB UGALI,DRY GOODS,bale,265.0,265.0,538.0,FGH-DRY-GOODS-006,AJAB UGALI,DRY GOODS,RENAME,YES,
FG-383,ATTARMARK,DRY GOODS,pcs,1284.0,265.0,993.0,FGH-DRY-GOODS-007,ATTARMARK,DRY GOODS,RENAME,YES,
FG-82,BACON,DRY GOODS,pkt,400.0,400.0,1000.0,FGH-DRY-GOODS-008,BACON,DRY GOODS,RENAME,YES,
FG-189,BAKED BEANS,DRY GOODS,pcs,20.0,400.0,1000.0,FGH-DRY-GOODS-009,BAKED BEANS,DRY GOODS,RENAME,YES,
FG-61,BAKING POWDER,DRY GOODS,pcs,10.0,20.0,994.0,FGH-DRY-GOODS-010,BAKING POWDER,DRY GOODS,RENAME,YES,
FG-150,BANANAS,DRY GOODS,pcs,180.0,10.0,1000.0,FGH-DRY-GOODS-011,BANANAS,DRY GOODS,RENAME,YES,
FG-40,BARSOAP,DRY GOODS,pcs,70.0,202.0,994.0,FGH-DRY-GOODS-012,BAR SOAP,DRY GOODS,RENAME,YES,Name → BAR SOAP
FG-5,BASMATTI RICE,DRY GOODS,kg,10.0,10.0,895.0,FGH-DRY-GOODS-013,BASMATI RICE,DRY GOODS,RENAME,YES,Name → BASMATI RICE
FG-354,BATTERIES AA,DRY GOODS,pcs,50.0,70.0,1000.0,FGH-DRY-GOODS-014,BATTERIES AA,DRY GOODS,RENAME,YES,
FG-369,BATTERIES AAA,DRY GOODS,pcs,850.0,50.0,1000.0,FGH-DRY-GOODS-015,BATTERIES AAA,DRY GOODS,RENAME,YES,
FG-392,BAYGON,DRY GOODS,pcs,250.0,650.0,1000.0,FGH-DRY-GOODS-016,BAYGON,DRY GOODS,RENAME,YES,
FG-339,BEEF MASALA,DRY GOODS,pcs,680.0,250.0,1000.0,FGH-DRY-GOODS-017,BEEF MASALA,DRY GOODS,RENAME,YES,
FG-79,BEEF STEAK,DRY GOODS,pcs,32.5,680.0,1000.0,FGH-DRY-GOODS-018,BEEF STEAK,DRY GOODS,RENAME,YES,
FG-44,BELLA TISSUE,DRY GOODS,pcs,45.0,22.0,430.0,FGH-DRY-GOODS-020,BELLA TISSUE,DRY GOODS,RENAME,YES,
FG-385,BICABORNATE,DRY GOODS,pcs,10.0,45.0,970.0,FGH-DRY-GOODS-021,BICARBONATE,DRY GOODS,RENAME,YES,Name → BICARBONATE
FG-38,BIRO PENS,DRY GOODS,pcs,150.0,10.0,976.0,FGH-DRY-GOODS-022,BIRO PENS,DRY GOODS,RENAME,YES,
FG-46,BLACK PEPPER,DRY GOODS,pcs,2970.0,150.0,999.0,FGH-DRY-GOODS-023,BLACK PEPPER,DRY GOODS,RENAME,YES,
FG-7,BLUE BAND,DRY GOODS,pcs,60.0,2970.0,1000.0,FGH-DRY-GOODS-024,BLUE BAND,DRY GOODS,RENAME,YES,
FG-170,BROCOLLI,DRY GOODS,kg,60.0,60.0,1000.0,FGH-DRY-GOODS-025,BROCCOLI,DRY GOODS,RENAME,YES,Name → BROCCOLI
FG-15,BROILERS,DRY GOODS,pcs,600.0,600.0,352.0,FGH-DRY-GOODS-026,BROILERS,DRY GOODS,RENAME,YES,
FG-20,BROILERS EGGS,DRY GOODS,pcs,450.0,450.0,1000.0,FGH-DRY-GOODS-027,BROILERS EGGS,DRY GOODS,RENAME,YES,
FG-370,BROOMS,DRY GOODS,pcs,50.0,50.0,1000.0,FGH-DRY-GOODS-028,BROOMS,DRY GOODS,RENAME,YES,
FG-111,BROWN BREAD,DRY GOODS,pcs,57.0,57.0,1000.0,FGH-DRY-GOODS-029,BROWN BREAD,DRY GOODS,RENAME,YES,
FG-352,BROWN KHAKI,DRY GOODS,pcs,200.0,200.0,1000.0,FGH-DRY-GOODS-030,BROWN KHAKI,DRY GOODS,RENAME,YES,
FG-91,BUTTERNUT,DRY GOODS,kg,80.0,80.0,1000.0,FGH-DRY-GOODS-031,BUTTERNUT,DRY GOODS,RENAME,YES,
FG-32,CABBAGES,DRY GOODS,pcs,45.0,50.0,605.0,FGH-DRY-GOODS-032,CABBAGES,DRY GOODS,RENAME,YES,
FG-341,CARDAMOMS,DRY GOODS,pkt,85.0,150.0,1000.0,FGH-DRY-GOODS-033,CARDAMOMS,DRY GOODS,RENAME,YES,
FG-8,CARRIER BAGS #15,DRY GOODS,pcs,150.0,85.0,979.0,FGH-DRY-GOODS-034,CARRIER BAGS #15,DRY GOODS,RENAME,YES,
FG-351,CARRIER BAGS #22,DRY GOODS,pkt,125.0,125.0,977.0,FGH-DRY-GOODS-035,CARRIER BAGS #22,DRY GOODS,RENAME,YES,
FG-107,CARROTS,DRY GOODS,kg,30.0,80.0,878.0,FGH-DRY-GOODS-036,CARROTS,DRY GOODS,RENAME,YES,
FG-109,CHARCOAL,DRY GOODS,sack,1450.0,1450.0,969.5,FGH-DRY-GOODS-037,CHARCOAL,DRY GOODS,RENAME,YES,
FG-77,CHICKEN BITES,DRY GOODS,pkt,375.0,375.0,1000.0,FGH-DRY-GOODS-038,CHICKEN BITES,DRY GOODS,RENAME,YES,
FG-340,CHICKEN MASALA,DRY GOODS,pcs,250.0,250.0,999.0,FGH-DRY-GOODS-039,CHICKEN MASALA,DRY GOODS,RENAME,YES,
FG-124,CHILLI SAUCE,DRY GOODS,pcs,450.0,450.0,999.0,FGH-DRY-GOODS-040,CHILLI SAUCE,DRY GOODS,RENAME,YES,
FG-344,CHILLIE SAUCE SATCHETS,DRY GOODS,pkt,900.0,900.0,1000.0,FGH-DRY-GOODS-041,CHILLIE SAUCE SACHETS,DRY GOODS,RENAME,YES,Name → CHILLIE SAUCE SACHETS
FG-122,CINAMON,DRY GOODS,pcs,230.0,230.0,999.0,FGH-DRY-GOODS-042,CINNAMON,DRY GOODS,RENAME,YES,Name → CINNAMON
FG-60,COCONUT CREAM,DRY GOODS,pcs,285.0,320.0,1000.0,FGH-DRY-GOODS-043,COCONUT CREAM,DRY GOODS,RENAME,YES,
FG-59,COCONUT MILK,DRY GOODS,pcs,290.0,300.0,1000.0,FGH-DRY-GOODS-044,COCONUT MILK,DRY GOODS,RENAME,YES,
FG-129,COFFEE CUPS,DRY GOODS,pcs,375.0,375.0,850.0,FGH-DRY-GOODS-045,COFFEE CUPS,DRY GOODS,RENAME,YES,
FG-186,COLGATE,DRY GOODS,pcs,800.0,800.0,1000.0,FGH-DRY-GOODS-046,COLGATE,DRY GOODS,RENAME,YES,
FG-4,COOKING OIL,DRY GOODS,can,4600.0,5050.0,971.0,FGH-DRY-GOODS-047,COOKING OIL,DRY GOODS,RENAME,YES,
FG-76,CORN FLOUR,DRY GOODS,pkt,107.0,107.0,978.0,FGH-DRY-GOODS-048,CORN FLOUR,DRY GOODS,RENAME,YES,
FG-119,CORNFLAKES,DRY GOODS,pkt,350.0,350.0,1000.0,FGH-DRY-GOODS-049,CORNFLAKES,DRY GOODS,RENAME,YES,
FG-132,COTTON,DRY GOODS,pkt,200.0,200.0,1000.0,FGH-DRY-GOODS-050,COTTON,DRY GOODS,RENAME,YES,
FG-185,COURGETS,DRY GOODS,kg,40.0,40.0,1000.0,FGH-DRY-GOODS-051,COURGETS,DRY GOODS,RENAME,YES,
FG-168,CUCUMBER,DRY GOODS,pcs,40.0,40.0,1000.0,FGH-DRY-GOODS-052,CUCUMBER,DRY GOODS,RENAME,YES,
FG-57,CURRY POWDER,DRY GOODS,pcs,250.0,250.0,1000.0,FGH-DRY-GOODS-053,CURRY POWDER,DRY GOODS,RENAME,YES,
FG-162,DANA JEERA,DRY GOODS,pcs,215.0,215.0,1000.0,FGH-DRY-GOODS-054,DANA JEERA,DRY GOODS,RENAME,YES,
FG-155,DANIA,DRY GOODS,kg,100.0,100.0,1000.0,FGH-DRY-GOODS-057,DHANIA,DRY GOODS,KEEP / RENAME,YES,Name → DHANIA
FG-63,DARKSOY SAUCE,DRY GOODS,pcs,350.0,325.0,976.0,FGH-DRY-GOODS-055,DARK SOY SAUCE,DRY GOODS,RENAME,YES,Name → DARK SOY SAUCE
FG-187,DETTOL,DRY GOODS,ltr,225.0,225.0,1000.0,FGH-DRY-GOODS-056,DETTOL,DRY GOODS,RENAME,YES,
FG-393,DHANIA,DRY GOODS,kg,100.0,100.0,1000.0,FGH-DRY-GOODS-057,DHANIA,DRY GOODS,MERGE INTO,NO,
FG-93,DOOM,DRY GOODS,pcs,500.0,1300.0,1000.0,FGH-DRY-GOODS-058,DOOM,DRY GOODS,RENAME,YES,
FG-407,DORMANTS,DRY GOODS,pcs,1300.0,345.0,1000.0,FGH-DRY-GOODS-059,DORMANTS,DRY GOODS,RENAME,YES,
FG-368,DOWNY,DRY GOODS,ltr,500.0,300.0,970.0,FGH-DRY-GOODS-060,DOWNY,DRY GOODS,RENAME,YES,
FG-12,DRINKING CHOCOLATE,DRY GOODS,pcs,100.0,30.0,990.0,FGH-DRY-GOODS-061,DRINKING CHOCOLATE,DRY GOODS,RENAME,YES,
FG-138,EASY WARM,DRY GOODS,pcs,800.0,800.0,1000.0,FGH-DRY-GOODS-062,EASY WARM,DRY GOODS,RENAME,YES,
FG-51,EGG YELLOW,DRY GOODS,pcs,60.0,21.0,891.0,FGH-DRY-GOODS-063,EGG YELLOW,DRY GOODS,RENAME,YES,
FG-166,EGGS KIENYEJI,DRY GOODS,pcs,25.0,25.0,1000.0,FGH-DRY-GOODS-098,KIENYEJI EGGS,DRY GOODS,KEEP / RENAME,YES,Name → KIENYEJI EGGS
FG-358,ENVELOPE A4,DRY GOODS,pcs,10.0,10.0,1000.0,FGH-DRY-GOODS-064,ENVELOPE A4,DRY GOODS,RENAME,YES,
FG-359,ENVELOPE A5,DRY GOODS,pcs,5.0,5.0,1000.0,FGH-DRY-GOODS-065,ENVELOPE A5,DRY GOODS,RENAME,YES,
FG-3,EXE ALL PURPOSE,DRY GOODS,pkt,155.0,166.0,906.0,FGH-DRY-GOODS-066,EXE ALL PURPOSE,DRY GOODS,RENAME,YES,
FG-399,FALCON RICE,DRY GOODS,kg,100.0,100.0,996.0,FGH-DRY-GOODS-067,FALCON RICE,DRY GOODS,RENAME,YES,
FG-390,FAMILA WIMBI,DRY GOODS,pkt,100.0,100.0,994.0,FGH-DRY-GOODS-068,FAMILA WIMBI,DRY GOODS,RENAME,YES,
FG-96,FILM,DRY GOODS,pcs,700.0,700.0,991.0,FGH-DRY-GOODS-069,FILM,DRY GOODS,RENAME,YES,
FG-18,FISH,DRY GOODS,kg,280.0,280.0,530.0,FGH-DRY-GOODS-070,FISH,DRY GOODS,RENAME,YES,
FG-145,FISH FILLETS,DRY GOODS,kg,275.0,275.0,1000.0,FGH-DRY-GOODS-071,FISH FILLETS,DRY GOODS,RENAME,YES,
FG-58,FISH MASALA,DRY GOODS,pcs,200.0,200.0,998.0,FGH-DRY-GOODS-072,FISH MASALA,DRY GOODS,RENAME,YES,
FG-97,FOIL,DRY GOODS,pcs,1400.0,1400.0,990.0,FGH-DRY-GOODS-073,FOIL,DRY GOODS,RENAME,YES,
FG-443,FRESH MILK,DRY GOODS,ltr,0.0,0.0,0.0,FGH-DRY-GOODS-074,FRESH MILK,DRY GOODS,KEEP / RENAME,YES,
FG-45,GARAM MASALA,DRY GOODS,pcs,190.0,190.0,997.0,FGH-DRY-GOODS-075,GARAM MASALA,DRY GOODS,RENAME,YES,
FG-92,GARLIC,DRY GOODS,pcs,25.0,25.0,955.0,FGH-DRY-GOODS-076,GARLIC,DRY GOODS,RENAME,YES,
FG-49,GARLIC POWDER,DRY GOODS,pcs,180.0,180.0,990.0,FGH-DRY-GOODS-077,GARLIC POWDER,DRY GOODS,RENAME,YES,
FG-88,GINGER,DRY GOODS,kg,250.0,200.0,976.0,FGH-DRY-GOODS-078,GINGER,DRY GOODS,RENAME,YES,
FG-48,GINGER POWDER,DRY GOODS,pcs,150.0,150.0,999.0,FGH-DRY-GOODS-079,GINGER POWDER,DRY GOODS,RENAME,YES,
FG-366,GRAM FLOUR,DRY GOODS,pkt,450.0,450.0,1000.0,FGH-DRY-GOODS-080,GRAM FLOUR,DRY GOODS,RENAME,YES,
FG-371,HAIRNETS,DRY GOODS,pcs,1.0,1.0,780.0,FGH-DRY-GOODS-081,HAIRNETS,DRY GOODS,RENAME,YES,
FG-95,HAND TOWELS,DRY GOODS,pcs,162.0,162.0,914.0,FGH-DRY-GOODS-082,HAND TOWELS,DRY GOODS,RENAME,YES,
FG-387,HAND WASH,DRY GOODS,ltr,60.0,60.0,966.0,FGH-DRY-GOODS-083,HAND WASH,DRY GOODS,RENAME,YES,
FG-43,HANNAN TISSUE,DRY GOODS,pcs,35.0,35.0,1000.0,FGH-DRY-GOODS-084,HANNAN TISSUE,DRY GOODS,RENAME,YES,
FG-348,HARPIC,DRY GOODS,ltr,160.0,160.0,1000.0,FGH-DRY-GOODS-085,HARPIC,DRY GOODS,RENAME,YES,
FG-89,HOHO,DRY GOODS,pcs,10.0,10.0,870.0,FGH-DRY-GOODS-086,HOHO,DRY GOODS,RENAME,YES,
FG-67,HONEY CARTON,DRY GOODS,ctn,2700.0,2700.0,1000.0,FGH-DRY-GOODS-087,HONEY CARTON,DRY GOODS,RENAME,YES,
FG-342,HONEY PIECES,DRY GOODS,pcs,150.0,150.0,935.0,FGH-DRY-GOODS-088,HONEY PIECES,DRY GOODS,RENAME,YES,
FG-34,IDP,DRY GOODS,pcs,1150.0,1120.0,996.0,FGH-DRY-GOODS-089,IDP,DRY GOODS,RENAME,YES,
FG-98,JIK,DRY GOODS,ltr,100.0,100.0,997.0,FGH-DRY-GOODS-090,JIK,DRY GOODS,RENAME,YES,
FG-389,JOGOO WIMBI,DRY GOODS,pkt,100.0,100.0,998.0,FGH-DRY-GOODS-091,JOGOO WIMBI,DRY GOODS,RENAME,YES,
FG-160,JUICE STRAWS,DRY GOODS,pkt,180.0,180.0,993.0,FGH-DRY-GOODS-092,JUICE STRAWS,DRY GOODS,RENAME,YES,
FG-94,JUMBO TISSUE,DRY GOODS,pcs,105.0,105.0,980.0,FGH-DRY-GOODS-093,JUMBO TISSUE,DRY GOODS,RENAME,YES,
FG-181,KAMANDE,DRY GOODS,kg,100.0,100.0,1000.0,FGH-DRY-GOODS-094,KAMANDE,DRY GOODS,RENAME,YES,
FG-163,KETCHUP,DRY GOODS,pcs,500.0,500.0,1000.0,FGH-DRY-GOODS-096,KETCHUP,DRY GOODS,RENAME,YES,
FG-22,KHAKI PAPERS,DRY GOODS,pkt,290.0,290.0,975.0,FGH-DRY-GOODS-097,KHAKI PAPERS,DRY GOODS,RENAME,YES,
FG-108,KIENYEJI EGGS,DRY GOODS,pcs,20.0,20.0,1000.0,FGH-DRY-GOODS-098,KIENYEJI EGGS,DRY GOODS,MERGE INTO,NO,
FG-137,KITCHEN CLEANER,DRY GOODS,pcs,240.0,240.0,998.0,FGH-DRY-GOODS-099,KITCHEN CLEANER,DRY GOODS,RENAME,YES,
FG-404,KITCHEN ROLL,DRY GOODS,pcs,0.0,0.0,962.0,FGH-DRY-GOODS-100,KITCHEN ROLL,DRY GOODS,RENAME,YES,
FG-37,KUKU KIENYEJI,DRY GOODS,pcs,800.0,800.0,1000.0,FGH-DRY-GOODS-101,KUKU KIENYEJI,DRY GOODS,RENAME,YES,
FG-171,LEEKS,DRY GOODS,kg,30.0,30.0,1000.0,FGH-DRY-GOODS-102,LEEKS,DRY GOODS,RENAME,YES,
FG-175,LEMON SQUEZER,DRY GOODS,pcs,500.0,500.0,1000.0,FGH-DRY-GOODS-103,LEMON SQUEEZER,DRY GOODS,RENAME,YES,Name → LEMON SQUEEZER
FG-87,LEMONS,DRY GOODS,kg,80.0,80.0,881.0,FGH-DRY-GOODS-104,LEMONS,DRY GOODS,RENAME,YES,
FG-169,LETTUCE,DRY GOODS,pcs,100.0,100.0,1000.0,FGH-DRY-GOODS-105,LETTUCE,DRY GOODS,RENAME,YES,
FG-64,LIGHT SOY SAUCE,DRY GOODS,pcs,350.0,300.0,1000.0,FGH-DRY-GOODS-106,LIGHT SOY SAUCE,DRY GOODS,KEEP / RENAME,YES,
FG-183,MACORONI,DRY GOODS,pkt,350.0,350.0,1000.0,FGH-DRY-GOODS-107,MACARONI,DRY GOODS,RENAME,YES,Name → MACARONI
FG-104,MANAGU,DRY GOODS,kg,100.0,100.0,1000.0,FGH-DRY-GOODS-108,MANAGU,DRY GOODS,RENAME,YES,
FG-35,MANGOES,DRY GOODS,pcs,40.0,40.0,815.0,FGH-DRY-GOODS-109,MANGOES,DRY GOODS,RENAME,YES,
FG-367,MARA MOJA,DRY GOODS,pcs,100.0,100.0,999.0,FGH-DRY-GOODS-110,MARA MOJA,DRY GOODS,RENAME,YES,
FG-357,MARKER PENS,DRY GOODS,pcs,30.0,30.0,1000.0,FGH-DRY-GOODS-111,MARKER PENS,DRY GOODS,RENAME,YES,
FG-400,MASTER MAIZE MEAL,DRY GOODS,pkt,150.0,150.0,1000.0,FGH-DRY-GOODS-112,MASTER MAIZE MEAL,DRY GOODS,RENAME,YES,
FG-99,MATCHBOX,DRY GOODS,pcs,26.0,26.0,988.0,FGH-DRY-GOODS-113,MATCHBOX,DRY GOODS,RENAME,YES,
FG-165,MATOKE,DRY GOODS,kg,300.0,300.0,1000.0,FGH-DRY-GOODS-114,MATOKE,DRY GOODS,RENAME,YES,
FG-416,MAYONAISE,DRY GOODS,pcs,620.0,620.0,1000.0,FGH-DRY-GOODS-115,MAYONNAISE,DRY GOODS,RENAME,YES,Name → MAYONNAISE
FG-374,MAYONNAISE 5LTRS,DRY GOODS,pcs,1150.0,1150.0,995.0,FGH-DRY-GOODS-116,MAYONNAISE 5L,DRY GOODS,RENAME,YES,Name → MAYONNAISE 5L
FG-149,MBUZI,DRY GOODS,kg,700.0,700.0,1000.0,FGH-DRY-GOODS-117,MBUZI,DRY GOODS,RENAME,YES,
FG-29,MELONS,DRY GOODS,pcs,350.0,350.0,982.0,FGH-DRY-GOODS-118,MELONS,DRY GOODS,RENAME,YES,
FG-406,MFALME,DRY GOODS,pcs,758.0,758.0,1000.0,FGH-DRY-GOODS-119,MFALME,DRY GOODS,RENAME,YES,
FG-106,MILK PACKET,DRY GOODS,ctn,650.0,680.0,947.0,FGH-DRY-GOODS-120,MILK PACKET,DRY GOODS,RENAME,YES,
FG-13,MILO SATCHETS,DRY GOODS,pcs,20.0,20.0,997.0,FGH-DRY-GOODS-121,MILO SACHETS,DRY GOODS,RENAME,YES,Name → MILO SACHETS
FG-80,MINCED MEAT,DRY GOODS,kg,680.0,680.0,1000.0,FGH-DRY-GOODS-122,MINCED MEAT,DRY GOODS,RENAME,YES,
FG-26,MINTS,DRY GOODS,pcs,130.0,204.0,1000.0,FGH-DRY-GOODS-123,MINTS,DRY GOODS,RENAME,YES,
FG-169-2,MIXED BLUT,DRY GOODS,pcs,550.0,0.0,1000.0,FGH-DRY-GOODS-124,MIXED BLUT,DRY GOODS,RENAME,YES,
FG-17,MIXED VEGES,DRY GOODS,pkt,180.0,180.0,980.0,FGH-DRY-GOODS-125,MIXED VEGES,DRY GOODS,RENAME,YES,
FG-388,MOPPERS,DRY GOODS,pcs,250.0,250.0,1000.0,FGH-DRY-GOODS-126,MOPPERS,DRY GOODS,RENAME,YES,
FG-345,MOZERELA CHEESE,DRY GOODS,pkt,1250.0,1250.0,1000.0,FGH-DRY-GOODS-127,MOZZARELLA CHEESE,DRY GOODS,RENAME,YES,Name → MOZZARELLA CHEESE
FG-188,MULTIPURPOSE DETERGENT,DRY GOODS,ltr,50.0,50.0,600.0,FGH-DRY-GOODS-128,MULTIPURPOSE DETERGENT,DRY GOODS,RENAME,YES,
FG-105,MURSIK,DRY GOODS,ltr,80.0,80.0,1000.0,FGH-DRY-GOODS-129,MURSIK,DRY GOODS,RENAME,YES,
FG-62,MUSHROOM CAN,DRY GOODS,pcs,560.0,560.0,1000.0,FGH-DRY-GOODS-130,MUSHROOM CAN,DRY GOODS,RENAME,YES,
FG-81,MUTTON,DRY GOODS,kg,680.0,680.0,1000.0,FGH-DRY-GOODS-131,MUTTON,DRY GOODS,RENAME,YES,
FG-182,NDENGU,DRY GOODS,kg,50.0,50.0,1000.0,FGH-DRY-GOODS-132,NDENGU,DRY GOODS,RENAME,YES,
FG-36,NDUMA,DRY GOODS,pcs,100.0,150.0,1000.0,FGH-DRY-GOODS-133,NDUMA,DRY GOODS,RENAME,YES,
FG-133,NESCAFE,DRY GOODS,pcs,10.0,10.0,635.0,FGH-DRY-GOODS-134,NESCAFE,DRY GOODS,RENAME,YES,
FG-184,NOTEBOOKS,DRY GOODS,pcs,35.0,35.0,1000.0,FGH-DRY-GOODS-135,NOTEBOOKS,DRY GOODS,RENAME,YES,
FG-84,ONIONS,DRY GOODS,kg,65.0,130.0,849.0,FGH-DRY-GOODS-136,ONIONS,DRY GOODS,RENAME,YES,
FG-140,ORDINARY GLASSES,DRY GOODS,pcs,65.0,50.0,418.0,FGH-DRY-GOODS-137,ORDINARY GLASSES,DRY GOODS,RENAME,YES,
FG-55,OREGANO,DRY GOODS,pcs,50.0,50.0,1000.0,FGH-DRY-GOODS-138,OREGANO,DRY GOODS,RENAME,YES,
FG-50,PAPRIKA,DRY GOODS,pcs,190.0,195.0,999.0,FGH-DRY-GOODS-139,PAPRIKA,DRY GOODS,RENAME,YES,
FG-31,PAWPAW,DRY GOODS,pcs,130.0,200.0,1000.0,FGH-DRY-GOODS-140,PAWPAW,DRY GOODS,RENAME,YES,
FG-146,PEAS,DRY GOODS,kg,70.0,70.0,1000.0,FGH-DRY-GOODS-141,PEAS,DRY GOODS,RENAME,YES,
FG-180,PEPPER,DRY GOODS,pcs,10.0,10.0,1000.0,FGH-DRY-GOODS-142,PEPPER,DRY GOODS,RENAME,YES,
FG-52,PILAU MASALA,DRY GOODS,pcs,50.0,285.0,993.0,FGH-DRY-GOODS-143,PILAU MASALA,DRY GOODS,RENAME,YES,
FG-53,PILAU MASALA WHOLE,DRY GOODS,pcs,50.0,280.0,1000.0,FGH-DRY-GOODS-144,PILAU MASALA WHOLE,DRY GOODS,RENAME,YES,
FG-154,PILIPILI,DRY GOODS,pcs,190.0,5.0,1000.0,FGH-DRY-GOODS-145,PILIPILI,DRY GOODS,RENAME,YES,
FG-30,PINEAPLES,DRY GOODS,pcs,150.0,150.0,945.0,FGH-DRY-GOODS-146,PINEAPPLES,DRY GOODS,RENAME,YES,Name → PINEAPPLES
FG-83,PORKCHOPS,DRY GOODS,pkt,1085.0,1085.0,1000.0,FGH-DRY-GOODS-147,PORKCHOPS,DRY GOODS,RENAME,YES,
FG-86,POTATOES,DRY GOODS,kg,50.0,55.0,0.0,FGH-DRY-GOODS-148,POTATOES,DRY GOODS,RENAME,YES,
FG-373,PRESTIGE,DRY GOODS,pcs,363.0,370.0,987.0,FGH-DRY-GOODS-149,PRESTIGE,DRY GOODS,RENAME,YES,
FG-39,PURE WIMBI,DRY GOODS,pkt,200.0,200.0,996.0,FGH-DRY-GOODS-150,PURE WIMBI,DRY GOODS,RENAME,YES,
FG-401,REAM,DRY GOODS,pcs,235.0,0.0,1000.0,FGH-DRY-GOODS-151,REAM,DRY GOODS,RENAME,YES,
FG-384,ROSEMARY LEAVE,DRY GOODS,pcs,21.0,10.0,1000.0,FGH-DRY-GOODS-152,ROSEMARY LEAVE,DRY GOODS,RENAME,YES,
FG-41,ROUND SOAPS,DRY GOODS,pcs,460.0,21.0,1000.0,FGH-DRY-GOODS-153,ROUND SOAPS,DRY GOODS,RENAME,YES,
FG-391,ROYCO CUBES,DRY GOODS,pcs,75.0,118.0,977.0,FGH-DRY-GOODS-154,ROYCO CUBES,DRY GOODS,RENAME,YES,
FG-375,SACKS,DRY GOODS,pcs,460.0,50.0,1000.0,FGH-DRY-GOODS-155,SACKS,DRY GOODS,RENAME,YES,
FG-343,SALT PER 2KG,DRY GOODS,pkt,568.0,75.0,984.0,FGH-DRY-GOODS-156,SALT PER 2KG,DRY GOODS,RENAME,YES,
FG-73,SALT SATCHETS,DRY GOODS,pkt,60.0,460.0,990.0,FGH-DRY-GOODS-157,SALT SACHETS,DRY GOODS,RENAME,YES,Name → SALT SACHETS
FG-16,SAUSAGES,DRY GOODS,pcs,160.0,568.0,855.0,FGH-DRY-GOODS-158,SAUSAGES,DRY GOODS,RENAME,YES,
FG-28,SCRUBBERS,DRY GOODS,pcs,160.0,50.0,978.0,FGH-DRY-GOODS-159,SCRUBBERS,DRY GOODS,RENAME,YES,
FG-14,SELFRAISING,DRY GOODS,pkt,160.0,165.0,959.0,FGH-DRY-GOODS-160,SELFRAISING,DRY GOODS,RENAME,YES,
FG-121,SERVIETTES,DRY GOODS,pcs,260.0,70.0,622.0,FGH-DRY-GOODS-161,SERVIETTES,DRY GOODS,RENAME,YES,
FG-42,SHOWER GEL,DRY GOODS,pcs,130.0,18.0,1000.0,FGH-DRY-GOODS-162,SHOWER GEL,DRY GOODS,RENAME,YES,
FG-382,SIMPLEX TISSUE,DRY GOODS,pkt,25.0,25.0,940.0,FGH-DRY-GOODS-163,SIMPLEX TISSUE,DRY GOODS,RENAME,YES,
FG-103,SKUMA,DRY GOODS,kg,0.0,0.0,1000.0,FGH-DRY-GOODS-176,SUKUMA WIKI,DRY GOODS,MERGE INTO,NO,Name → SUKUMA WIKI
FG-78,SMOKIES,DRY GOODS,pcs,427.0,427.0,1000.0,FGH-DRY-GOODS-164,SMOKIES,DRY GOODS,RENAME,YES,
FG-68,SODA,DRY GOODS,ctn,780.0,780.0,1000.0,FGH-DRY-GOODS-165,SODA,DRY GOODS,RENAME,YES,
FG-173,SODA TAKE AWAY,DRY GOODS,ctn,1480.0,1480.0,1000.0,FGH-DRY-GOODS-166,SODA TAKE AWAY,DRY GOODS,RENAME,YES,
FG-177,SOUP SPOONS,DRY GOODS,pcs,100.0,100.0,1000.0,FGH-DRY-GOODS-167,SOUP SPOONS,DRY GOODS,RENAME,YES,
FG-90,SPAGETTI,DRY GOODS,pcs,250.0,115.0,1000.0,FGH-DRY-GOODS-168,SPAGHETTI,DRY GOODS,KEEP / RENAME,YES,Name → SPAGHETTI
FG-161,SPRING ONIONS,DRY GOODS,pkt,137.5,100.0,1000.0,FGH-DRY-GOODS-169,SPRING ONIONS,DRY GOODS,RENAME,YES,
FG-356,STAPLE PINS,DRY GOODS,kg,150.0,150.0,1000.0,FGH-DRY-GOODS-170,STAPLE PINS,DRY GOODS,RENAME,YES,
FG-27,STEELWOOL,DRY GOODS,pcs,150.0,20.0,994.0,FGH-DRY-GOODS-171,STEEL WOOL,DRY GOODS,RENAME,YES,Name → STEEL WOOL
FG-144,STRAWBERRY ICECREAM,DRY GOODS,pkt,280.0,970.0,999.0,FGH-DRY-GOODS-172,STRAWBERRY ICECREAM,DRY GOODS,RENAME,YES,
FG-353,STRAWS,DRY GOODS,pkt,450.0,50.0,989.0,FGH-DRY-GOODS-173,STRAWS,DRY GOODS,RENAME,YES,
FG-1,SUGAR KG,DRY GOODS,kg,950.0,128.0,941.0,FGH-DRY-GOODS-174,SUGAR KG,DRY GOODS,RENAME,YES,
FG-74,SUGARSATCHETS,DRY GOODS,pkt,158.0,1500.0,986.0,FGH-DRY-GOODS-175,SUGAR SACHETS,DRY GOODS,RENAME,YES,Name → SUGAR SACHETS
FG-427,SUKUMA WIKI,DRY GOODS,kg,100.0,100.0,1000.0,FGH-DRY-GOODS-176,SUKUMA WIKI,DRY GOODS,KEEP / RENAME,YES,
FG-347,SWEET POTATOES,DRY GOODS,pcs,1500.0,50.0,995.0,FGH-DRY-GOODS-178,SWEET POTATOES,DRY GOODS,RENAME,YES,
FG-167,SWEETBANANA,DRY GOODS,pcs,10.0,15.0,1000.0,FGH-DRY-GOODS-177,SWEET BANANA,DRY GOODS,RENAME,YES,Name → SWEET BANANA
FG-174,T-BONE STEAK,DRY GOODS,pcs,50.0,2075.0,1000.0,FGH-DRY-GOODS-179,T-BONE STEAK,DRY GOODS,RENAME,YES,
FG-128,TAKA AWAY FORKS,DRY GOODS,pcs,15.0,100.0,993.0,FGH-DRY-GOODS-180,TAKE AWAY FORKS,DRY GOODS,RENAME,YES,Name → TAKE AWAY FORKS
FG-372,TAKE AWAY SPOONS,DRY GOODS,pcs,2075.0,100.0,995.0,FGH-DRY-GOODS-181,TAKE AWAY SPOONS,DRY GOODS,RENAME,YES,
FG-21,TAKE AWAY TINS,DRY GOODS,pcs,100.0,115.0,926.0,FGH-DRY-GOODS-182,TAKE AWAY TINS,DRY GOODS,RENAME,YES,
FG-75,TEA BAGS,DRY GOODS,pkt,115.0,300.0,998.0,FGH-DRY-GOODS-183,TEA BAGS,DRY GOODS,RENAME,YES,
FG-364,TEA FLASK 1 LTR,DRY GOODS,pcs,300.0,1500.0,1000.0,FGH-DRY-GOODS-185,TEA FLASK 1L,DRY GOODS,RENAME,YES,Name → TEA FLASK 1L
FG-365,TEA FLASK 1/2 LTR,DRY GOODS,pcs,1500.0,750.0,1000.0,FGH-DRY-GOODS-184,TEA FLASK 1/2L,DRY GOODS,RENAME,YES,Name → TEA FLASK 1/2L
FG-65,TEA MASALA,DRY GOODS,pcs,750.0,290.0,1000.0,FGH-DRY-GOODS-187,TEA MASALA,DRY GOODS,RENAME,YES,
FG-172,TEALEAVES,DRY GOODS,pcs,290.0,160.0,986.0,FGH-DRY-GOODS-186,TEA LEAVES,DRY GOODS,RENAME,YES,Name → TEA LEAVES
FG-33,THERMAL ROLLS,DRY GOODS,pcs,180.0,150.0,834.0,FGH-DRY-GOODS-188,THERMAL ROLLS,DRY GOODS,RENAME,YES,
FG-360,THUMB TACKS,DRY GOODS,pcs,150.0,100.0,1000.0,FGH-DRY-GOODS-189,THUMB TACKS,DRY GOODS,RENAME,YES,
FG-120,TOILETBALLS,DRY GOODS,pcs,100.0,125.0,978.0,FGH-DRY-GOODS-190,TOILET BALLS,DRY GOODS,RENAME,YES,Name → TOILET BALLS
FG-11,TOMATO PASTE,DRY GOODS,pcs,125.0,370.0,970.0,FGH-DRY-GOODS-191,TOMATO PASTE,DRY GOODS,RENAME,YES,
FG-24,TOMATO SAUCE,DRY GOODS,pcs,390.0,400.0,985.0,FGH-DRY-GOODS-192,TOMATO SAUCE,DRY GOODS,RENAME,YES,
FG-25,TOMATO SAUCE TAKE AWAY,DRY GOODS,pcs,400.0,870.0,993.0,FGH-DRY-GOODS-193,TOMATO SAUCE TAKE AWAY,DRY GOODS,RENAME,YES,
FG-85,TOMATOES,DRY GOODS,kg,870.0,90.0,610.0,FGH-DRY-GOODS-194,TOMATOES,DRY GOODS,RENAME,YES,
FG-408,TOOTBRUSH,DRY GOODS,pcs,90.0,50.0,1000.0,FGH-DRY-GOODS-195,TOOTHBRUSH,DRY GOODS,KEEP / RENAME,YES,Name → TOOTHBRUSH
FG-349,TOOTHBRUSH,DRY GOODS,pcs,50.0,30.0,1000.0,FGH-DRY-GOODS-195,TOOTHBRUSH,DRY GOODS,MERGE INTO,NO,
FG-350,TOOTHPASTE,DRY GOODS,pcs,30.0,50.0,1000.0,FGH-DRY-GOODS-196,TOOTHPASTE,DRY GOODS,RENAME,YES,
FG-127,TOOTHPICKS,DRY GOODS,pkt,50.0,195.0,987.0,FGH-DRY-GOODS-197,TOOTHPICKS,DRY GOODS,RENAME,YES,
FG-130,TUMBLERS,DRY GOODS,pcs,195.0,195.0,842.0,FGH-DRY-GOODS-198,TUMBLERS,DRY GOODS,RENAME,YES,
FG-54,TUMERIC,DRY GOODS,pcs,124.0,176.0,984.0,FGH-DRY-GOODS-199,TURMERIC,DRY GOODS,RENAME,YES,Name → TURMERIC
FG-398,U MIX,DRY GOODS,pcs,150.0,260.0,1000.0,FGH-DRY-GOODS-200,U MIX,DRY GOODS,RENAME,YES,
FG-394,VANILLA ESSENCE,DRY GOODS,pcs,260.0,130.0,999.0,FGH-DRY-GOODS-201,VANILLA ESSENCE,DRY GOODS,RENAME,YES,
FG-19,VANILLA ICE CREAM,DRY GOODS,pkt,900.0,970.0,998.0,FGH-DRY-GOODS-202,VANILLA ICE CREAM,DRY GOODS,RENAME,YES,
FG-23,VIM,DRY GOODS,pcs,285.0,110.0,992.0,FGH-DRY-GOODS-203,VIM,DRY GOODS,RENAME,YES,
FG-126,VINEGAR,DRY GOODS,pcs,380.0,380.0,997.0,FGH-DRY-GOODS-204,VINEGAR,DRY GOODS,RENAME,YES,
FG-70,Water 500ml,DRY GOODS,pcs,21.0,41.0,1000.0,FGH-SOFT-DRINKS-025,WATER 500ML,SOFT DRINKS,KEEP / RENAME,YES,Category → SOFT DRINKS
FG-110,WEETABIX,DRY GOODS,pkt,450.0,450.0,1000.0,FGH-DRY-GOODS-205,WEETABIX,DRY GOODS,RENAME,YES,
FG-141,WHISKY GLASS,DRY GOODS,pcs,100.0,100.0,556.0,FGH-DRY-GOODS-206,WHISKY GLASS,DRY GOODS,RENAME,YES,
FG-112,WHITE BREADE,DRY GOODS,pcs,57.0,57.0,1000.0,FGH-DRY-GOODS-207,WHITE BREAD,DRY GOODS,RENAME,YES,Name → WHITE BREAD
FG-123,WHITEPEPPER,DRY GOODS,pcs,200.0,258.0,1000.0,FGH-DRY-GOODS-209,WHITE PEPPER,DRY GOODS,RENAME,YES,Name → WHITE PEPPER
FG-134,WHOLEMEAL,DRY GOODS,pkt,265.0,265.0,1000.0,FGH-DRY-GOODS-210,WHOLEMEAL,DRY GOODS,RENAME,YES,
FG-136,WINDOW CLEANER,DRY GOODS,pcs,255.0,230.0,1000.0,FGH-DRY-GOODS-211,WINDOW CLEANER,DRY GOODS,RENAME,YES,
FG-142,WINE GLASS,DRY GOODS,pcs,230.0,150.0,988.0,FGH-DRY-GOODS-212,WINE GLASS,DRY GOODS,RENAME,YES,
FG-101,WIPEX,DRY GOODS,pcs,150.0,130.0,1000.0,FGH-DRY-GOODS-213,WIPEX,DRY GOODS,RENAME,YES,
FG-66,YEAST,DRY GOODS,pcs,130.0,275.0,990.0,FGH-DRY-GOODS-214,YEAST,DRY GOODS,RENAME,YES,
FG-164,YELLOW BEANS,DRY GOODS,kg,97.71,70.0,972.0,FGH-DRY-GOODS-215,YELLOW BEANS,DRY GOODS,RENAME,YES,
FG-158,ZESTAJAM,DRY GOODS,pcs,400.0,400.0,1000.0,FGH-DRY-GOODS-216,ZESTAJAM,DRY GOODS,RENAME,YES,
FG-346,BEETROOTS,ENERGY DRINKS,pcs,30.0,30.0,1000.0,FGH-DRY-GOODS-019,BEETROOTS,DRY GOODS,RENAME,YES,Category → DRY GOODS
FG-219,MONSTER,ENERGY DRINKS,pcs,202.0,202.0,12.0,FGH-ENERGY-DRINKS-001,MONSTER,ENERGY DRINKS,RENAME,YES,
FG-220,RED BULL,ENERGY DRINKS,pcs,181.0,181.0,74.0,FGH-ENERGY-DRINKS-002,RED BULL,ENERGY DRINKS,MERGE INTO,NO,
FGH-FOOD-FRESHM-0001,Fresh Milk,food,ltr,0.0,0.0,0.0,FGH-DRY-GOODS-074,FRESH MILK,DRY GOODS,MERGE INTO,NO,Category → DRY GOODS
FGH-FOOD-KENTAS-0001,KENTASTE COCONUT OIL,food,pcs,0.0,0.0,0.0,FGH-DRY-GOODS-095,KENTASTE COCONUT OIL,DRY GOODS,KEEP / RENAME,YES,Category → DRY GOODS
FGH-FOOD-SPAGHE-0001,SPAGHETTI,food,pcs,0.0,0.0,0.0,FGH-DRY-GOODS-168,SPAGHETTI,DRY GOODS,MERGE INTO,NO,Category → DRY GOODS
FGB-STK-BRC-0002,KENTASTE COCONUT OIL,FOOD,pcs,0.0,0.0,0.0,FGH-DRY-GOODS-095,KENTASTE COCONUT OIL,DRY GOODS,MERGE INTO,NO,Category → DRY GOODS
FGB-STK-BEV-0012,LIGHT SOY SAUCE,FOOD,bottle,0.0,0.0,0.0,FGH-DRY-GOODS-106,LIGHT SOY SAUCE,DRY GOODS,MERGE INTO,NO,Category → DRY GOODS
FG-414,SPAGETTI,FOOD,pcs,0.0,0.0,1000.0,FGH-DRY-GOODS-168,SPAGHETTI,DRY GOODS,MERGE INTO,NO,Category → DRY GOODS; Name → SPAGHETTI
FG-221,GILBEYS 250ML,GIN,pcs,416.0,416.0,1.0,FGH-GIN-001,GILBEYS 250ML,GIN,KEEP / RENAME,YES,
FG-222,GILBEYS 350ML,GIN,pcs,576.0,576.0,0.0,FGH-GIN-002,GILBEYS 350ML,GIN,KEEP / RENAME,YES,
FG-223,GILBEYS 750ML,GIN,pcs,1240.0,1240.0,9.0,FGH-GIN-003,GILBEYS 750ML,GIN,KEEP / RENAME,YES,
FG-224,GORDONS 1LTR,GIN,pcs,1850.0,2500.0,1000.0,FGH-GIN-004,GORDONS 1L,GIN,KEEP / RENAME,YES,Name → GORDONS 1L
FG-225,GORDONS 350ML,GIN,pcs,1008.0,1008.0,17.0,FGH-GIN-005,GORDONS 350ML,GIN,KEEP / RENAME,YES,
FG-314,GORDONS 750ML,GIN,pcs,2000.0,2000.0,19.0,FGH-GIN-006,GORDONS 750ML,GIN,KEEP / RENAME,YES,
FG-405,TANGUARAY 1 LTR,GIN,pcs,3167.0,3167.0,1000.0,FGH-GIN-009,TANQUERAY 1L,GIN,RENAME,YES,Name → TANQUERAY 1L
FG-242,TANGUERAY 10YRS,GIN,pcs,3200.0,4500.0,1000.0,FGH-GIN-007,TANGUERAY 10YRS,GIN,RENAME,YES,
FG-294,TANGUERAY 750ML,GIN,pcs,4250.0,4250.0,1000.0,FGH-GIN-008,TANGUERAY 750ML,GIN,RENAME,YES,
FGH-CHB-0012,1 Kg Chicken Dry Fry,KITCHEN MENU,portion,0.0,1400.0,1000.0,,,,REMOVE POS ITEM FROM STOCK MASTER,,Remove from master inventory and branch stock linkage. Retain the menu definition only in the POS/menu tables.
FGH-CHB-0006,1 Kg Chicken Pan Fry,KITCHEN MENU,portion,0.0,1600.0,1000.0,,,,REMOVE POS ITEM FROM STOCK MASTER,,Remove from master inventory and branch stock linkage. Retain the menu definition only in the POS/menu tables.
FGH-CHB-0003,1 Kg Chicken Wet Fry,KITCHEN MENU,portion,0.0,1400.0,1000.0,,,,REMOVE POS ITEM FROM STOCK MASTER,,Remove from master inventory and branch stock linkage. Retain the menu definition only in the POS/menu tables.
FGH-CHB-0011,1/2 Kg Chicken Dry Fry,KITCHEN MENU,portion,0.0,700.0,1000.0,,,,REMOVE POS ITEM FROM STOCK MASTER,,Remove from master inventory and branch stock linkage. Retain the menu definition only in the POS/menu tables.
FGH-CHB-0005,1/2 Kg Chicken Pan Fry,KITCHEN MENU,portion,0.0,800.0,1000.0,,,,REMOVE POS ITEM FROM STOCK MASTER,,Remove from master inventory and branch stock linkage. Retain the menu definition only in the POS/menu tables.
FGH-CHB-0002,1/2 Kg Chicken Wet Fry,KITCHEN MENU,portion,0.0,700.0,1000.0,,,,REMOVE POS ITEM FROM STOCK MASTER,,Remove from master inventory and branch stock linkage. Retain the menu definition only in the POS/menu tables.
FGH-KUK-0011,1/2 Kg Kuku Kienyeji Dry Fry,KITCHEN MENU,portion,0.0,1000.0,1000.0,,,,REMOVE POS ITEM FROM STOCK MASTER,,Remove from master inventory and branch stock linkage. Retain the menu definition only in the POS/menu tables.
FGH-KUK-0005,1/2 Kg Kuku Kienyeji Pan Fry,KITCHEN MENU,portion,0.0,1100.0,1000.0,,,,REMOVE POS ITEM FROM STOCK MASTER,,Remove from master inventory and branch stock linkage. Retain the menu definition only in the POS/menu tables.
FGH-KUK-0002,1/2 Kg Kuku Kienyeji Wet Fry,KITCHEN MENU,portion,0.0,1100.0,1000.0,,,,REMOVE POS ITEM FROM STOCK MASTER,,Remove from master inventory and branch stock linkage. Retain the menu definition only in the POS/menu tables.
MENU-797692d9-1146-4c86-b348-fe3774a733f1,1/4 Kg Chicken Dry Fry,KITCHEN MENU,each,0.0,350.0,1000.0,,,,REMOVE POS ITEM FROM STOCK MASTER,,Remove from master inventory and branch stock linkage. Retain the menu definition only in the POS/menu tables.
FGH-CHB-0004,1/4 Kg Chicken Pan Fry,KITCHEN MENU,portion,0.0,400.0,1000.0,,,,REMOVE POS ITEM FROM STOCK MASTER,,Remove from master inventory and branch stock linkage. Retain the menu definition only in the POS/menu tables.
FGH-CHB-0001,1/4 Kg Chicken Wet Fry,KITCHEN MENU,portion,0.0,350.0,1000.0,,,,REMOVE POS ITEM FROM STOCK MASTER,,Remove from master inventory and branch stock linkage. Retain the menu definition only in the POS/menu tables.
FGH-CHB-0010,1/4 Kg Kienyeji Chicken Boiled,KITCHEN MENU,portion,0.0,400.0,1000.0,,,,REMOVE POS ITEM FROM STOCK MASTER,,Remove from master inventory and branch stock linkage. Retain the menu definition only in the POS/menu tables.
FGH-KUK-0010,1/4 Kg Kuku Kienyeji Dry Fry,KITCHEN MENU,portion,0.0,500.0,1000.0,,,,REMOVE POS ITEM FROM STOCK MASTER,,Remove from master inventory and branch stock linkage. Retain the menu definition only in the POS/menu tables.
FGH-KUK-0004,1/4 Kg Kuku Kienyeji Pan Fry,KITCHEN MENU,portion,0.0,550.0,1000.0,,,,REMOVE POS ITEM FROM STOCK MASTER,,Remove from master inventory and branch stock linkage. Retain the menu definition only in the POS/menu tables.
FGH-KUK-0001,1/4 Kg Kuku Kienyeji Wet Fry,KITCHEN MENU,portion,0.0,550.0,1000.0,,,,REMOVE POS ITEM FROM STOCK MASTER,,Remove from master inventory and branch stock linkage. Retain the menu definition only in the POS/menu tables.
MENU-36d1b188-928d-40d6-86d1-b50a992fd9a0,20 Litre Container,KITCHEN MENU,each,0.0,100.0,1000.0,,,,REMOVE POS ITEM FROM STOCK MASTER,,Remove from master inventory and branch stock linkage. Retain the menu definition only in the POS/menu tables.
FGH-BSD-0004,Banana 2 Pieces,KITCHEN MENU,portion,0.0,40.0,1000.0,,,,REMOVE POS ITEM FROM STOCK MASTER,,Remove from master inventory and branch stock linkage. Retain the menu definition only in the POS/menu tables.
MENU-71b4c3b0-288c-4efb-bfc7-021b203bc2e4,Beans,KITCHEN MENU,each,0.0,150.0,1000.0,,,,REMOVE POS ITEM FROM STOCK MASTER,,Remove from master inventory and branch stock linkage. Retain the menu definition only in the POS/menu tables.
FGH-BEF-0005,Beef Pan Fry 1 Kg,KITCHEN MENU,portion,0.0,1600.0,1000.0,,,,REMOVE POS ITEM FROM STOCK MASTER,,Remove from master inventory and branch stock linkage. Retain the menu definition only in the POS/menu tables.
FGH-BEF-0004,Beef Pan Fry 1/2 Kg,KITCHEN MENU,portion,0.0,800.0,1000.0,,,,REMOVE POS ITEM FROM STOCK MASTER,,Remove from master inventory and branch stock linkage. Retain the menu definition only in the POS/menu tables.
FGH-BEF-0003,Beef Pan Fry 1/4 Kg,KITCHEN MENU,portion,0.0,400.0,1000.0,,,,REMOVE POS ITEM FROM STOCK MASTER,,Remove from master inventory and branch stock linkage. Retain the menu definition only in the POS/menu tables.
FGH-BEF-0002,Beef Stew 1 Kg,KITCHEN MENU,portion,0.0,1600.0,1000.0,,,,REMOVE POS ITEM FROM STOCK MASTER,,Remove from master inventory and branch stock linkage. Retain the menu definition only in the POS/menu tables.
MENU-c89e6e19-0b4c-489b-9688-02fa6c2c90ae,Beef Stew 1/2 Kg,KITCHEN MENU,each,0.0,800.0,1000.0,,,,REMOVE POS ITEM FROM STOCK MASTER,,Remove from master inventory and branch stock linkage. Retain the menu definition only in the POS/menu tables.
FGH-BEF-0001,Beef Stew 1/4 Kg,KITCHEN MENU,portion,0.0,400.0,1000.0,,,,REMOVE POS ITEM FROM STOCK MASTER,,Remove from master inventory and branch stock linkage. Retain the menu definition only in the POS/menu tables.
FGH-BEF-0008,Beef Wet Fry 1 Kg,KITCHEN MENU,portion,0.0,1600.0,1000.0,,,,REMOVE POS ITEM FROM STOCK MASTER,,Remove from master inventory and branch stock linkage. Retain the menu definition only in the POS/menu tables.
FGH-BEF-0007,Beef Wet Fry 1/2 Kg,KITCHEN MENU,portion,0.0,800.0,1000.0,,,,REMOVE POS ITEM FROM STOCK MASTER,,Remove from master inventory and branch stock linkage. Retain the menu definition only in the POS/menu tables.
FGH-BEF-0006,Beef Wet Fry 1/4 Kg,KITCHEN MENU,portion,0.0,400.0,1000.0,,,,REMOVE POS ITEM FROM STOCK MASTER,,Remove from master inventory and branch stock linkage. Retain the menu definition only in the POS/menu tables.
MENU-79eebd8c-8969-431e-a8f7-49defee12b7a,Bhajia,KITCHEN MENU,portion,0.0,250.0,1000.0,,,,REMOVE POS ITEM FROM STOCK MASTER,,Remove from master inventory and branch stock linkage. Retain the menu definition only in the POS/menu tables.
FGH-HBV-0016,Black Coffee,KITCHEN MENU,portion,0.0,50.0,1000.0,,,,REMOVE POS ITEM FROM STOCK MASTER,,Remove from master inventory and branch stock linkage. Retain the menu definition only in the POS/menu tables.
FGH-HBV-0003,Black Tea,KITCHEN MENU,portion,0.0,50.0,1000.0,,,,REMOVE POS ITEM FROM STOCK MASTER,,Remove from master inventory and branch stock linkage. Retain the menu definition only in the POS/menu tables.
FGH-EGD-0005,Boiled Eggs Broiler,KITCHEN MENU,portion,0.0,100.0,1000.0,,,,REMOVE POS ITEM FROM STOCK MASTER,,Remove from master inventory and branch stock linkage. Retain the menu definition only in the POS/menu tables.
FGH-EGD-0006,Boiled Eggs Kienyeji,KITCHEN MENU,portion,0.0,150.0,1000.0,,,,REMOVE POS ITEM FROM STOCK MASTER,,Remove from master inventory and branch stock linkage. Retain the menu definition only in the POS/menu tables.
FGH-SNP-0004,Brown Chapati,KITCHEN MENU,portion,0.0,70.0,1000.0,,,,REMOVE POS ITEM FROM STOCK MASTER,,Remove from master inventory and branch stock linkage. Retain the menu definition only in the POS/menu tables.
FGH-FST-0007,Burger,KITCHEN MENU,portion,0.0,300.0,1000.0,,,,REMOVE POS ITEM FROM STOCK MASTER,,Remove from master inventory and branch stock linkage. Retain the menu definition only in the POS/menu tables.
MENU-5f348f46-12d2-4caa-bebe-5d2a0f67399c,Cabbage Mixed,KITCHEN MENU,each,0.0,150.0,1000.0,,,,REMOVE POS ITEM FROM STOCK MASTER,,Remove from master inventory and branch stock linkage. Retain the menu definition only in the POS/menu tables.
MENU-7bcf03d1-b7ed-434c-83a3-aa34653ece71,Cabbage Plain,KITCHEN MENU,each,0.0,100.0,1000.0,,,,REMOVE POS ITEM FROM STOCK MASTER,,Remove from master inventory and branch stock linkage. Retain the menu definition only in the POS/menu tables.
FGH-SNP-0003,Chapati,KITCHEN MENU,portion,0.0,50.0,1000.0,,,,REMOVE POS ITEM FROM STOCK MASTER,,Remove from master inventory and branch stock linkage. Retain the menu definition only in the POS/menu tables.
FGH-SWR-0003,Chapati Roll Broiler,KITCHEN MENU,portion,0.0,150.0,1000.0,,,,REMOVE POS ITEM FROM STOCK MASTER,,Remove from master inventory and branch stock linkage. Retain the menu definition only in the POS/menu tables.
FGH-SWR-0004,Chapati Roll Kienyeji,KITCHEN MENU,portion,0.0,200.0,1000.0,,,,REMOVE POS ITEM FROM STOCK MASTER,,Remove from master inventory and branch stock linkage. Retain the menu definition only in the POS/menu tables.
FGH-FST-0001,Chips,KITCHEN MENU,portion,0.0,150.0,1000.0,,,,REMOVE POS ITEM FROM STOCK MASTER,,Remove from master inventory and branch stock linkage. Retain the menu definition only in the POS/menu tables.
FGH-FST-0005,Chips Gizzard,KITCHEN MENU,portion,0.0,300.0,1000.0,,,,REMOVE POS ITEM FROM STOCK MASTER,,Remove from master inventory and branch stock linkage. Retain the menu definition only in the POS/menu tables.
FGH-FST-0006,Chips Liver,KITCHEN MENU,portion,0.0,300.0,1000.0,,,,REMOVE POS ITEM FROM STOCK MASTER,,Remove from master inventory and branch stock linkage. Retain the menu definition only in the POS/menu tables.
MENU-3a25aaf6-80b3-484e-8936-017c6e07013f,Chips Masala,KITCHEN MENU,each,0.0,200.0,1000.0,,,,REMOVE POS ITEM FROM STOCK MASTER,,Remove from master inventory and branch stock linkage. Retain the menu definition only in the POS/menu tables.
FGH-HBV-0017,Chocolate / Milo,KITCHEN MENU,portion,0.0,70.0,1000.0,,,,REMOVE POS ITEM FROM STOCK MASTER,,Remove from master inventory and branch stock linkage. Retain the menu definition only in the POS/menu tables.
FGH-HBV-0010,Cocoa,KITCHEN MENU,portion,0.0,70.0,1000.0,,,,REMOVE POS ITEM FROM STOCK MASTER,,Remove from master inventory and branch stock linkage. Retain the menu definition only in the POS/menu tables.
MENU-cb48a0e0-8aea-460a-a9d1-2f0fbd2bce0a,Coffee Cup,KITCHEN MENU,each,0.0,20.0,1000.0,,,,REMOVE POS ITEM FROM STOCK MASTER,,Remove from master inventory and branch stock linkage. Retain the menu definition only in the POS/menu tables.
FGH-SNP-0013,Cookies Pair,KITCHEN MENU,portion,0.0,50.0,1000.0,,,,REMOVE POS ITEM FROM STOCK MASTER,,Remove from master inventory and branch stock linkage. Retain the menu definition only in the POS/menu tables.
FGH-SNP-0010,Corn Flakes,KITCHEN MENU,portion,0.0,50.0,1000.0,,,,REMOVE POS ITEM FROM STOCK MASTER,,Remove from master inventory and branch stock linkage. Retain the menu definition only in the POS/menu tables.
FGH-HBV-0009,Dawa,KITCHEN MENU,portion,0.0,100.0,1000.0,,,,REMOVE POS ITEM FROM STOCK MASTER,,Remove from master inventory and branch stock linkage. Retain the menu definition only in the POS/menu tables.
FGH-CBV-0010,Delmonte Juice 1 Litre,KITCHEN MENU,portion,0.0,350.0,1000.0,,,,REMOVE POS ITEM FROM STOCK MASTER,,Remove from master inventory and branch stock linkage. Retain the menu definition only in the POS/menu tables.
FGH-SNP-0008,Dried Chapati,KITCHEN MENU,portion,0.0,70.0,1000.0,,,,REMOVE POS ITEM FROM STOCK MASTER,,Remove from master inventory and branch stock linkage. Retain the menu definition only in the POS/menu tables.
FGH-EGD-0009,Egg Fry Macho,KITCHEN MENU,portion,0.0,100.0,1000.0,,,,REMOVE POS ITEM FROM STOCK MASTER,,Remove from master inventory and branch stock linkage. Retain the menu definition only in the POS/menu tables.
FGH-SWR-0001,Egg Sandwich,KITCHEN MENU,portion,0.0,150.0,1000.0,,,,REMOVE POS ITEM FROM STOCK MASTER,,Remove from master inventory and branch stock linkage. Retain the menu definition only in the POS/menu tables.
FGH-BRK-0001,FG Breakfast,KITCHEN MENU,portion,0.0,300.0,1000.0,,,,REMOVE POS ITEM FROM STOCK MASTER,,Remove from master inventory and branch stock linkage. Retain the menu definition only in the POS/menu tables.
FGH-BRK-0002,FG Special,KITCHEN MENU,portion,0.0,500.0,1000.0,,,,REMOVE POS ITEM FROM STOCK MASTER,,Remove from master inventory and branch stock linkage. Retain the menu definition only in the POS/menu tables.
FGH-FSH-0001,Fish Dry Whole,KITCHEN MENU,portion,0.0,550.0,1000.0,,,,REMOVE POS ITEM FROM STOCK MASTER,,Remove from master inventory and branch stock linkage. Retain the menu definition only in the POS/menu tables.
FGH-FSH-0002,Fish Wet Whole,KITCHEN MENU,portion,0.0,600.0,1000.0,,,,REMOVE POS ITEM FROM STOCK MASTER,,Remove from master inventory and branch stock linkage. Retain the menu definition only in the POS/menu tables.
FGH-SWR-0005,French Toast,KITCHEN MENU,portion,0.0,100.0,1000.0,,,,REMOVE POS ITEM FROM STOCK MASTER,,Remove from master inventory and branch stock linkage. Retain the menu definition only in the POS/menu tables.
FGH-CBV-0011,Fresh Juice Passion/Mango,KITCHEN MENU,portion,0.0,150.0,1000.0,,,,REMOVE POS ITEM FROM STOCK MASTER,,Remove from master inventory and branch stock linkage. Retain the menu definition only in the POS/menu tables.
FGH-CBV-0005,Fresh Milk Glass,KITCHEN MENU,portion,0.0,100.0,1000.0,,,,REMOVE POS ITEM FROM STOCK MASTER,,Remove from master inventory and branch stock linkage. Retain the menu definition only in the POS/menu tables.
FGH-EGD-0007,Fried Eggs Broiler,KITCHEN MENU,portion,0.0,100.0,1000.0,,,,REMOVE POS ITEM FROM STOCK MASTER,,Remove from master inventory and branch stock linkage. Retain the menu definition only in the POS/menu tables.
FGH-EGD-0008,Fried Eggs Kienyeji,KITCHEN MENU,portion,0.0,150.0,1000.0,,,,REMOVE POS ITEM FROM STOCK MASTER,,Remove from master inventory and branch stock linkage. Retain the menu definition only in the POS/menu tables.
FGH-KUK-0012,Full Kuku Kienyeji Dry Fry,KITCHEN MENU,portion,0.0,2000.0,1000.0,,,,REMOVE POS ITEM FROM STOCK MASTER,,Remove from master inventory and branch stock linkage. Retain the menu definition only in the POS/menu tables.
FGH-KUK-0006,Full Kuku Kienyeji Pan Fry,KITCHEN MENU,portion,0.0,2200.0,1000.0,,,,REMOVE POS ITEM FROM STOCK MASTER,,Remove from master inventory and branch stock linkage. Retain the menu definition only in the POS/menu tables.
MENU-00b69d3b-1829-453c-8aa5-53109fd90bad,Garlic Chips,KITCHEN MENU,each,0.0,200.0,1000.0,,,,REMOVE POS ITEM FROM STOCK MASTER,,Remove from master inventory and branch stock linkage. Retain the menu definition only in the POS/menu tables.
FGH-HBV-0008,Ginger Tea,KITCHEN MENU,portion,0.0,150.0,1000.0,,,,REMOVE POS ITEM FROM STOCK MASTER,,Remove from master inventory and branch stock linkage. Retain the menu definition only in the POS/menu tables.
MENU-96b1112c-12ba-402c-8fa3-181a1289853b,Githeri,KITCHEN MENU,each,0.0,150.0,1000.0,,,,REMOVE POS ITEM FROM STOCK MASTER,,Remove from master inventory and branch stock linkage. Retain the menu definition only in the POS/menu tables.
FGH-SNP-0012,Half Cake,KITCHEN MENU,portion,0.0,50.0,1000.0,,,,REMOVE POS ITEM FROM STOCK MASTER,,Remove from master inventory and branch stock linkage. Retain the menu definition only in the POS/menu tables.
FGH-HBV-0007,Honey Plain,KITCHEN MENU,portion,0.0,50.0,1000.0,,,,REMOVE POS ITEM FROM STOCK MASTER,,Remove from master inventory and branch stock linkage. Retain the menu definition only in the POS/menu tables.
FGH-HBV-0012,Hot Lemon,KITCHEN MENU,portion,0.0,70.0,1000.0,,,,REMOVE POS ITEM FROM STOCK MASTER,,Remove from master inventory and branch stock linkage. Retain the menu definition only in the POS/menu tables.
FGH-CBV-0007,KCC Mala,KITCHEN MENU,portion,0.0,100.0,1000.0,,,,REMOVE POS ITEM FROM STOCK MASTER,,Remove from master inventory and branch stock linkage. Retain the menu definition only in the POS/menu tables.
FGH-CBV-0006,KCC Milk Packet,KITCHEN MENU,portion,0.0,100.0,1000.0,,,,REMOVE POS ITEM FROM STOCK MASTER,,Remove from master inventory and branch stock linkage. Retain the menu definition only in the POS/menu tables.
FGH-SNP-0017,Kebab,KITCHEN MENU,portion,0.0,100.0,1000.0,,,,REMOVE POS ITEM FROM STOCK MASTER,,Remove from master inventory and branch stock linkage. Retain the menu definition only in the POS/menu tables.
FGH-KUK-0003,Kuku Kienyeji Wet Fry FULL,KITCHEN MENU,portion,0.0,2200.0,1000.0,,,,REMOVE POS ITEM FROM STOCK MASTER,,Remove from master inventory and branch stock linkage. Retain the menu definition only in the POS/menu tables.
FGH-HBV-0006,Lemon Coffee Honey,KITCHEN MENU,portion,0.0,100.0,1000.0,,,,REMOVE POS ITEM FROM STOCK MASTER,,Remove from master inventory and branch stock linkage. Retain the menu definition only in the POS/menu tables.
FGH-HBV-0004,Lemon Tea,KITCHEN MENU,portion,0.0,70.0,1000.0,,,,REMOVE POS ITEM FROM STOCK MASTER,,Remove from master inventory and branch stock linkage. Retain the menu definition only in the POS/menu tables.
FGH-HBV-0005,Lemon Tea Honey,KITCHEN MENU,portion,0.0,100.0,1000.0,,,,REMOVE POS ITEM FROM STOCK MASTER,,Remove from master inventory and branch stock linkage. Retain the menu definition only in the POS/menu tables.
FGH-SNP-0001,Mahamri,KITCHEN MENU,portion,0.0,50.0,1000.0,,,,REMOVE POS ITEM FROM STOCK MASTER,,Remove from master inventory and branch stock linkage. Retain the menu definition only in the POS/menu tables.
MENU-d4e8a5eb-b27d-427b-9841-6bec2971d290,Managu Mixed,KITCHEN MENU,each,0.0,200.0,1000.0,,,,REMOVE POS ITEM FROM STOCK MASTER,,Remove from master inventory and branch stock linkage. Retain the menu definition only in the POS/menu tables.
MENU-84ac0dab-a119-484b-b476-a5a9a9962133,Managu Plain,KITCHEN MENU,each,0.0,150.0,1000.0,,,,REMOVE POS ITEM FROM STOCK MASTER,,Remove from master inventory and branch stock linkage. Retain the menu definition only in the POS/menu tables.
FGH-SNP-0011,Marble Cake,KITCHEN MENU,portion,0.0,100.0,1000.0,,,,REMOVE POS ITEM FROM STOCK MASTER,,Remove from master inventory and branch stock linkage. Retain the menu definition only in the POS/menu tables.
MENU-032e785f-4334-481a-82c0-a542ae0fce32,Mashed Potatoes,KITCHEN MENU,each,0.0,150.0,1000.0,,,,REMOVE POS ITEM FROM STOCK MASTER,,Remove from master inventory and branch stock linkage. Retain the menu definition only in the POS/menu tables.
MENU-83899057-ec37-450d-8e9e-4935237dbcd7,Matoke,KITCHEN MENU,each,0.0,150.0,1000.0,,,,REMOVE POS ITEM FROM STOCK MASTER,,Remove from master inventory and branch stock linkage. Retain the menu definition only in the POS/menu tables.
FGH-MBZ-0012,Mbuzi Boiled 1 Kg,KITCHEN MENU,portion,0.0,1400.0,1000.0,,,,REMOVE POS ITEM FROM STOCK MASTER,,Remove from master inventory and branch stock linkage. Retain the menu definition only in the POS/menu tables.
FGH-MBZ-0011,Mbuzi Boiled 1/2 Kg,KITCHEN MENU,portion,0.0,700.0,1000.0,,,,REMOVE POS ITEM FROM STOCK MASTER,,Remove from master inventory and branch stock linkage. Retain the menu definition only in the POS/menu tables.
FGH-MBZ-0010,Mbuzi Boiled 1/4 Kg,KITCHEN MENU,portion,0.0,350.0,1000.0,,,,REMOVE POS ITEM FROM STOCK MASTER,,Remove from master inventory and branch stock linkage. Retain the menu definition only in the POS/menu tables.
FGH-MBZ-0009,Mbuzi Choma 1 Kg,KITCHEN MENU,portion,0.0,1400.0,1000.0,,,,REMOVE POS ITEM FROM STOCK MASTER,,Remove from master inventory and branch stock linkage. Retain the menu definition only in the POS/menu tables.
FGH-MBZ-0008,Mbuzi Choma 1/2 Kg,KITCHEN MENU,portion,0.0,700.0,1000.0,,,,REMOVE POS ITEM FROM STOCK MASTER,,Remove from master inventory and branch stock linkage. Retain the menu definition only in the POS/menu tables.
FGH-MBZ-0007,Mbuzi Choma 1/4 Kg,KITCHEN MENU,portion,0.0,350.0,1000.0,,,,REMOVE POS ITEM FROM STOCK MASTER,,Remove from master inventory and branch stock linkage. Retain the menu definition only in the POS/menu tables.
FGH-MBZ-0006,Mbuzi Pan Fry 1 Kg,KITCHEN MENU,portion,0.0,1600.0,1000.0,,,,REMOVE POS ITEM FROM STOCK MASTER,,Remove from master inventory and branch stock linkage. Retain the menu definition only in the POS/menu tables.
FGH-MBZ-0005,Mbuzi Pan Fry 1/2 Kg,KITCHEN MENU,portion,0.0,800.0,1000.0,,,,REMOVE POS ITEM FROM STOCK MASTER,,Remove from master inventory and branch stock linkage. Retain the menu definition only in the POS/menu tables.
FGH-MBZ-0004,Mbuzi Pan Fry 1/4 Kg,KITCHEN MENU,portion,0.0,400.0,1000.0,,,,REMOVE POS ITEM FROM STOCK MASTER,,Remove from master inventory and branch stock linkage. Retain the menu definition only in the POS/menu tables.
FGH-MBZ-0003,Mbuzi Wet Fry 1 Kg,KITCHEN MENU,portion,0.0,1600.0,1000.0,,,,REMOVE POS ITEM FROM STOCK MASTER,,Remove from master inventory and branch stock linkage. Retain the menu definition only in the POS/menu tables.
FGH-MBZ-0002,Mbuzi Wet Fry 1/2 Kg,KITCHEN MENU,portion,0.0,800.0,1000.0,,,,REMOVE POS ITEM FROM STOCK MASTER,,Remove from master inventory and branch stock linkage. Retain the menu definition only in the POS/menu tables.
FGH-MBZ-0001,Mbuzi Wet Fry 1/4 Kg,KITCHEN MENU,portion,0.0,400.0,1000.0,,,,REMOVE POS ITEM FROM STOCK MASTER,,Remove from master inventory and branch stock linkage. Retain the menu definition only in the POS/menu tables.
FGH-CBV-0012,Milk Shake,KITCHEN MENU,portion,0.0,250.0,1000.0,,,,REMOVE POS ITEM FROM STOCK MASTER,,Remove from master inventory and branch stock linkage. Retain the menu definition only in the POS/menu tables.
FGH-CBV-0009,Minute Maid 500ml,KITCHEN MENU,portion,0.0,120.0,1000.0,,,,REMOVE POS ITEM FROM STOCK MASTER,,Remove from master inventory and branch stock linkage. Retain the menu definition only in the POS/menu tables.
MENU-97eed7f9-e5ae-42ad-9779-e89caf4a1fab,Mixed Veg,KITCHEN MENU,each,0.0,200.0,1000.0,,,,REMOVE POS ITEM FROM STOCK MASTER,,Remove from master inventory and branch stock linkage. Retain the menu definition only in the POS/menu tables.
MENU-ab60542e-924c-4cfc-99a5-d1fbe637f700,Mokimo,KITCHEN MENU,each,0.0,200.0,1000.0,,,,REMOVE POS ITEM FROM STOCK MASTER,,Remove from master inventory and branch stock linkage. Retain the menu definition only in the POS/menu tables.
FGH-CBV-0008,Mursik Glass,KITCHEN MENU,portion,0.0,70.0,1000.0,,,,REMOVE POS ITEM FROM STOCK MASTER,,Remove from master inventory and branch stock linkage. Retain the menu definition only in the POS/menu tables.
FGH-SNP-0002,Ndazi,KITCHEN MENU,portion,0.0,50.0,1000.0,,,,REMOVE POS ITEM FROM STOCK MASTER,,Remove from master inventory and branch stock linkage. Retain the menu definition only in the POS/menu tables.
FGH-BSD-0003,Nduma,KITCHEN MENU,portion,0.0,150.0,1000.0,,,,REMOVE POS ITEM FROM STOCK MASTER,,Remove from master inventory and branch stock linkage. Retain the menu definition only in the POS/menu tables.
FGH-SNP-0007,Pancake,KITCHEN MENU,portion,0.0,150.0,1000.0,,,,REMOVE POS ITEM FROM STOCK MASTER,,Remove from master inventory and branch stock linkage. Retain the menu definition only in the POS/menu tables.
MENU-ad0ec5a8-e5f8-4a1f-8c7e-10a4f4c0dac4,Peas Miji,KITCHEN MENU,each,0.0,200.0,1000.0,,,,REMOVE POS ITEM FROM STOCK MASTER,,Remove from master inventory and branch stock linkage. Retain the menu definition only in the POS/menu tables.
MENU-567129d9-2756-4400-9138-aebeedff03be,Pilau,KITCHEN MENU,each,0.0,250.0,1000.0,,,,REMOVE POS ITEM FROM STOCK MASTER,,Remove from master inventory and branch stock linkage. Retain the menu definition only in the POS/menu tables.
FGH-PLT-0001,Platter For 2,KITCHEN MENU,portion,0.0,1500.0,1000.0,,,,REMOVE POS ITEM FROM STOCK MASTER,,Remove from master inventory and branch stock linkage. Retain the menu definition only in the POS/menu tables.
FGH-PLT-0002,Platter For 4,KITCHEN MENU,portion,0.0,4000.0,1000.0,,,,REMOVE POS ITEM FROM STOCK MASTER,,Remove from master inventory and branch stock linkage. Retain the menu definition only in the POS/menu tables.
FGH-PLT-0003,Platter For 6,KITCHEN MENU,portion,0.0,6000.0,1000.0,,,,REMOVE POS ITEM FROM STOCK MASTER,,Remove from master inventory and branch stock linkage. Retain the menu definition only in the POS/menu tables.
FGH-PLT-0004,Platter For 9,KITCHEN MENU,portion,0.0,9000.0,1000.0,,,,REMOVE POS ITEM FROM STOCK MASTER,,Remove from master inventory and branch stock linkage. Retain the menu definition only in the POS/menu tables.
FGH-EGD-0010,Poached Eggs,KITCHEN MENU,portion,0.0,100.0,1000.0,,,,REMOVE POS ITEM FROM STOCK MASTER,,Remove from master inventory and branch stock linkage. Retain the menu definition only in the POS/menu tables.
FGH-BSD-0001,Porridge,KITCHEN MENU,portion,0.0,100.0,1000.0,,,,REMOVE POS ITEM FROM STOCK MASTER,,Remove from master inventory and branch stock linkage. Retain the menu definition only in the POS/menu tables.
MENU-c32bc4eb-3b3c-431b-91dc-406f30026c33,Potato Wedges,KITCHEN MENU,each,0.0,200.0,1000.0,,,,REMOVE POS ITEM FROM STOCK MASTER,,Remove from master inventory and branch stock linkage. Retain the menu definition only in the POS/menu tables.
FGH-SNP-0015,Queen Cakes,KITCHEN MENU,portion,0.0,80.0,1000.0,,,,REMOVE POS ITEM FROM STOCK MASTER,,Remove from master inventory and branch stock linkage. Retain the menu definition only in the POS/menu tables.
MENU-3ca0c9db-f527-48f4-bfd0-9d0baa23906a,Rice Plain,KITCHEN MENU,each,0.0,150.0,1000.0,,,,REMOVE POS ITEM FROM STOCK MASTER,,Remove from master inventory and branch stock linkage. Retain the menu definition only in the POS/menu tables.
MENU-6c395b7a-2ea3-4b50-90a5-e7be98c34354,Roast Potatoes,KITCHEN MENU,each,0.0,200.0,1000.0,,,,REMOVE POS ITEM FROM STOCK MASTER,,Remove from master inventory and branch stock linkage. Retain the menu definition only in the POS/menu tables.
FGH-SNP-0005,Samosa,KITCHEN MENU,portion,0.0,60.0,1000.0,,,,REMOVE POS ITEM FROM STOCK MASTER,,Remove from master inventory and branch stock linkage. Retain the menu definition only in the POS/menu tables.
FGH-SNP-0006,Sausage,KITCHEN MENU,portion,0.0,70.0,1000.0,,,,REMOVE POS ITEM FROM STOCK MASTER,,Remove from master inventory and branch stock linkage. Retain the menu definition only in the POS/menu tables.
MENU-2d48e94a-4323-4449-8bc6-5af685dad747,Saute Potatoes,KITCHEN MENU,each,0.0,250.0,1000.0,,,,REMOVE POS ITEM FROM STOCK MASTER,,Remove from master inventory and branch stock linkage. Retain the menu definition only in the POS/menu tables.
FGH-SNP-0014,Scones,KITCHEN MENU,portion,0.0,70.0,1000.0,,,,REMOVE POS ITEM FROM STOCK MASTER,,Remove from master inventory and branch stock linkage. Retain the menu definition only in the POS/menu tables.
FGH-EGD-0002,Scrambled Eggs Broiler,KITCHEN MENU,portion,0.0,100.0,1000.0,,,,REMOVE POS ITEM FROM STOCK MASTER,,Remove from master inventory and branch stock linkage. Retain the menu definition only in the POS/menu tables.
FGH-EGD-0001,Scrambled Eggs Kienyeji,KITCHEN MENU,portion,0.0,150.0,1000.0,,,,REMOVE POS ITEM FROM STOCK MASTER,,Remove from master inventory and branch stock linkage. Retain the menu definition only in the POS/menu tables.
FGH-CBV-0013,Smoothies,KITCHEN MENU,portion,0.0,150.0,1000.0,,,,REMOVE POS ITEM FROM STOCK MASTER,,Remove from master inventory and branch stock linkage. Retain the menu definition only in the POS/menu tables.
FGH-CBV-0001,Soda 300ml,KITCHEN MENU,portion,0.0,70.0,1000.0,,,,REMOVE POS ITEM FROM STOCK MASTER,,Remove from master inventory and branch stock linkage. Retain the menu definition only in the POS/menu tables.
FGH-CBV-0002,Soda 300ml Take Away,KITCHEN MENU,portion,0.0,100.0,1000.0,,,,REMOVE POS ITEM FROM STOCK MASTER,,Remove from master inventory and branch stock linkage. Retain the menu definition only in the POS/menu tables.
MENU-daa046f2-fbcc-4333-8802-9830644103ec,Spaghetti Bolognalae,KITCHEN MENU,each,0.0,300.0,1000.0,,,,REMOVE POS ITEM FROM STOCK MASTER,,Remove from master inventory and branch stock linkage. Retain the menu definition only in the POS/menu tables.
MENU-1235a28d-cac7-4eed-a5d1-a5842657d587,Spaghetti Napolitan,KITCHEN MENU,each,0.0,200.0,1000.0,,,,REMOVE POS ITEM FROM STOCK MASTER,,Remove from master inventory and branch stock linkage. Retain the menu definition only in the POS/menu tables.
FGH-EGD-0004,Spanish Omelette Broiler,KITCHEN MENU,portion,0.0,200.0,1000.0,,,,REMOVE POS ITEM FROM STOCK MASTER,,Remove from master inventory and branch stock linkage. Retain the menu definition only in the POS/menu tables.
FGH-EGD-0003,Spanish Omelette Kienyeji,KITCHEN MENU,portion,0.0,200.0,1000.0,,,,REMOVE POS ITEM FROM STOCK MASTER,,Remove from master inventory and branch stock linkage. Retain the menu definition only in the POS/menu tables.
MENU-72e13ecc-a28c-4441-b2f8-0fe13e232cfe,Special Cabbage,KITCHEN MENU,each,0.0,150.0,1000.0,,,,REMOVE POS ITEM FROM STOCK MASTER,,Remove from master inventory and branch stock linkage. Retain the menu definition only in the POS/menu tables.
MENU-a0c97bba-5472-4091-99b8-ae7da0eba286,Special Chicken,KITCHEN MENU,each,0.0,400.0,1000.0,,,,REMOVE POS ITEM FROM STOCK MASTER,,Remove from master inventory and branch stock linkage. Retain the menu definition only in the POS/menu tables.
MENU-7c8c778f-4d7b-469d-b5c4-a807306e3d92,Special Githeri,KITCHEN MENU,each,0.0,200.0,1000.0,,,,REMOVE POS ITEM FROM STOCK MASTER,,Remove from master inventory and branch stock linkage. Retain the menu definition only in the POS/menu tables.
MENU-64f2df66-d9a8-481f-b715-d21cc725a77b,Special Kebab,KITCHEN MENU,each,0.0,200.0,1000.0,,,,REMOVE POS ITEM FROM STOCK MASTER,,Remove from master inventory and branch stock linkage. Retain the menu definition only in the POS/menu tables.
MENU-1e478299-1a83-4024-ad28-45ad4a6e9a9d,Special Managu,KITCHEN MENU,portion,0.0,200.0,1000.0,,,,REMOVE POS ITEM FROM STOCK MASTER,,Remove from master inventory and branch stock linkage. Retain the menu definition only in the POS/menu tables.
MENU-10f37d06-71fa-4e76-8061-1c743dd8c49f,Special Mayai,KITCHEN MENU,each,0.0,200.0,1000.0,,,,REMOVE POS ITEM FROM STOCK MASTER,,Remove from master inventory and branch stock linkage. Retain the menu definition only in the POS/menu tables.
MENU-599af8b0-60cf-487d-bb58-132e6dc24f64,Special Mix Managu,KITCHEN MENU,portion,0.0,270.0,1000.0,,,,REMOVE POS ITEM FROM STOCK MASTER,,Remove from master inventory and branch stock linkage. Retain the menu definition only in the POS/menu tables.
MENU-73e5f78d-35a6-4a0e-a655-77b60b2a5d01,Special Pilau,KITCHEN MENU,portion,0.0,300.0,1000.0,,,,REMOVE POS ITEM FROM STOCK MASTER,,Remove from master inventory and branch stock linkage. Retain the menu definition only in the POS/menu tables.
MENU-e40c8658-a434-4535-bd5e-5807c5a118bd,Special Samosa,KITCHEN MENU,each,0.0,150.0,1000.0,,,,REMOVE POS ITEM FROM STOCK MASTER,,Remove from master inventory and branch stock linkage. Retain the menu definition only in the POS/menu tables.
MENU-1fbd380f-abe2-466b-8a15-5bc2ca69efa5,Special Sausage,KITCHEN MENU,each,0.0,150.0,1000.0,,,,REMOVE POS ITEM FROM STOCK MASTER,,Remove from master inventory and branch stock linkage. Retain the menu definition only in the POS/menu tables.
MENU-0b9a60e7-c84c-4ae0-90f2-61944032f83b,Special Sukuma,KITCHEN MENU,portion,0.0,150.0,1000.0,,,,REMOVE POS ITEM FROM STOCK MASTER,,Remove from master inventory and branch stock linkage. Retain the menu definition only in the POS/menu tables.
FGH-HBV-0013,Special Tea,KITCHEN MENU,portion,0.0,100.0,1000.0,,,,REMOVE POS ITEM FROM STOCK MASTER,,Remove from master inventory and branch stock linkage. Retain the menu definition only in the POS/menu tables.
MENU-9c1e74a2-c183-45d5-962b-e9b8b7276197,Sukuma Mixed,KITCHEN MENU,each,0.0,150.0,1000.0,,,,REMOVE POS ITEM FROM STOCK MASTER,,Remove from master inventory and branch stock linkage. Retain the menu definition only in the POS/menu tables.
MENU-83b5c8a6-a1bf-4dbd-af0b-38ff60c1e502,Sukuma Plain,KITCHEN MENU,each,0.0,100.0,1000.0,,,,REMOVE POS ITEM FROM STOCK MASTER,,Remove from master inventory and branch stock linkage. Retain the menu definition only in the POS/menu tables.
FGH-BSD-0002,Sweet Potatoes,KITCHEN MENU,portion,0.0,100.0,1000.0,,,,REMOVE POS ITEM FROM STOCK MASTER,,Remove from master inventory and branch stock linkage. Retain the menu definition only in the POS/menu tables.
FGH-HBV-0011,Tea Masala,KITCHEN MENU,portion,0.0,70.0,1000.0,,,,REMOVE POS ITEM FROM STOCK MASTER,,Remove from master inventory and branch stock linkage. Retain the menu definition only in the POS/menu tables.
FGH-HBV-0001,Tea Mug,KITCHEN MENU,portion,0.0,50.0,1000.0,,,,REMOVE POS ITEM FROM STOCK MASTER,,Remove from master inventory and branch stock linkage. Retain the menu definition only in the POS/menu tables.
FGH-HBV-0002,Tea Pot,KITCHEN MENU,portion,0.0,100.0,1000.0,,,,REMOVE POS ITEM FROM STOCK MASTER,,Remove from master inventory and branch stock linkage. Retain the menu definition only in the POS/menu tables.
FGH-SNP-0016,Tea Scones 2 Pieces,KITCHEN MENU,portion,0.0,100.0,1000.0,,,,REMOVE POS ITEM FROM STOCK MASTER,,Remove from master inventory and branch stock linkage. Retain the menu definition only in the POS/menu tables.
MENU-37d93f18-2e99-407f-9bfb-84ad3087d21c,Tins,KITCHEN MENU,each,0.0,20.0,1000.0,,,,REMOVE POS ITEM FROM STOCK MASTER,,Remove from master inventory and branch stock linkage. Retain the menu definition only in the POS/menu tables.
FGH-SNP-0009,Toasted Bread,KITCHEN MENU,portion,0.0,50.0,1000.0,,,,REMOVE POS ITEM FROM STOCK MASTER,,Remove from master inventory and branch stock linkage. Retain the menu definition only in the POS/menu tables.
MENU-a49f3c09-5410-4b5b-b959-269a9893fdfa,Ugali Brown,KITCHEN MENU,each,0.0,100.0,1000.0,,,,REMOVE POS ITEM FROM STOCK MASTER,,Remove from master inventory and branch stock linkage. Retain the menu definition only in the POS/menu tables.
MENU-37f9f25d-e9c1-48a0-ba9d-a7b469c4f5ff,Ugali White,KITCHEN MENU,portion,0.0,70.0,1000.0,,,,REMOVE POS ITEM FROM STOCK MASTER,,Remove from master inventory and branch stock linkage. Retain the menu definition only in the POS/menu tables.
FGH-SWR-0002,Vegetable Sandwich,KITCHEN MENU,portion,0.0,150.0,1000.0,,,,REMOVE POS ITEM FROM STOCK MASTER,,Remove from master inventory and branch stock linkage. Retain the menu definition only in the POS/menu tables.
FGH-CBV-0004,Water 1L,KITCHEN MENU,portion,0.0,100.0,1000.0,,,,REMOVE POS ITEM FROM STOCK MASTER,,Remove from master inventory and branch stock linkage. Retain the menu definition only in the POS/menu tables.
FGH-CBV-0003,Water 500ml,KITCHEN MENU,portion,0.0,50.0,1000.0,,,,REMOVE POS ITEM FROM STOCK MASTER,,Remove from master inventory and branch stock linkage. Retain the menu definition only in the POS/menu tables.
FGH-HBV-0015,White Coffee,KITCHEN MENU,portion,0.0,70.0,1000.0,,,,REMOVE POS ITEM FROM STOCK MASTER,,Remove from master inventory and branch stock linkage. Retain the menu definition only in the POS/menu tables.
FGH-HBV-0014,White Tea,KITCHEN MENU,portion,0.0,70.0,1000.0,,,,REMOVE POS ITEM FROM STOCK MASTER,,Remove from master inventory and branch stock linkage. Retain the menu definition only in the POS/menu tables.
FG-300,AMARULA CREAM 375ML,LIQUERS,pcs,1173.0,1173.0,2.0,FGH-LIQUEURS-002,AMARULA CREAM 375ML,LIQUEURS,KEEP / RENAME,YES,Category → LIQUEURS
FG-301,AMARULA CREAM 750ML,LIQUERS,pcs,2086.0,2086.0,0.0,FGH-LIQUEURS-003,AMARULA CREAM 750ML,LIQUEURS,MERGE INTO,NO,Category → LIQUEURS
FG-302,BAILEYS 350ML,LIQUERS,pcs,1200.0,1200.0,2.0,FGH-LIQUEURS-004,BAILEYS 350ML,LIQUEURS,KEEP / RENAME,YES,Category → LIQUEURS
FG-303,BAILEYS 750ML,LIQUERS,pcs,2160.0,2160.0,2.0,FGH-LIQUEURS-005,BAILEYS 750ML,LIQUEURS,KEEP / RENAME,YES,Category → LIQUEURS
FG-244,BEST CREAM 750ML,LIQUERS,pcs,1089.0,1089.0,2.0,FGH-LIQUEURS-006,BEST CREAM 750ML,LIQUEURS,KEEP / RENAME,YES,Category → LIQUEURS
FG-319,SHERIDANS,LIQUERS,pcs,4500.0,4500.0,1000.0,FGH-LIQUEURS-007,SHERIDANS,LIQUEURS,RENAME,YES,Category → LIQUEURS
FG-NC-002,POOL TOKENS,NON CONSUMABLES,pcs,30.0,0.0,1000.0,FGH-NON-CONSUMABLES-001,POOL TOKENS,NON CONSUMABLES,RENAME,YES,
FG-PSTRY-015,Bread 600grams,PASTRY,loaf,0.0,0.0,1000.0,FGH-PASTRY-001,BREAD 600GRAMS,PASTRY,RENAME,YES,
FG-PSTRY-016,Bread 700grams,PASTRY,loaf,0.0,0.0,1000.0,FGH-PASTRY-002,BREAD 700GRAMS,PASTRY,RENAME,YES,
FG-PSTRY-009,Bread Roll,PASTRY,pcs,0.0,0.0,1000.0,FGH-PASTRY-003,BREAD ROLL,PASTRY,RENAME,YES,
FG-PSTRY-002,Brown Chapati,PASTRY,pcs,0.0,70.0,1000.0,,,,REMOVE NON-BREAD PASTRY FROM STOCK MASTER,,Remove from master inventory and branch stock linkage. Only bread products remain as pastry stock items.
FG-PSTRY-013,Cookies,PASTRY,pcs,0.0,0.0,1000.0,,,,REMOVE NON-BREAD PASTRY FROM STOCK MASTER,,Remove from master inventory and branch stock linkage. Only bread products remain as pastry stock items.
FG-PSTRY-012,Croissant,PASTRY,pcs,0.0,0.0,1000.0,,,,REMOVE NON-BREAD PASTRY FROM STOCK MASTER,,Remove from master inventory and branch stock linkage. Only bread products remain as pastry stock items.
FG-PSTRY-006,Doughnut,PASTRY,pcs,0.0,0.0,1000.0,,,,REMOVE NON-BREAD PASTRY FROM STOCK MASTER,,Remove from master inventory and branch stock linkage. Only bread products remain as pastry stock items.
FG-PSTRY-017,Kebab,PASTRY,pcs,0.0,100.0,1000.0,,,,REMOVE NON-BREAD PASTRY FROM STOCK MASTER,,Remove from master inventory and branch stock linkage. Only bread products remain as pastry stock items.
FG-PSTRY-007,Mahamri,PASTRY,pcs,0.0,50.0,1000.0,,,,REMOVE NON-BREAD PASTRY FROM STOCK MASTER,,Remove from master inventory and branch stock linkage. Only bread products remain as pastry stock items.
FG-PSTRY-018,Mandazi Bites,PASTRY,pcs,0.0,0.0,1000.0,,,,REMOVE NON-BREAD PASTRY FROM STOCK MASTER,,Remove from master inventory and branch stock linkage. Only bread products remain as pastry stock items.
FG-PSTRY-001,Marble Cake,PASTRY,pcs,0.0,100.0,1000.0,,,,REMOVE NON-BREAD PASTRY FROM STOCK MASTER,,Remove from master inventory and branch stock linkage. Only bread products remain as pastry stock items.
FG-PSTRY-004,Ndazi,PASTRY,pcs,0.0,50.0,1000.0,,,,REMOVE NON-BREAD PASTRY FROM STOCK MASTER,,Remove from master inventory and branch stock linkage. Only bread products remain as pastry stock items.
FG-PSTRY-014,Queen Cakes,PASTRY,pcs,0.0,80.0,1000.0,,,,REMOVE NON-BREAD PASTRY FROM STOCK MASTER,,Remove from master inventory and branch stock linkage. Only bread products remain as pastry stock items.
FG-PSTRY-005,Samosa,PASTRY,pcs,0.0,60.0,1000.0,,,,REMOVE NON-BREAD PASTRY FROM STOCK MASTER,,Remove from master inventory and branch stock linkage. Only bread products remain as pastry stock items.
FG-PSTRY-008,Sausage Roll,PASTRY,pcs,0.0,0.0,1000.0,,,,REMOVE NON-BREAD PASTRY FROM STOCK MASTER,,Remove from master inventory and branch stock linkage. Only bread products remain as pastry stock items.
FG-PSTRY-010,Scones,PASTRY,pcs,0.0,70.0,1000.0,,,,REMOVE NON-BREAD PASTRY FROM STOCK MASTER,,Remove from master inventory and branch stock linkage. Only bread products remain as pastry stock items.
FG-PSTRY-011,Tea Scones,PASTRY,pcs,0.0,100.0,1000.0,,,,REMOVE NON-BREAD PASTRY FROM STOCK MASTER,,Remove from master inventory and branch stock linkage. Only bread products remain as pastry stock items.
FG-PSTRY-003,White Chapati,PASTRY,pcs,0.0,0.0,1000.0,,,,REMOVE NON-BREAD PASTRY FROM STOCK MASTER,,Remove from master inventory and branch stock linkage. Only bread products remain as pastry stock items.
FGH-BEV-DELMON-0001,DELMONTE APPLE BLEND,soft drinks,pcs,0.0,0.0,1000.0,FGH-SOFT-DRINKS-009,DELMONTE APPLE BLEND,SOFT DRINKS,MERGE INTO,NO,Category → SOFT DRINKS
FG-445,COKE ZERO,SOFT DRINKS,pcs,0.0,0.0,0.0,FGH-SOFT-DRINKS-001,COKE ZERO,SOFT DRINKS,MERGE INTO,NO,
FG-327,DELMONTE (MANGO BLEND),SOFT DRINKS,pcs,242.0,242.0,0.0,FGH-SOFT-DRINKS-005,DELMONTE (MANGO BLEND),SOFT DRINKS,RENAME,YES,
FG-330,DELMONTE (MIXED BERRY BLEND),SOFT DRINKS,pcs,242.0,242.0,0.0,FGH-SOFT-DRINKS-006,DELMONTE (MIXED BERRY BLEND),SOFT DRINKS,RENAME,YES,
FG-329,DELMONTE (PASSION BLEND),SOFT DRINKS,pcs,242.0,242.0,968.0,FGH-SOFT-DRINKS-007,DELMONTE (PASSION BLEND),SOFT DRINKS,RENAME,YES,
FG-332,DELMONTE (PINEAPPLE BLEND),SOFT DRINKS,pcs,242.0,242.0,0.0,FGH-SOFT-DRINKS-008,DELMONTE (PINEAPPLE BLEND),SOFT DRINKS,RENAME,YES,
FG-331,DELMONTE TROPICAL BLEND),SOFT DRINKS,pcs,242.0,242.0,2.0,FGH-SOFT-DRINKS-010,DELMONTE TROPICAL BLEND),SOFT DRINKS,RENAME,YES,
FG-328,DELMONTE(APPLE),SOFT DRINKS,pcs,1005.0,1005.0,3.0,FGH-SOFT-DRINKS-009,DELMONTE APPLE BLEND,SOFT DRINKS,KEEP / RENAME,YES,Name → DELMONTE APPLE BLEND
FG-333,LEMONADE,SOFT DRINKS,pcs,39.0,39.0,0.0,FGH-SOFT-DRINKS-013,LEMONADE,SOFT DRINKS,RENAME,YES,
FG-447,MINUTE MAID,SOFT DRINKS,pcs,0.0,0.0,0.0,FGH-SOFT-DRINKS-015,MINUTE MAID,SOFT DRINKS,MERGE INTO,NO,
FG-446,NOVIDA,SOFT DRINKS,pcs,0.0,0.0,0.0,FGH-SOFT-DRINKS-016,NOVIDA,SOFT DRINKS,MERGE INTO,NO,
FG-448,PREDATOR,SOFT DRINKS,pcs,0.0,0.0,0.0,FGH-SOFT-DRINKS-017,PREDATOR,SOFT DRINKS,MERGE INTO,NO,
FG-420,Soda 300ml,SOFT DRINKS,pcs,31.0,31.0,954.0,FGH-SOFT-DRINKS-018,SODA 300ML,SOFT DRINKS,KEEP / RENAME,YES,
FG-419,SODA TAKE AWAY 500ML,SOFT DRINKS,pcs,60.0,60.0,1000.0,FGH-SOFT-DRINKS-020,SODA TAKE AWAY 500ML,SOFT DRINKS,RENAME,YES,
FG-415,TAKE AWAY SODA,SOFT DRINKS,pcs,0.0,0.0,1000.0,FGH-SOFT-DRINKS-021,TAKE AWAY SODA,SOFT DRINKS,RENAME,YES,
FG-449,TONIC SODA,SOFT DRINKS,pcs,0.0,0.0,0.0,FGH-SOFT-DRINKS-022,TONIC SODA,SOFT DRINKS,MERGE INTO,NO,
FG-421,Water 10L,SOFT DRINKS,pcs,86.0,86.0,1000.0,FGH-SOFT-DRINKS-023,WATER 10L,SOFT DRINKS,RENAME,YES,
FG-417,Water 1L,SOFT DRINKS,pcs,41.0,41.0,1000.0,FGH-SOFT-DRINKS-024,WATER 1L,SOFT DRINKS,MERGE INTO,NO,
FG-418,Water 500ml,SOFT DRINKS,pcs,21.0,21.0,1000.0,FGH-SOFT-DRINKS-025,WATER 500ML,SOFT DRINKS,MERGE INTO,NO,
FG-334,CAMINO BLANCO 750ML,SPIRITS,pcs,2100.0,2100.0,3.0,FGH-SPIRITS-002,CAMINO BLANCO 750ML,SPIRITS,RENAME,YES,
FG-335,CAMINO REAL GOLD,SPIRITS,pcs,2300.0,2300.0,0.0,FGH-SPIRITS-003,CAMINO REAL GOLD,SPIRITS,RENAME,YES,
FG-413,CAPTAIN  MUCKPIT 750 ML,SPIRITS,pcs,1080.0,1080.0,1000.0,FGH-SPIRITS-007,CAPTAIN MUCKPIT 750ML,SPIRITS,RENAME,YES,Name → CAPTAIN MUCKPIT 750ML
FG-379,CAPTAIN MORGAN 250ML,SPIRITS,pcs,336.0,336.0,0.0,FGH-SPIRITS-004,CAPTAIN MORGAN 250ML,SPIRITS,RENAME,YES,
FG-380,CAPTAIN MORGAN 750ML,SPIRITS,pcs,920.0,920.0,0.0,FGH-SPIRITS-005,CAPTAIN MORGAN 750ML,SPIRITS,RENAME,YES,
FG-412,CAPTAIN MUCKPIT 250ML,SPIRITS,pcs,384.0,384.0,1000.0,FGH-SPIRITS-006,CAPTAIN MUCKPIT 250ML,SPIRITS,RENAME,YES,
FG-254,DON JOLUO ANEJO,SPIRITS,pcs,7167.0,7167.0,1000.0,FGH-SPIRITS-008,DON JOLUO ANEJO,SPIRITS,RENAME,YES,
FG-255,DON JOLUO RPSDO,SPIRITS,pcs,5417.0,5417.0,1000.0,FGH-SPIRITS-009,DON JOLUO RPSDO,SPIRITS,RENAME,YES,
FG-268,HUNTERS CHOICE 250ML,SPIRITS,pcs,306.0,306.0,0.0,FGH-SPIRITS-010,HUNTERS CHOICE 250ML,SPIRITS,MERGE INTO,NO,
FG-269,HUNTERS CHOICE 350ML,SPIRITS,pcs,443.0,443.0,15.0,FGH-SPIRITS-011,HUNTERS CHOICE 350ML,SPIRITS,MERGE INTO,NO,
FG-270,HUNTERS CHOICE 750ML,SPIRITS,pcs,938.0,938.0,17.0,FGH-SPIRITS-012,HUNTERS CHOICE 750ML,SPIRITS,MERGE INTO,NO,
FG-336,JAGERMEISTER 1 LTR,SPIRITS,pcs,3100.0,3100.0,1.0,FGH-SPIRITS-013,JAGERMEISTER 1L,SPIRITS,RENAME,YES,Name → JAGERMEISTER 1L
FG-337,JAGERMEISTER 700ML,SPIRITS,pcs,2200.0,2200.0,5.0,FGH-SPIRITS-014,JAGERMEISTER 700ML,SPIRITS,MERGE INTO,NO,
FG-239,KANE EXTRA 250ML,SPIRITS,pcs,250.0,350.0,1000.0,FGH-SPIRITS-015,KANE EXTRA 250ML,SPIRITS,RENAME,YES,
FG-240,KANE EXTRA 750ML,SPIRITS,pcs,750.0,1000.0,1000.0,FGH-SPIRITS-016,KANE EXTRA 750ML,SPIRITS,RENAME,YES,
FG-286,MALIBU,SPIRITS,pcs,1713.0,1713.0,1.0,FGH-SPIRITS-017,MALIBU,SPIRITS,RENAME,YES,
FG-289,MARTINI BIANCO,SPIRITS,pcs,2200.0,2200.0,1000.0,FGH-SPIRITS-018,MARTINI BIANCO,SPIRITS,RENAME,YES,
FG-226,RICHOT 250ML,SPIRITS,pcs,416.0,416.0,3.0,FGH-SPIRITS-020,RICHOT 250ML,SPIRITS,KEEP / RENAME,YES,
FG-227,RICHOT 350ML,SPIRITS,pcs,576.0,576.0,0.0,FGH-SPIRITS-021,RICHOT 350ML,SPIRITS,KEEP / RENAME,YES,
FG-228,RICHOT 750ML,SPIRITS,pcs,1240.0,1240.0,0.0,FGH-SPIRITS-022,RICHOT 750ML,SPIRITS,KEEP / RENAME,YES,
FG-293,SOUTHERN COMFORT 750ML,SPIRITS,pcs,1800.0,1800.0,1.0,FGH-SPIRITS-024,SOUTHERN COMFORT 750ML,SPIRITS,RENAME,YES,
FG-381,V&A 250ml,SPIRITS,pcs,296.0,296.0,4.0,FGH-SPIRITS-026,V&A 250ML,SPIRITS,MERGE INTO,NO,
FG-304,V&A 750ml,SPIRITS,pcs,768.0,768.0,1.0,FGH-SPIRITS-027,V&A 750ML,SPIRITS,MERGE INTO,NO,
FG-403,VICEROY 10 YRS,SPIRITS,pcs,3235.0,3235.0,1000.0,FGH-SPIRITS-028,VICEROY 10 YRS,SPIRITS,RENAME,YES,
FG-229,VICEROY 250ml,SPIRITS,pcs,447.0,447.0,984.0,FGH-SPIRITS-029,VICEROY 250ML,SPIRITS,RENAME,YES,
FG-230,VICEROY 375ML,SPIRITS,pcs,653.0,653.0,89.0,FGH-SPIRITS-031,VICEROY 375ML,SPIRITS,RENAME,YES,
FG-231,VICEROY 750ml,SPIRITS,pcs,1260.0,1260.0,952.0,FGH-SPIRITS-032,VICEROY 750ML,SPIRITS,RENAME,YES,
FG-453,CAMINO TOT,TOTS,pcs,0.0,0.0,0.0,FGH-TOTS-001,CAMINO TOT,TOTS,RENAME,YES,
FG-452,JAGER TOT,TOTS,pcs,0.0,0.0,0.0,FGH-TOTS-002,JAGER TOT,TOTS,MERGE INTO,NO,
FG-235,SCOTISH LEADER 750ML,VODKA,pcs,1735.0,2500.0,1000.0,FGH-VODKA-001,SCOTISH LEADER 750ML,VODKA,RENAME,YES,
FG-232,Vodka 250ml,VODKA,pcs,416.0,416.0,6.0,FGH-VODKA-003,VODKA 250ML,VODKA,KEEP / RENAME,YES,
FG-233,Vodka 350ml,VODKA,pcs,576.0,576.0,0.0,FGH-VODKA-004,VODKA 350ML,VODKA,KEEP / RENAME,YES,
FG-234,Vodka 750ml,VODKA,pcs,1240.0,1240.0,0.0,FGH-VODKA-005,VODKA 750ML,VODKA,RENAME,YES,
FG-243,ALL SEASONS 750ML,WHISKY,pcs,1080.0,1080.0,0.0,FGH-WHISKY-001,ALL SEASONS 750ML,WHISKY,KEEP / RENAME,YES,
FG-246,BEST WHISKY 250ML,WHISKY,pcs,318.0,318.0,0.0,FGH-WHISKY-002,BEST WHISKY 250ML,WHISKY,KEEP / RENAME,YES,
FG-245,BEST WHISKY 750ML,WHISKY,pcs,1005.0,1005.0,0.0,FGH-WHISKY-003,BEST WHISKY 750ML,WHISKY,KEEP / RENAME,YES,
FG-247,BLACK & WHITE 350ML,WHISKY,pcs,576.0,576.0,0.0,FGH-WHISKY-005,BLACK AND WHITE 350ML,WHISKY,KEEP / RENAME,YES,Name → BLACK AND WHITE 350ML
FG-248,BLACK & WHITE 750ML,WHISKY,pcs,1120.0,1120.0,0.0,FGH-WHISKY-006,BLACK AND WHITE 750ML,WHISKY,KEEP / RENAME,YES,Name → BLACK AND WHITE 750ML
FG-410,BLACK AND WHITE 1LTR,WHISKY,pcs,1548.0,1548.0,1000.0,FGH-WHISKY-004,BLACK AND WHITE 1L,WHISKY,RENAME,YES,Name → BLACK AND WHITE 1L
FG-249,BOND 7 250ML,WHISKY,pcs,416.0,416.0,14.0,FGH-WHISKY-007,BOND 7 250ML,WHISKY,KEEP / RENAME,YES,
FG-250,BOND 7 350ML,WHISKY,pcs,576.0,576.0,0.0,FGH-WHISKY-008,BOND 7 350ML,WHISKY,KEEP / RENAME,YES,
FG-251,BOND 7 750ML,WHISKY,pcs,1240.0,1240.0,0.0,FGH-WHISKY-009,BOND 7 750ML,WHISKY,KEEP / RENAME,YES,
FG-426,BULLET BOURBON,WHISKY,pcs,0.0,0.0,1000.0,FGH-WHISKY-010,BULLEIT BOURBON,WHISKY,MERGE INTO,NO,Name → BULLEIT BOURBON
FG-253,CHIVAS REGAL 1 LTR,WHISKY,pcs,4000.0,4000.0,1000.0,FGH-WHISKY-011,CHIVAS REGAL 1L,WHISKY,RENAME,YES,Name → CHIVAS REGAL 1L
FG-252,CHIVAS REGAL 750ML,WHISKY,pcs,3700.0,3700.0,1000.0,FGH-WHISKY-012,CHIVAS REGAL 750ML,WHISKY,RENAME,YES,
FG-259,FAMOUS GROUSE 750ML,WHISKY,pcs,285.0,285.0,2.0,FGH-WHISKY-015,FAMOUS GROUSE 750ML,WHISKY,MERGE INTO,NO,
FG-260,GLENFIDICH 18YRS 700ML,WHISKY,pcs,13100.0,13100.0,0.0,FGH-WHISKY-016,GLENFIDDICH 18YRS 700ML,WHISKY,KEEP / RENAME,YES,Name → GLENFIDDICH 18YRS 700ML
FG-261,GLENFIDICH SINGLE MALT 12 YRS,WHISKY,pcs,5925.0,5925.0,1.0,FGH-WHISKY-017,GLENFIDDICH SINGLE MALT 12 YRS,WHISKY,KEEP / RENAME,YES,Name → GLENFIDDICH SINGLE MALT 12 YRS
FG-262,GLENFIDICH SINGLE MALT 15 YRS,WHISKY,pcs,8550.0,8550.0,1.0,FGH-WHISKY-018,GLENFIDDICH SINGLE MALT 15 YRS,WHISKY,KEEP / RENAME,YES,Name → GLENFIDDICH SINGLE MALT 15 YRS
FG-263,GRANTS 1 LTR,WHISKY,pcs,1950.0,1950.0,0.0,FGH-WHISKY-019,GRANTS 1L,WHISKY,RENAME,YES,Name → GRANTS 1L
FG-264,GRANTS 350ML,WHISKY,pcs,750.0,750.0,5.0,FGH-WHISKY-020,GRANTS 350ML,WHISKY,KEEP / RENAME,YES,
FG-265,GRANTS 750ML,WHISKY,pcs,1650.0,1650.0,0.0,FGH-WHISKY-021,GRANTS 750ML,WHISKY,KEEP / RENAME,YES,
FG-275,GREEN LABEL 1 LTR,WHISKY,pcs,5500.0,5500.0,1000.0,FGH-WHISKY-042,JOHNNIE WALKER GREEN LABEL 1L,WHISKY,KEEP / RENAME,YES,Name → JOHNNIE WALKER GREEN LABEL 1L
FG-272,J D HONEY 1 LTR,WHISKY,pcs,3500.0,3500.0,1000.0,FGH-WHISKY-022,J D HONEY 1L,WHISKY,RENAME,YES,Name → J D HONEY 1L
FG-271,J D HONEY 750ML,WHISKY,pcs,2500.0,2500.0,1000.0,FGH-WHISKY-023,J D HONEY 750ML,WHISKY,RENAME,YES,
FG-376,J W BLACK 1LTR,WHISKY,pcs,3911.0,3911.0,100.0,FGH-WHISKY-036,JOHNNIE WALKER BLACK 1L,WHISKY,MERGE INTO,NO,Name → JOHNNIE WALKER BLACK 1L
FG-377,J W BLACK 250ML,WHISKY,pcs,1040.0,1040.0,0.0,FGH-WHISKY-037,JOHNNIE WALKER BLACK 250ML,WHISKY,KEEP / RENAME,YES,Name → JOHNNIE WALKER BLACK 250ML
FG-273,J W BLACK 375ML,WHISKY,pcs,1720.0,1720.0,38.0,FGH-WHISKY-039,JOHNNIE WALKER BLACK 375ML,WHISKY,RENAME,YES,Name → JOHNNIE WALKER BLACK 375ML
FG-274,J W BLACK 750ML,WHISKY,pcs,3236.0,3236.0,62.0,FGH-WHISKY-040,JOHNNIE WALKER BLACK 750ML,WHISKY,MERGE INTO,NO,Name → JOHNNIE WALKER BLACK 750ML
FG-411,J W BLONDE,WHISKY,pcs,1991.0,1991.0,5.0,FGH-WHISKY-041,JOHNNIE WALKER BLONDE 750ML,WHISKY,MERGE INTO,NO,Name → JOHNNIE WALKER BLONDE 750ML
FG-279,J W GOLD RESERVE,WHISKY,pcs,7000.0,7000.0,0.0,FGH-WHISKY-024,J W GOLD RESERVE,WHISKY,RENAME,YES,
FG-276,J W RED 1 LTR,WHISKY,pcs,2147.0,2147.0,15.0,FGH-WHISKY-043,JOHNNIE WALKER RED 1L,WHISKY,MERGE INTO,NO,Name → JOHNNIE WALKER RED 1L
FG-378,J W RED 250ML,WHISKY,pcs,560.0,560.0,0.0,FGH-WHISKY-044,JOHNNIE WALKER RED 250ML,WHISKY,MERGE INTO,NO,Name → JOHNNIE WALKER RED 250ML
FG-277,J W RED 375 ML,WHISKY,pcs,853.0,853.0,19.0,FGH-WHISKY-046,JOHNNIE WALKER RED 375ML,WHISKY,KEEP / RENAME,YES,Name → JOHNNIE WALKER RED 375ML
FG-278,J W RED 750ML,WHISKY,pcs,1799.0,1800.0,994.0,FGH-WHISKY-047,JOHNNIE WALKER RED 750ML,WHISKY,MERGE INTO,NO,Name → JOHNNIE WALKER RED 750ML
FG-282,JACK DANIELS 1 LTR,WHISKY,pcs,3300.0,3300.0,6.0,FGH-WHISKY-027,JACK DANIELS 1L,WHISKY,MERGE INTO,NO,Name → JACK DANIELS 1L
FG-280,JACK DANIELS 350ML,WHISKY,pcs,1650.0,1650.0,0.0,FGH-WHISKY-028,JACK DANIELS 350ML,WHISKY,KEEP / RENAME,YES,
FG-281,JACK DANIELS 700ML,WHISKY,pcs,2800.0,2800.0,3.0,FGH-WHISKY-029,JACK DANIELS 700ML,WHISKY,RENAME,YES,
FG-241,JACK DANIELS HONEY 750ML,WHISKY,pcs,3500.0,3500.0,0.0,FGH-WHISKY-031,JACK DANIELS HONEY 750ML,WHISKY,RENAME,YES,
FG-285,JAMESON 1 LTR,WHISKY,pcs,3168.0,3168.0,1.0,FGH-WHISKY-032,JAMESON 1L,WHISKY,MERGE INTO,NO,Name → JAMESON 1L
FG-283,JAMESON 350ML,WHISKY,pcs,1186.0,1186.0,3.0,FGH-WHISKY-033,JAMESON 350ML,WHISKY,KEEP / RENAME,YES,
FG-284,JAMESON 750ML,WHISKY,pcs,2376.0,2376.0,0.0,FGH-WHISKY-034,JAMESON 750ML,WHISKY,KEEP / RENAME,YES,
FGH-OTH-JAMESO-0001,JAMESON BLACK BARREL,WHISKY,pcs,0.0,0.0,0.0,FGH-WHISKY-035,JAMESON BLACK BARREL,WHISKY,RENAME,YES,
FG-236,KC 250ML,WHISKY,pcs,256.0,256.0,0.0,FGH-WHISKY-048,KC 250ML,WHISKY,KEEP / RENAME,YES,
FG-237,KC 350ML,WHISKY,pcs,352.0,352.0,18.0,FGH-WHISKY-049,KC 350ML,WHISKY,KEEP / RENAME,YES,
FG-238,KC 750ML,WHISKY,pcs,672.0,672.0,0.0,FGH-WHISKY-050,KC 750ML,WHISKY,KEEP / RENAME,YES,
FG-434,KC GINGER 250ML,WHISKY,bottle,0.0,0.0,0.0,FGH-WHISKY-051,KC GINGER 250ML,WHISKY,RENAME,YES,
FG-436,KC GINGER 750ML,WHISKY,bottle,0.0,0.0,0.0,FGH-WHISKY-052,KC GINGER 750ML,WHISKY,RENAME,YES,
FG-428,KC PINEAPPLE 250ML,WHISKY,bottle,0.0,0.0,28.0,FGH-WHISKY-053,KC PINEAPPLE 250ML,WHISKY,RENAME,YES,
FG-429,KC PINEAPPLE 350ML,WHISKY,bottle,0.0,0.0,0.0,FGH-WHISKY-054,KC PINEAPPLE 350ML,WHISKY,RENAME,YES,
FG-430,KC PINEAPPLE 750ML,WHISKY,bottle,0.0,0.0,15.0,FGH-WHISKY-055,KC PINEAPPLE 750ML,WHISKY,MERGE INTO,NO,
FG-431,KC SMOOTH 250ML,WHISKY,bottle,0.0,0.0,0.0,FGH-WHISKY-056,KC SMOOTH 250ML,WHISKY,RENAME,YES,
FG-432,KC SMOOTH 350ML,WHISKY,bottle,0.0,0.0,0.0,FGH-WHISKY-057,KC SMOOTH 350ML,WHISKY,RENAME,YES,
FG-433,KC SMOOTH 750ML,WHISKY,bottle,0.0,0.0,0.0,FGH-WHISKY-058,KC SMOOTH 750ML,WHISKY,RENAME,YES,
FG-454,ROBERTSON WHISKY,WHISKY,pcs,0.0,0.0,0.0,FGH-WHISKY-059,ROBERTSON WHISKY,WHISKY,MERGE INTO,NO,
FG-290,SINGLETON 12 YRS,WHISKY,pcs,5375.0,5375.0,4.0,FGH-WHISKY-060,SINGLETON 12 YRS,WHISKY,MERGE INTO,NO,
FG-291,SINGLETON 15 YRS,WHISKY,pcs,6500.0,6500.0,4.0,FGH-WHISKY-061,SINGLETON 15 YRS,WHISKY,RENAME,YES,
FG-292,SINGLETON 18 YRS,WHISKY,pcs,8750.0,8750.0,0.0,FGH-WHISKY-062,SINGLETON 18 YRS,WHISKY,RENAME,YES,
FG-295,VAT 69 350ML,WHISKY,pcs,760.0,760.0,1048.0,FGH-WHISKY-064,VAT 69 350ML,WHISKY,RENAME,YES,
FG-296,VAT 69 750ML,WHISKY,pcs,1400.0,1400.0,1000.0,FGH-WHISKY-065,VAT 69 750ML,WHISKY,RENAME,YES,
FG-299,WILLIAM LAWSONS 1 LTR,WHISKY,pcs,2229.0,2229.0,5.0,FGH-WHISKY-066,WILLIAM LAWSONS 1L,WHISKY,MERGE INTO,NO,Name → WILLIAM LAWSONS 1L
FG-297,William Lawsons 350ml,WHISKY,pcs,869.0,869.0,5.0,FGH-WHISKY-067,WILLIAM LAWSONS 350ML,WHISKY,RENAME,YES,
FG-298,William Lawsons 750ml,WHISKY,pcs,1750.0,1750.0,1.0,FGH-WHISKY-068,WILLIAM LAWSONS 750ML,WHISKY,KEEP / RENAME,YES,
FG-305,4TH STREET SWEET RED,WINES,pcs,905.0,905.0,4.0,FGH-WINES-001,4TH STREET SWEET RED,WINES,KEEP / RENAME,YES,
FG-307,ASCONI,WINES,pcs,1630.0,1630.0,6.0,FGH-WINES-003,ASCONI,WINES,KEEP / RENAME,YES,
FG-308,CAPRICE SWEET RED,WINES,pcs,922.0,922.0,1.0,FGH-WINES-004,CAPRICE SWEET RED,WINES,KEEP / RENAME,YES,
FG-323,CAPRICE SWEET WHITE,WINES,pcs,922.0,922.0,0.0,FGH-WINES-005,CAPRICE SWEET WHITE,WINES,KEEP / RENAME,YES,
FG-309,CASABUENA SANGRIA RED,WINES,pcs,755.0,755.0,995.0,FGH-WINES-008,CASABUENA SANGRIA RED,WINES,KEEP / RENAME,YES,
FG-326,CASABUENA SANGRIA WHITE,WINES,pcs,755.0,755.0,999.0,FGH-WINES-009,CASABUENA SANGRIA WHITE,WINES,KEEP / RENAME,YES,
FG-439,CELLAR CASK RED,WINES,bottle,925.0,925.0,9.0,FGH-WINES-011,CELLAR CASK RED,WINES,RENAME,YES,
FG-440,CELLAR CASK WHITE,WINES,bottle,0.0,0.0,0.0,FGH-WINES-012,CELLAR CASK WHITE,WINES,RENAME,YES,
FG-310,CHAMDOR,WINES,pcs,850.0,850.0,1000.0,FGH-WINES-013,CHAMDOR,WINES,KEEP / RENAME,YES,
FG-311,DROSDTY HOF CLARET,WINES,pcs,921.0,921.0,5.0,FGH-WINES-014,DROSTDY HOF CLARET,WINES,RENAME,YES,Name → DROSTDY HOF CLARET
FG-322,DROSDTY HOF PREMIUM,WINES,pcs,1750.0,1750.0,2.0,FGH-WINES-015,DROSTDY HOF PREMIUM,WINES,RENAME,YES,Name → DROSTDY HOF PREMIUM
FG-438,DROSTDY HOF RED,WINES,bottle,0.0,0.0,0.0,FGH-WINES-016,DROSTDY HOF RED,WINES,KEEP / RENAME,YES,
FG-437,DROSTDY HOF WHITE,WINES,bottle,0.0,0.0,0.0,FGH-WINES-017,DROSTDY HOF WHITE,WINES,KEEP / RENAME,YES,
FG-312,FOUR COUSINS RED,WINES,pcs,800.0,800.0,1.0,FGH-WINES-020,FOUR COUSINS RED,WINES,RENAME,YES,
FG-321,FOUR COUSINS WHITE,WINES,pcs,800.0,800.0,5.0,FGH-WINES-021,FOUR COUSINS WHITE,WINES,RENAME,YES,
FG-313,FRONTERA,WINES,pcs,1000.0,1000.0,1000.0,FGH-WINES-022,FRONTERA,WINES,RENAME,YES,
FG-316,NEDERBURG RED,WINES,pcs,1986.0,1986.0,3.0,FGH-WINES-023,NEDERBURG RED,WINES,RENAME,YES,
FG-409,NEDERBURG WHITE,WINES,pcs,1609.0,1609.0,0.0,FGH-WINES-024,NEDERBURG WHITE,WINES,RENAME,YES,
FG-317,PENASOL,WINES,pcs,850.0,850.0,1000.0,FGH-WINES-026,PENASOL,WINES,RENAME,YES,
FG-441,ROBERTSON RED,WINES,bottle,0.0,0.0,0.0,FGH-WINES-027,ROBERTSON RED,WINES,RENAME,YES,
FG-318,ROBERTSON SWEET RED,WINES,pcs,1000.0,1000.0,0.0,FGH-WINES-028,ROBERTSON SWEET RED,WINES,RENAME,YES,
FG-442,ROBERTSON WHITE,WINES,bottle,0.0,0.0,0.0,FGH-WINES-029,ROBERTSON WHITE,WINES,RENAME,YES,
