Build started 2/15/2026 11:23:43 AM.
Logging verbosity is set to: Detailed.     0>Process = "C:\Program Files\dotnet\dotnet.exe"
       MSBuild executable path = "C:\Program Files\dotnet\sdk\8.0.418\MSBuild.dll"
       Command line arguments = "C:\Program Files\dotnet\sdk\8.0.418\MSBuild.dll -maxcpucount -verbosity:m -nologo -restore -consoleloggerparameters:Summary /flp:logfile=build.log /flp:verbosity=detailed -distributedlogger:Microsoft.DotNet.Tools.MSBuild.MSBuildLogger,C:\Program Files\dotnet\sdk\8.0.418\dotnet.dll*Microsoft.DotNet.Tools.MSBuild.MSBuildForwardingLogger,C:\Program Files\dotnet\sdk\8.0.418\dotnet.dll"
       Current directory = "C:\Users\user\Desktop\fggrill\desktop-app\FgGrillPos"
       MSBuild version = "17.11.48+02bf66295"
       Based on the Windows registry key LongPathsEnabled, the LongPaths feature is enabled.
       The SDK "Microsoft.NET.Sdk" was successfully resolved by the "DefaultSdkResolver" resolver to location "C:\Program Files\dotnet\sdk\8.0.418\Sdks\Microsoft.NET.Sdk\Sdk" and version "".
       Assembly loaded during Evaluation: Microsoft.NET.StringTools, Version=1.0.0.0, Culture=neutral, PublicKeyToken=b03f5f7f11d50a3a (location: C:\Program Files\dotnet\sdk\8.0.418\Microsoft.NET.StringTools.dll, MVID: a6df08db-4589-427d-8720-dbb53fdf37b0, AssemblyLoadContext: Default)
       Property 'MSBuildExtensionsPath' with value 'C:\Program Files\dotnet\sdk\8.0.418\' expanded from the environment.
       Property reassignment: $(MSBuildProjectExtensionsPath)="C:\Users\user\Desktop\fggrill\desktop-app\FgGrillPos\obj\" (previous value: "obj\") at C:\Program Files\dotnet\sdk\8.0.418\Current\Microsoft.Common.props (60,5)
       Property 'MSBuildUserExtensionsPath' with value 'C:\Users\user\AppData\Local\Microsoft\MSBuild' expanded from the environment.
       Property reassignment: $(AssemblySearchPaths)="{CandidateAssemblyFiles};{HintPathFromItem}" (previous value: "{CandidateAssemblyFiles}") at C:\Program Files\dotnet\sdk\8.0.418\Sdks\Microsoft.NET.Sdk\targets\Microsoft.NET.Sdk.props (91,5)
       Property reassignment: $(AssemblySearchPaths)="{CandidateAssemblyFiles};{HintPathFromItem};{TargetFrameworkDirectory}" (previous value: "{CandidateAssemblyFiles};{HintPathFromItem}") at C:\Program Files\dotnet\sdk\8.0.418\Sdks\Microsoft.NET.Sdk\targets\Microsoft.NET.Sdk.props (92,5)
       Property reassignment: $(AssemblySearchPaths)="{CandidateAssemblyFiles};{HintPathFromItem};{TargetFrameworkDirectory};{RawFileName}" (previous value: "{CandidateAssemblyFiles};{HintPathFromItem};{TargetFrameworkDirectory}") at C:\Program Files\dotnet\sdk\8.0.418\Sdks\Microsoft.NET.Sdk\targets\Microsoft.NET.Sdk.props (93,5)
       The "DefaultSdkResolver" resolver attempted to resolve the SDK "Microsoft.NET.SDK.WorkloadAutoImportPropsLocator".
       Warnings: null
       Errors: MSB4276: The default SDK resolver failed to resolve SDK "Microsoft.NET.SDK.WorkloadAutoImportPropsLocator" because directory "C:\Program Files\dotnet\sdk\8.0.418\Sdks\Microsoft.NET.SDK.WorkloadAutoImportPropsLocator\Sdk" did not exist.
       Assembly loaded during Evaluation: Microsoft.Build.NuGetSdkResolver, Version=6.11.1.2, Culture=neutral, PublicKeyToken=31bf3856ad364e35 (location: C:\Program Files\dotnet\sdk\8.0.418\Microsoft.Build.NuGetSdkResolver.dll, MVID: ae254ffe-3ea7-4bba-8a74-0bd55e8cfe87, AssemblyLoadContext: MSBuild plugin C:\Program Files\dotnet\sdk\8.0.418\Microsoft.Build.NuGetSdkResolver.dll)
       Assembly loaded during Evaluation: Microsoft.NET.Sdk.WorkloadMSBuildSdkResolver, Version=8.0.418.0, Culture=neutral, PublicKeyToken=31bf3856ad364e35 (location: C:\Program Files\dotnet\sdk\8.0.418\Microsoft.NET.Sdk.WorkloadMSBuildSdkResolver.dll, MVID: 0932c174-603d-4092-adb8-22bd59e99768, AssemblyLoadContext: MSBuild plugin C:\Program Files\dotnet\sdk\8.0.418\Microsoft.NET.Sdk.WorkloadMSBuildSdkResolver.dll)
       Assembly loaded during Evaluation: System.Reflection.Metadata, Version=8.0.0.0, Culture=neutral, PublicKeyToken=b03f5f7f11d50a3a (location: C:\Program Files\dotnet\shared\Microsoft.NETCore.App\8.0.24\System.Reflection.Metadata.dll, MVID: 047a1ed7-e08e-4c9b-8e54-65dd29da4a05, AssemblyLoadContext: Default)
       Assembly loaded during Evaluation: Microsoft.DotNet.Cli.Utils, Version=8.0.418.0, Culture=neutral, PublicKeyToken=adb9793829ddae60 (location: C:\Program Files\dotnet\sdk\8.0.418\Microsoft.DotNet.Cli.Utils.dll, MVID: 2fcce8e2-61f2-453d-bb73-871e31009635, AssemblyLoadContext: MSBuild plugin C:\Program Files\dotnet\sdk\8.0.418\Microsoft.NET.Sdk.WorkloadMSBuildSdkResolver.dll)
       Assembly loaded during Evaluation: Microsoft.NET.Sdk.WorkloadManifestReader, Version=8.0.418.0, Culture=neutral, PublicKeyToken=adb9793829ddae60 (location: C:\Program Files\dotnet\sdk\8.0.418\Microsoft.NET.Sdk.WorkloadManifestReader.dll, MVID: 79114101-a993-4d58-ae6b-c49bd3471334, AssemblyLoadContext: MSBuild plugin C:\Program Files\dotnet\sdk\8.0.418\Microsoft.NET.Sdk.WorkloadMSBuildSdkResolver.dll)
       Assembly loaded during Evaluation: Microsoft.Deployment.DotNet.Releases, Version=2.0.0.0, Culture=neutral, PublicKeyToken=31bf3856ad364e35 (location: C:\Program Files\dotnet\sdk\8.0.418\Microsoft.Deployment.DotNet.Releases.dll, MVID: 34f9f9be-a352-437d-b864-e54aac6740dd, AssemblyLoadContext: MSBuild plugin C:\Program Files\dotnet\sdk\8.0.418\Microsoft.NET.Sdk.WorkloadMSBuildSdkResolver.dll)
       The SDK "Microsoft.NET.SDK.WorkloadAutoImportPropsLocator" was successfully resolved by the "Microsoft.DotNet.MSBuildWorkloadSdkResolver" resolver to location "null" and version "null".
       Property reassignment: $(TargetsForTfmSpecificContentInPackage)=";PackTool;_PackProjectToolValidation" (previous value: ";PackTool") at C:\Program Files\dotnet\sdk\8.0.418\Sdks\Microsoft.NET.Sdk\targets\Microsoft.NET.PackProjectTool.props (15,5)
       Property reassignment: $(OutputType)="WinExe" (previous value: "Library") at C:\Users\user\Desktop\fggrill\desktop-app\FgGrillPos\FgGrillPos.csproj (4,5)
       Property reassignment: $(PublishProfileImported)="false" (previous value: "true") at C:\Program Files\dotnet\sdk\8.0.418\Sdks\Microsoft.NET.Sdk\targets\Microsoft.NET.Sdk.ImportPublishProfile.targets (28,5)
       Assembly loaded during Evaluation: NuGet.Frameworks, Version=6.11.1.2, Culture=neutral, PublicKeyToken=31bf3856ad364e35 (location: C:\Program Files\dotnet\sdk\8.0.418\NuGet.Frameworks.dll, MVID: 36fa17a1-abb6-4cce-b85c-dd32a6dcc45f, AssemblyLoadContext: Assembly.LoadFile(C:\Program Files\dotnet\sdk\8.0.418\NuGet.Frameworks.dll))
       Property reassignment: $(TargetPlatformVersion)="0.0" (previous value: "0.0.0.0") at C:\Program Files\dotnet\sdk\8.0.418\Sdks\Microsoft.NET.Sdk\targets\Microsoft.NET.TargetFrameworkInference.targets (68,5)
       Property reassignment: $(TargetPlatformVersion)="" (previous value: "0.0") at C:\Program Files\dotnet\sdk\8.0.418\Sdks\Microsoft.NET.Sdk\targets\Microsoft.NET.TargetFrameworkInference.targets (69,5)
       Property reassignment: $(TargetPlatformIdentifier)="Windows" (previous value: "windows") at C:\Program Files\dotnet\sdk\8.0.418\Sdks\Microsoft.NET.Sdk\targets\Microsoft.NET.TargetFrameworkInference.targets (71,5)
       Property reassignment: $(DefaultItemExcludes)=";bin\Debug\/**;obj\Debug\/**" (previous value: ";bin\Debug\/**") at C:\Program Files\dotnet\sdk\8.0.418\Sdks\Microsoft.NET.Sdk\targets\Microsoft.NET.DefaultOutputPaths.targets (122,5)
       Property reassignment: $(OutputPath)="bin\Debug\net8.0-windows\" (previous value: "bin\Debug\") at C:\Program Files\dotnet\sdk\8.0.418\Sdks\Microsoft.NET.Sdk\targets\Microsoft.NET.DefaultOutputPaths.targets (137,5)
       Property reassignment: $(IntermediateOutputPath)="obj\Debug\net8.0-windows\" (previous value: "obj\Debug\") at C:\Program Files\dotnet\sdk\8.0.418\Sdks\Microsoft.NET.Sdk\targets\Microsoft.NET.DefaultOutputPaths.targets (142,5)
       The "DefaultSdkResolver" resolver attempted to resolve the SDK "Microsoft.NET.SDK.WorkloadManifestTargetsLocator".
       Warnings: null
       Errors: MSB4276: The default SDK resolver failed to resolve SDK "Microsoft.NET.SDK.WorkloadManifestTargetsLocator" because directory "C:\Program Files\dotnet\sdk\8.0.418\Sdks\Microsoft.NET.SDK.WorkloadManifestTargetsLocator\Sdk" did not exist.
       The SDK "Microsoft.NET.SDK.WorkloadManifestTargetsLocator" was successfully resolved by the "Microsoft.DotNet.MSBuildWorkloadSdkResolver" resolver to location "C:\Program Files\dotnet\sdk-manifests\8.0.100\microsoft.net.sdk.android\34.0.43" and version "null".
       Property reassignment: $(_FrameworkIdentifierForImplicitDefine)="NET" (previous value: "NETCOREAPP") at C:\Program Files\dotnet\sdk\8.0.418\Sdks\Microsoft.NET.Sdk\targets\Microsoft.NET.Sdk.BeforeCommon.targets (187,5)
       Property reassignment: $(_FrameworkVersionForImplicitDefine)="8_0" (previous value: "8.0") at C:\Program Files\dotnet\sdk\8.0.418\Sdks\Microsoft.NET.Sdk\targets\Microsoft.NET.Sdk.BeforeCommon.targets (192,5)
       Property reassignment: $(CommandLineArgsForDesignTimeEvaluation)="-langversion:12.0 -define:TRACE" (previous value: "-langversion:12.0") at C:\Program Files\dotnet\sdk\8.0.418\Roslyn\Microsoft.CSharp.Core.targets (200,5)
       Assembly loaded during Evaluation: Microsoft.Build.Utilities.Core, Version=15.1.0.0, Culture=neutral, PublicKeyToken=b03f5f7f11d50a3a (location: C:\Program Files\dotnet\sdk\8.0.418\Microsoft.Build.Utilities.Core.dll, MVID: 3ef2c93a-1391-4e37-a4e3-a5d04b06a824, AssemblyLoadContext: Default)
       Property reassignment: $(_DebugSymbolsProduced)="true" (previous value: "false") at C:\Program Files\dotnet\sdk\8.0.418\Microsoft.Common.CurrentVersion.targets (175,5)
       Property reassignment: $(_DocumentationFileProduced)="false" (previous value: "true") at C:\Program Files\dotnet\sdk\8.0.418\Microsoft.Common.CurrentVersion.targets (185,5)
       Property reassignment: $(MSBuildCopyMarkerName)="FgGrillPos.csproj.Up2Date" (previous value: "FgGrillPos.csproj") at C:\Program Files\dotnet\sdk\8.0.418\Microsoft.Common.CurrentVersion.targets (393,5)
       Property reassignment: $(ProcessorArchitecture)="msil" (previous value: "") at C:\Program Files\dotnet\sdk\8.0.418\Microsoft.Common.CurrentVersion.targets (541,5)
       Property reassignment: $(DelaySign)="" (previous value: "false") at C:\Program Files\dotnet\sdk\8.0.418\Microsoft.Common.CurrentVersion.targets (580,5)
       Property 'LOCALAPPDATA' with value 'C:\Users\user\AppData\Local' expanded from the environment.
       Property reassignment: $(_SGenGenerateSerializationAssembliesConfig)="Auto" (previous value: "") at C:\Program Files\dotnet\sdk\8.0.418\Microsoft.Common.CurrentVersion.targets (3896,5)
       Property reassignment: $(_SGenGenerateSerializationAssembliesConfig)="Off" (previous value: "Auto") at C:\Program Files\dotnet\sdk\8.0.418\Microsoft.Common.CurrentVersion.targets (3897,5)
       Property reassignment: $(_TargetsThatPrepareProjectReferences)="
             AssignProjectConfiguration;
             _SplitProjectReferencesByFileExistence
           " (previous value: "_SplitProjectReferencesByFileExistence") at C:\Program Files\dotnet\sdk\8.0.418\Microsoft.Common.CurrentVersion.targets (5099,5)
       Property 'MSBuildExtensionsPath32' with value 'C:\Program Files\dotnet\sdk\8.0.418' expanded from the environment.
       Assembly loaded during Evaluation: System.Threading.Tasks.Parallel, Version=8.0.0.0, Culture=neutral, PublicKeyToken=b03f5f7f11d50a3a (location: C:\Program Files\dotnet\shared\Microsoft.NETCore.App\8.0.24\System.Threading.Tasks.Parallel.dll, MVID: 325afdb1-98ee-40b6-8928-43be018dc5b0, AssemblyLoadContext: Default)
       Property reassignment: $(ProjectAssetsFile)="C:\Users\user\Desktop\fggrill\desktop-app\FgGrillPos\obj\project.assets.json" (previous value: "C:\Users\user\Desktop\fggrill\desktop-app\FgGrillPos\obj\/project.assets.json") at C:\Program Files\dotnet\sdk\8.0.418\Sdks\Microsoft.NET.Sdk\targets\Microsoft.PackageDependencyResolution.targets (24,5)
       Property reassignment: $(ProjectAssetsCacheFile)="C:\Users\user\Desktop\fggrill\desktop-app\FgGrillPos\obj\Debug\net8.0-windows\FgGrillPos.assets.cache" (previous value: "obj\Debug\net8.0-windows\FgGrillPos.assets.cache") at C:\Program Files\dotnet\sdk\8.0.418\Sdks\Microsoft.NET.Sdk\targets\Microsoft.PackageDependencyResolution.targets (29,5)
       Property reassignment: $(ResolveAssemblyReferencesDependsOn)="
             
             ResolveProjectReferences;
             FindInvalidProjectReferences;
             GetFrameworkPaths;
             GetReferenceAssemblyPaths;
             PrepareForBuild;
             ResolveSDKReferences;
             ExpandSDKReferences;
           ;
             ResolvePackageDependenciesForBuild;
             _HandlePackageFileConflicts;
           " (previous value: "
             ResolveProjectReferences;
             FindInvalidProjectReferences;
             GetFrameworkPaths;
             GetReferenceAssemblyPaths;
             PrepareForBuild;
             ResolveSDKReferences;
             ExpandSDKReferences;
           ") at C:\Program Files\dotnet\sdk\8.0.418\Sdks\Microsoft.NET.Sdk\targets\Microsoft.PackageDependencyResolution.targets (80,5)
       Property reassignment: $(PrepareResourcesDependsOn)="
             ResolvePackageDependenciesForBuild;
             _HandlePackageFileConflicts;
             
             ;
             PrepareResourceNames;
             ResGen;
             CompileLicxFiles
           
           " (previous value: "
             ;
             PrepareResourceNames;
             ResGen;
             CompileLicxFiles
           ") at C:\Program Files\dotnet\sdk\8.0.418\Sdks\Microsoft.NET.Sdk\targets\Microsoft.PackageDependencyResolution.targets (86,5)
       Property reassignment: $(DefaultItemExcludes)=";bin\Debug\/**;obj\Debug\/**;bin\/**" (previous value: ";bin\Debug\/**;obj\Debug\/**") at C:\Program Files\dotnet\sdk\8.0.418\Sdks\Microsoft.NET.Sdk\targets\Microsoft.NET.Sdk.DefaultItems.targets (27,5)
       Property reassignment: $(DefaultItemExcludes)=";bin\Debug\/**;obj\Debug\/**;bin\/**;obj\/**" (previous value: ";bin\Debug\/**;obj\Debug\/**;bin\/**") at C:\Program Files\dotnet\sdk\8.0.418\Sdks\Microsoft.NET.Sdk\targets\Microsoft.NET.Sdk.DefaultItems.targets (29,5)
       Property reassignment: $(DefaultItemExcludes)=";bin\Debug\/**;obj\Debug\/**;bin\/**;obj\/**;**/*.user" (previous value: ";bin\Debug\/**;obj\Debug\/**;bin\/**;obj\/**") at C:\Program Files\dotnet\sdk\8.0.418\Sdks\Microsoft.NET.Sdk\targets\Microsoft.NET.Sdk.DefaultItems.targets (32,5)
       Property reassignment: $(DefaultItemExcludes)=";bin\Debug\/**;obj\Debug\/**;bin\/**;obj\/**;**/*.user;**/*.*proj" (previous value: ";bin\Debug\/**;obj\Debug\/**;bin\/**;obj\/**;**/*.user") at C:\Program Files\dotnet\sdk\8.0.418\Sdks\Microsoft.NET.Sdk\targets\Microsoft.NET.Sdk.DefaultItems.targets (33,5)
       Property reassignment: $(DefaultItemExcludes)=";bin\Debug\/**;obj\Debug\/**;bin\/**;obj\/**;**/*.user;**/*.*proj;**/*.sln" (previous value: ";bin\Debug\/**;obj\Debug\/**;bin\/**;obj\/**;**/*.user;**/*.*proj") at C:\Program Files\dotnet\sdk\8.0.418\Sdks\Microsoft.NET.Sdk\targets\Microsoft.NET.Sdk.DefaultItems.targets (34,5)
       Property reassignment: $(DefaultItemExcludes)=";bin\Debug\/**;obj\Debug\/**;bin\/**;obj\/**;**/*.user;**/*.*proj;**/*.sln;**/*.vssscc" (previous value: ";bin\Debug\/**;obj\Debug\/**;bin\/**;obj\/**;**/*.user;**/*.*proj;**/*.sln") at C:\Program Files\dotnet\sdk\8.0.418\Sdks\Microsoft.NET.Sdk\targets\Microsoft.NET.Sdk.DefaultItems.targets (35,5)
       Property reassignment: $(DefaultItemExcludes)=";bin\Debug\/**;obj\Debug\/**;bin\/**;obj\/**;**/*.user;**/*.*proj;**/*.sln;**/*.vssscc;**/.DS_Store" (previous value: ";bin\Debug\/**;obj\Debug\/**;bin\/**;obj\/**;**/*.user;**/*.*proj;**/*.sln;**/*.vssscc") at C:\Program Files\dotnet\sdk\8.0.418\Sdks\Microsoft.NET.Sdk\targets\Microsoft.NET.Sdk.DefaultItems.targets (36,5)
       Property reassignment: $(ResolveAssemblyReferencesDependsOn)="
             
             
             ResolveProjectReferences;
             FindInvalidProjectReferences;
             GetFrameworkPaths;
             GetReferenceAssemblyPaths;
             PrepareForBuild;
             ResolveSDKReferences;
             ExpandSDKReferences;
           ;
             ResolvePackageDependenciesForBuild;
             _HandlePackageFileConflicts;
           ;
             ResolveTargetingPackAssets;
           " (previous value: "
             
             ResolveProjectReferences;
             FindInvalidProjectReferences;
             GetFrameworkPaths;
             GetReferenceAssemblyPaths;
             PrepareForBuild;
             ResolveSDKReferences;
             ExpandSDKReferences;
           ;
             ResolvePackageDependenciesForBuild;
             _HandlePackageFileConflicts;
           ") at C:\Program Files\dotnet\sdk\8.0.418\Sdks\Microsoft.NET.Sdk\targets\Microsoft.NET.Sdk.FrameworkReferenceResolution.targets (14,5)
       Property reassignment: $(_GenerateRuntimeConfigurationPropertyInputsCache)="C:\Users\user\Desktop\fggrill\desktop-app\FgGrillPos\obj\Debug\net8.0-windows\FgGrillPos.genruntimeconfig.cache" (previous value: "obj\Debug\net8.0-windows\FgGrillPos.genruntimeconfig.cache") at C:\Program Files\dotnet\sdk\8.0.418\Sdks\Microsoft.NET.Sdk\targets\Microsoft.NET.Sdk.targets (44,5)
       Property reassignment: $(_GeneratePublishDependencyFilePropertyInputsCache)="C:\Users\user\Desktop\fggrill\desktop-app\FgGrillPos\obj\Debug\net8.0-windows\FgGrillPos.genpublishdeps.cache" (previous value: "obj\Debug\net8.0-windows\FgGrillPos.genpublishdeps.cache") at C:\Program Files\dotnet\sdk\8.0.418\Sdks\Microsoft.NET.Sdk\targets\Microsoft.NET.Sdk.targets (46,5)
       Property reassignment: $(_GenerateSingleFileBundlePropertyInputsCache)="C:\Users\user\Desktop\fggrill\desktop-app\FgGrillPos\obj\Debug\net8.0-windows\FgGrillPos.genbundle.cache" (previous value: "obj\Debug\net8.0-windows\FgGrillPos.genbundle.cache") at C:\Program Files\dotnet\sdk\8.0.418\Sdks\Microsoft.NET.Sdk\targets\Microsoft.NET.Sdk.targets (48,5)
       Property reassignment: $(GenerateRuntimeConfigDevFile)="false" (previous value: "true") at C:\Program Files\dotnet\sdk\8.0.418\Sdks\Microsoft.NET.Sdk\targets\Microsoft.NET.Sdk.targets (81,5)
       Property 'USERPROFILE' with value 'C:\Users\user' expanded from the environment.
       Property reassignment: $(_DefaultUserProfileRuntimeStorePath)="C:\Users\user" (previous value: "") at C:\Program Files\dotnet\sdk\8.0.418\Sdks\Microsoft.NET.Sdk\targets\Microsoft.NET.Sdk.targets (97,5)
       Property reassignment: $(_DefaultUserProfileRuntimeStorePath)="C:\Users\user\.dotnet\store" (previous value: "C:\Users\user") at C:\Program Files\dotnet\sdk\8.0.418\Sdks\Microsoft.NET.Sdk\targets\Microsoft.NET.Sdk.targets (98,5)
       Property reassignment: $(AvailablePlatforms)="Any CPU,x86,x64,ARM32" (previous value: "Any CPU,x86,x64") at C:\Program Files\dotnet\sdk\8.0.418\Sdks\Microsoft.NET.Sdk\targets\Microsoft.NET.Sdk.targets (136,5)
       Property reassignment: $(AvailablePlatforms)="Any CPU,x86,x64,ARM32,ARM64" (previous value: "Any CPU,x86,x64,ARM32") at C:\Program Files\dotnet\sdk\8.0.418\Sdks\Microsoft.NET.Sdk\targets\Microsoft.NET.Sdk.targets (140,5)
       Property reassignment: $(CoreBuildDependsOn)="
             _CheckForBuildWithNoBuild;
             
             BuildOnlySettings;
             PrepareForBuild;
             PreBuildEvent;
             ResolveReferences;
             PrepareResources;
             ResolveKeySource;
             Compile;
             ExportWindowsMDFile;
             UnmanagedUnregistration;
             GenerateSerializationAssemblies;
             CreateSatelliteAssemblies;
             GenerateManifests;
             GetTargetPath;
             PrepareForRun;
             UnmanagedRegistration;
             IncrementalClean;
             PostBuildEvent
           ;
             GenerateBuildDependencyFile;
             GenerateBuildRuntimeConfigurationFiles
           " (previous value: "
             BuildOnlySettings;
             PrepareForBuild;
             PreBuildEvent;
             ResolveReferences;
             PrepareResources;
             ResolveKeySource;
             Compile;
             ExportWindowsMDFile;
             UnmanagedUnregistration;
             GenerateSerializationAssemblies;
             CreateSatelliteAssemblies;
             GenerateManifests;
             GetTargetPath;
             PrepareForRun;
             UnmanagedRegistration;
             IncrementalClean;
             PostBuildEvent
           ") at C:\Program Files\dotnet\sdk\8.0.418\Sdks\Microsoft.NET.Sdk\targets\Microsoft.NET.Sdk.targets (197,5)
       Property reassignment: $(CoreCleanDependsOn)="
             _SdkBeforeClean;
             
           " (previous value: "") at C:\Program Files\dotnet\sdk\8.0.418\Sdks\Microsoft.NET.Sdk\targets\Microsoft.NET.Sdk.targets (206,5)
       Property reassignment: $(RebuildDependsOn)="
             _SdkBeforeRebuild;
             
             BeforeRebuild;
             Clean;
             Build;
             AfterRebuild;
           
           " (previous value: "
             BeforeRebuild;
             Clean;
             Build;
             AfterRebuild;
           ") at C:\Program Files\dotnet\sdk\8.0.418\Sdks\Microsoft.NET.Sdk\targets\Microsoft.NET.Sdk.targets (213,5)
       Property reassignment: $(CompileDependsOn)="
             
             ResolveReferences;
             ResolveKeySource;
             SetWin32ManifestProperties;
             _SetPreferNativeArm64Win32ManifestProperties;
             FindReferenceAssembliesForReferences;
             _GenerateCompileInputs;
             BeforeCompile;
             _TimeStampBeforeCompile;
             _GenerateCompileDependencyCache;
             CoreCompile;
             _TimeStampAfterCompile;
             AfterCompile;
           ;
             _CreateAppHost;
             _CreateComHost;
             _GetIjwHostPaths;
           " (previous value: "
             ResolveReferences;
             ResolveKeySource;
             SetWin32ManifestProperties;
             _SetPreferNativeArm64Win32ManifestProperties;
             FindReferenceAssembliesForReferences;
             _GenerateCompileInputs;
             BeforeCompile;
             _TimeStampBeforeCompile;
             _GenerateCompileDependencyCache;
             CoreCompile;
             _TimeStampAfterCompile;
             AfterCompile;
           ") at C:\Program Files\dotnet\sdk\8.0.418\Sdks\Microsoft.NET.Sdk\targets\Microsoft.NET.Sdk.targets (679,5)
       Property reassignment: $(CreateSatelliteAssembliesDependsOn)="
             
             ;
             _GenerateSatelliteAssemblyInputs;
             ComputeIntermediateSatelliteAssemblies;
             GenerateSatelliteAssemblies
           ;
             CoreGenerateSatelliteAssemblies
           " (previous value: "
             ;
             _GenerateSatelliteAssemblyInputs;
             ComputeIntermediateSatelliteAssemblies;
             GenerateSatelliteAssemblies
           ") at C:\Program Files\dotnet\sdk\8.0.418\Sdks\Microsoft.NET.Sdk\targets\Microsoft.NET.Sdk.targets (1065,5)
       Property reassignment: $(SourceLinkUrlInitializerTargets)=";_InitializeGitHubSourceLinkUrl;_InitializeGitLabSourceLinkUrl" (previous value: ";_InitializeGitHubSourceLinkUrl") at C:\Program Files\dotnet\sdk\8.0.418\Sdks\Microsoft.SourceLink.GitLab\build\Microsoft.SourceLink.GitLab.targets (12,5)
       Property reassignment: $(SourceControlManagerUrlTranslationTargets)=";TranslateGitHubUrlsInSourceControlInformation;TranslateGitLabUrlsInSourceControlInformation" (previous value: ";TranslateGitHubUrlsInSourceControlInformation") at C:\Program Files\dotnet\sdk\8.0.418\Sdks\Microsoft.SourceLink.GitLab\build\Microsoft.SourceLink.GitLab.targets (13,5)
       Property reassignment: $(SourceLinkUrlInitializerTargets)=";_InitializeGitHubSourceLinkUrl;_InitializeGitLabSourceLinkUrl;_InitializeAzureReposGitSourceLinkUrl" (previous value: ";_InitializeGitHubSourceLinkUrl;_InitializeGitLabSourceLinkUrl") at C:\Program Files\dotnet\sdk\8.0.418\Sdks\Microsoft.SourceLink.AzureRepos.Git\build\Microsoft.SourceLink.AzureRepos.Git.targets (12,5)
       Property reassignment: $(SourceControlManagerUrlTranslationTargets)=";TranslateGitHubUrlsInSourceControlInformation;TranslateGitLabUrlsInSourceControlInformation;TranslateAzureReposGitUrlsInSourceControlInformation" (previous value: ";TranslateGitHubUrlsInSourceControlInformation;TranslateGitLabUrlsInSourceControlInformation") at C:\Program Files\dotnet\sdk\8.0.418\Sdks\Microsoft.SourceLink.AzureRepos.Git\build\Microsoft.SourceLink.AzureRepos.Git.targets (13,5)
       Property reassignment: $(SourceLinkUrlInitializerTargets)=";_InitializeGitHubSourceLinkUrl;_InitializeGitLabSourceLinkUrl;_InitializeAzureReposGitSourceLinkUrl;_InitializeBitbucketGitSourceLinkUrl" (previous value: ";_InitializeGitHubSourceLinkUrl;_InitializeGitLabSourceLinkUrl;_InitializeAzureReposGitSourceLinkUrl") at C:\Program Files\dotnet\sdk\8.0.418\Sdks\Microsoft.SourceLink.Bitbucket.Git\build\Microsoft.SourceLink.Bitbucket.Git.targets (12,5)
       Property reassignment: $(SourceControlManagerUrlTranslationTargets)=";TranslateGitHubUrlsInSourceControlInformation;TranslateGitLabUrlsInSourceControlInformation;TranslateAzureReposGitUrlsInSourceControlInformation;TranslateBitbucketGitUrlsInSourceControlInformation" (previous value: ";TranslateGitHubUrlsInSourceControlInformation;TranslateGitLabUrlsInSourceControlInformation;TranslateAzureReposGitUrlsInSourceControlInformation") at C:\Program Files\dotnet\sdk\8.0.418\Sdks\Microsoft.SourceLink.Bitbucket.Git\build\Microsoft.SourceLink.Bitbucket.Git.targets (13,5)
       Property reassignment: $(DesignerRuntimeImplementationProjectOutputGroupDependsOn)="
             
             ;
             
             ;
             BuildOnlySettings;
             PrepareForBuild;
             AssignTargetPaths;
             ResolveReferences
           
           ;
             _GenerateDesignerDepsFile;
             _GenerateDesignerRuntimeConfigFile;
             GetCopyToOutputDirectoryItems;
             _GatherDesignerShadowCopyFiles;
           " (previous value: "
             ;
             
             ;
             BuildOnlySettings;
             PrepareForBuild;
             AssignTargetPaths;
             ResolveReferences
           
           ") at C:\Program Files\dotnet\sdk\8.0.418\Sdks\Microsoft.NET.Sdk\targets\Microsoft.NET.DesignerSupport.targets (21,5)
       Property reassignment: $(_GenerateToolsSettingsFileCacheFile)="C:\Users\user\Desktop\fggrill\desktop-app\FgGrillPos\obj\Debug\net8.0-windows\FgGrillPos.toolssettingsinput.cache" (previous value: "obj\Debug\net8.0-windows\FgGrillPos.toolssettingsinput.cache") at C:\Program Files\dotnet\sdk\8.0.418\Sdks\Microsoft.NET.Sdk\targets\Microsoft.NET.PackTool.targets (68,5)
       Property reassignment: $(_ShimInputCacheFile)="C:\Users\user\Desktop\fggrill\desktop-app\FgGrillPos\obj\Debug\net8.0-windows\FgGrillPos.shiminput.cache" (previous value: "obj\Debug\net8.0-windows\FgGrillPos.shiminput.cache") at C:\Program Files\dotnet\sdk\8.0.418\Sdks\Microsoft.NET.Sdk\targets\Microsoft.NET.PackTool.targets (137,5)
       Property reassignment: $(_ShimCreatedSentinelFile)="C:\Users\user\Desktop\fggrill\desktop-app\FgGrillPos\obj\Debug\net8.0-windows\FgGrillPos.shimcreated.sentinel" (previous value: "obj\Debug\net8.0-windows\FgGrillPos.shimcreated.sentinel") at C:\Program Files\dotnet\sdk\8.0.418\Sdks\Microsoft.NET.Sdk\targets\Microsoft.NET.PackTool.targets (139,5)
       Property reassignment: $(DefineConstants)="TRACE;DEBUG" (previous value: "TRACE") at C:\Program Files\dotnet\sdk\8.0.418\Sdks\Microsoft.NET.Sdk\targets\Microsoft.NET.Sdk.CSharp.targets (31,5)
       Property reassignment: $(DefineConstants)="TRACE;DEBUG;NET;NET8_0;NETCOREAPP" (previous value: "TRACE;DEBUG") at C:\Program Files\dotnet\sdk\8.0.418\Sdks\Microsoft.NET.Sdk\targets\Microsoft.NET.Sdk.CSharp.targets (34,5)
       Property reassignment: $(WarningsAsErrors)=";NU1605;SYSLIB0011" (previous value: ";NU1605") at C:\Program Files\dotnet\sdk\8.0.418\Sdks\Microsoft.NET.Sdk\targets\Microsoft.NET.Sdk.CSharp.targets (48,5)
       Property reassignment: $(TargetPlatformVersion)="7.0" (previous value: "") at C:\Program Files\dotnet\sdk\8.0.418\Sdks\Microsoft.NET.Sdk\targets\Microsoft.NET.Windows.targets (34,5)
       Property reassignment: $(SupportedOSPlatformVersion)="7.0" (previous value: "") at C:\Program Files\dotnet\sdk\8.0.418\Sdks\Microsoft.NET.Sdk\targets\Microsoft.NET.Windows.targets (44,5)
       Property reassignment: $(TargetPlatformMinVersion)="7.0" (previous value: "") at C:\Program Files\dotnet\sdk\8.0.418\Sdks\Microsoft.NET.Sdk\targets\Microsoft.NET.Windows.targets (45,5)
       Property reassignment: $(TargetPlatformDisplayName)="Windows 7.0" (previous value: "Windows ") at C:\Program Files\dotnet\sdk\8.0.418\Sdks\Microsoft.NET.Sdk\targets\Microsoft.NET.Sdk.targets (1347,5)
       Property reassignment: $(_TargetFrameworkVersionValue)="8.0" (previous value: "0.0") at C:\Program Files\dotnet\sdk\8.0.418\Sdks\Microsoft.NET.Sdk.WindowsDesktop\targets\Microsoft.NET.Sdk.WindowsDesktop.targets (51,5)
       Property reassignment: $(PrepareResourceNamesDependsOn)="
                           AssignWinFXEmbeddedResource;
                           
             AssignTargetPaths;
             SplitResourcesByCulture;
             CreateManifestResourceNames;
             CreateCustomManifestResourceNames
           
             " (previous value: "
             AssignTargetPaths;
             SplitResourcesByCulture;
             CreateManifestResourceNames;
             CreateCustomManifestResourceNames
           ") at C:\Program Files\dotnet\sdk\8.0.418\Sdks\Microsoft.NET.Sdk.WindowsDesktop\targets\Microsoft.WinFX.targets (61,7)
       Property reassignment: $(PrepareResourcesDependsOn)="
                       MarkupCompilePass1;
                       AfterMarkupCompilePass1;
                       MarkupCompilePass2ForMainAssembly;
                       FileClassification;
                       MainResourcesGeneration;
                       
             ResolvePackageDependenciesForBuild;
             _HandlePackageFileConflicts;
             
             ;
             PrepareResourceNames;
             ResGen;
             CompileLicxFiles
           
           
             " (previous value: "
             ResolvePackageDependenciesForBuild;
             _HandlePackageFileConflicts;
             
             ;
             PrepareResourceNames;
             ResGen;
             CompileLicxFiles
           
           ") at C:\Program Files\dotnet\sdk\8.0.418\Sdks\Microsoft.NET.Sdk.WindowsDesktop\targets\Microsoft.WinFX.targets (69,7)
       Property reassignment: $(CompileDependsOn)="
               
             
             ResolveReferences;
             ResolveKeySource;
             SetWin32ManifestProperties;
             _SetPreferNativeArm64Win32ManifestProperties;
             FindReferenceAssembliesForReferences;
             _GenerateCompileInputs;
             BeforeCompile;
             _TimeStampBeforeCompile;
             _GenerateCompileDependencyCache;
             CoreCompile;
             _TimeStampAfterCompile;
             AfterCompile;
           ;
             _CreateAppHost;
             _CreateComHost;
             _GetIjwHostPaths;
           ;
               _AfterCompileWinFXInternal
           " (previous value: "
             
             ResolveReferences;
             ResolveKeySource;
             SetWin32ManifestProperties;
             _SetPreferNativeArm64Win32ManifestProperties;
             FindReferenceAssembliesForReferences;
             _GenerateCompileInputs;
             BeforeCompile;
             _TimeStampBeforeCompile;
             _GenerateCompileDependencyCache;
             CoreCompile;
             _TimeStampAfterCompile;
             AfterCompile;
           ;
             _CreateAppHost;
             _CreateComHost;
             _GetIjwHostPaths;
           ") at C:\Program Files\dotnet\sdk\8.0.418\Sdks\Microsoft.NET.Sdk.WindowsDesktop\targets\Microsoft.WinFX.targets (136,5)
       Property reassignment: $(PublishBuildDependsOn)="
                   BuildOnlySettings;
                   PrepareForBuild;
                   ResolveReferences;
                   PrepareResources;
                   ResolveKeySource;
                   PrepareResourcesForSatelliteAssemblies;
                   GenerateSerializationAssemblies;
                   CreateSatelliteAssemblies;
               " (previous value: "
             BuildOnlySettings;
             PrepareForBuild;
             ResolveReferences;
             PrepareResources;
             ResolveKeySource;
             GenerateSerializationAssemblies;
             CreateSatelliteAssemblies;
           ") at C:\Program Files\dotnet\sdk\8.0.418\Sdks\Microsoft.NET.Sdk.WindowsDesktop\targets\Microsoft.WinFX.targets (802,9)
       Property reassignment: $(PackageDescription)="Package Description" (previous value: "") at C:\Program Files\dotnet\sdk\8.0.418\Sdks\NuGet.Build.Tasks.Pack\build\NuGet.Build.Tasks.Pack.targets (34,5)
       Property reassignment: $(GenerateNuspecDependsOn)="Build;_LoadPackInputItems; _GetTargetFrameworksOutput; _WalkEachTargetPerFramework; _GetPackageFiles; " (previous value: "_LoadPackInputItems; _GetTargetFrameworksOutput; _WalkEachTargetPerFramework; _GetPackageFiles; ") at C:\Program Files\dotnet\sdk\8.0.418\Sdks\NuGet.Build.Tasks.Pack\build\NuGet.Build.Tasks.Pack.targets (59,5)
       Property reassignment: $(_IsNotSetContainersTargetsDir)="true" (previous value: "false") at C:\Program Files\dotnet\sdk\8.0.418\Sdks\Microsoft.NET.Sdk\Sdk\Sdk.targets (59,5)
       Property reassignment: $(_IsSDKContainerAllowedVersion)="true" (previous value: "false") at C:\Program Files\dotnet\sdk\8.0.418\Containers\build\Microsoft.NET.Build.Containers.targets (5,5)
       Property reassignment: $(_ContainerIsTargetingNet8TFM)="true" (previous value: "false") at C:\Program Files\dotnet\sdk\8.0.418\Containers\build\Microsoft.NET.Build.Containers.targets (15,5)
       Assembly loaded during Evaluation: System.Reflection.Emit.Lightweight, Version=8.0.0.0, Culture=neutral, PublicKeyToken=b03f5f7f11d50a3a (location: C:\Program Files\dotnet\shared\Microsoft.NETCore.App\8.0.24\System.Reflection.Emit.Lightweight.dll, MVID: 1e0357a7-80f0-4c34-903b-87e05a007c1b, AssemblyLoadContext: Default)
       Assembly loaded during Evaluation: System.Reflection.Emit.ILGeneration, Version=8.0.0.0, Culture=neutral, PublicKeyToken=b03f5f7f11d50a3a (location: C:\Program Files\dotnet\shared\Microsoft.NETCore.App\8.0.24\System.Reflection.Emit.ILGeneration.dll, MVID: 905121e6-75f4-4768-924a-68d9d17b2183, AssemblyLoadContext: Default)
       Assembly loaded during Evaluation: System.Reflection.Primitives, Version=8.0.0.0, Culture=neutral, PublicKeyToken=b03f5f7f11d50a3a (location: C:\Program Files\dotnet\shared\Microsoft.NETCore.App\8.0.24\System.Reflection.Primitives.dll, MVID: abacb265-6da0-4fb6-be87-cc0ea2609101, AssemblyLoadContext: Default)
       Overriding target "ResolveFrameworkReferences" in project "C:\Program Files\dotnet\sdk\8.0.418\Microsoft.Common.CurrentVersion.targets" with target "ResolveFrameworkReferences" from project "C:\Program Files\dotnet\sdk\8.0.418\Sdks\Microsoft.NET.Sdk\targets\Microsoft.NET.Sdk.FrameworkReferenceResolution.targets".
       Overriding target "Run" in project "C:\Program Files\dotnet\sdk\8.0.418\Microsoft.Common.CurrentVersion.targets" with target "Run" from project "C:\Program Files\dotnet\sdk\8.0.418\Sdks\Microsoft.NET.Sdk\targets\Microsoft.NET.Sdk.targets".
       Overriding target "GenerateSupportedTargetFrameworkAlias" in project "C:\Program Files\dotnet\sdk\8.0.418\Microsoft.Common.CurrentVersion.targets" with target "GenerateSupportedTargetFrameworkAlias" from project "C:\Program Files\dotnet\sdk\8.0.418\Sdks\Microsoft.NET.Sdk\targets\Microsoft.NET.Sdk.targets".
       Overriding target "GetReferenceAssemblyPaths" in project "C:\Program Files\dotnet\sdk\8.0.418\Microsoft.Common.CurrentVersion.targets" with target "GetReferenceAssemblyPaths" from project "C:\Program Files\dotnet\sdk\8.0.418\Sdks\Microsoft.NET.Sdk\targets\Microsoft.NET.DisableStandardFrameworkResolution.targets".
       Overriding target "GetFrameworkPaths" in project "C:\Program Files\dotnet\sdk\8.0.418\Microsoft.Common.CurrentVersion.targets" with target "GetFrameworkPaths" from project "C:\Program Files\dotnet\sdk\8.0.418\Sdks\Microsoft.NET.Sdk\targets\Microsoft.NET.DisableStandardFrameworkResolution.targets".
       Overriding target "DesignerRuntimeImplementationProjectOutputGroup" in project "C:\Program Files\dotnet\sdk\8.0.418\Microsoft.Common.CurrentVersion.targets" with target "DesignerRuntimeImplementationProjectOutputGroup" from project "C:\Program Files\dotnet\sdk\8.0.418\Sdks\Microsoft.NET.Sdk\targets\Microsoft.NET.DesignerSupport.targets".
       Overriding target "Publish" in project "C:\Program Files\dotnet\sdk\8.0.418\Microsoft.Common.CurrentVersion.targets" with target "Publish" from project "C:\Program Files\dotnet\sdk\8.0.418\Sdks\Microsoft.NET.Sdk\targets\Microsoft.NET.Publish.targets".
       Overriding target "ResolveReadyToRunCompilers" in project "C:\Program Files\dotnet\sdk\8.0.418\Sdks\Microsoft.NET.Sdk\targets\Microsoft.NET.CrossGen.targets" with target "ResolveReadyToRunCompilers" from project "C:\Program Files\dotnet\sdk\8.0.418\Sdks\Microsoft.NET.Sdk\targets\Microsoft.NET.Publish.targets".
       Overriding target "GetCopyToPublishDirectoryItems" in project "C:\Program Files\dotnet\sdk\8.0.418\Microsoft.Common.CurrentVersion.targets" with target "GetCopyToPublishDirectoryItems" from project "C:\Program Files\dotnet\sdk\8.0.418\Sdks\Microsoft.NET.Sdk\targets\Microsoft.NET.Publish.targets".
       Overriding target "SatelliteDllsProjectOutputGroup" in project "C:\Program Files\dotnet\sdk\8.0.418\Microsoft.Common.CurrentVersion.targets" with target "SatelliteDllsProjectOutputGroup" from project "C:\Program Files\dotnet\sdk\8.0.418\Sdks\Microsoft.NET.Sdk.WindowsDesktop\targets\Microsoft.WinFX.targets".
     1>Project "C:\Users\user\Desktop\fggrill\desktop-app\FgGrillPos\FgGrillPos.csproj" on node 1 (Restore target(s)).
     1>Target "_LoadRestoreGraphEntryPoints" in file "C:\Program Files\dotnet\sdk\8.0.418\NuGet.targets" from project "C:\Users\user\Desktop\fggrill\desktop-app\FgGrillPos\FgGrillPos.csproj" (target "_FilterRestoreGraphProjectInputItems" depends on it):
     1>Task "GetRestoreSolutionProjectsTask" skipped, due to false condition; ( $(MSBuildProjectFullPath.EndsWith('.metaproj')) == 'true' AND @(RestoreGraphProjectInputItems) == '' ) was evaluated as ( False == 'true' AND C:\Users\user\Desktop\fggrill\desktop-app\FgGrillPos\FgGrillPos.csproj == '' ).
     1>Done building target "_LoadRestoreGraphEntryPoints" in project "FgGrillPos.csproj".
     1>Target "_FilterRestoreGraphProjectInputItems" in file "C:\Program Files\dotnet\sdk\8.0.418\NuGet.targets" from project "C:\Users\user\Desktop\fggrill\desktop-app\FgGrillPos\FgGrillPos.csproj" (target "_GenerateRestoreGraph" depends on it):
       Using "RemoveDuplicates" task from assembly "Microsoft.Build.Tasks.Core, Version=15.1.0.0, Culture=neutral, PublicKeyToken=b03f5f7f11d50a3a".
       Task "RemoveDuplicates"
       Done executing task "RemoveDuplicates".
       Using "MSBuild" task from assembly "Microsoft.Build.Tasks.Core, Version=15.1.0.0, Culture=neutral, PublicKeyToken=b03f5f7f11d50a3a".
       Task "MSBuild"
         Global Properties:
           ExcludeRestorePackageImports=true
     0>Property 'MSBuildExtensionsPath' with value 'C:\Program Files\dotnet\sdk\8.0.418\' expanded from the environment.
       Property reassignment: $(MSBuildProjectExtensionsPath)="C:\Users\user\Desktop\fggrill\desktop-app\FgGrillPos\obj\" (previous value: "obj\") at C:\Program Files\dotnet\sdk\8.0.418\Current\Microsoft.Common.props (60,5)
       Property 'MSBuildUserExtensionsPath' with value 'C:\Users\user\AppData\Local\Microsoft\MSBuild' expanded from the environment.
       Property reassignment: $(AssemblySearchPaths)="{CandidateAssemblyFiles};{HintPathFromItem}" (previous value: "{CandidateAssemblyFiles}") at C:\Program Files\dotnet\sdk\8.0.418\Sdks\Microsoft.NET.Sdk\targets\Microsoft.NET.Sdk.props (91,5)
       Property reassignment: $(AssemblySearchPaths)="{CandidateAssemblyFiles};{HintPathFromItem};{TargetFrameworkDirectory}" (previous value: "{CandidateAssemblyFiles};{HintPathFromItem}") at C:\Program Files\dotnet\sdk\8.0.418\Sdks\Microsoft.NET.Sdk\targets\Microsoft.NET.Sdk.props (92,5)
       Property reassignment: $(AssemblySearchPaths)="{CandidateAssemblyFiles};{HintPathFromItem};{TargetFrameworkDirectory};{RawFileName}" (previous value: "{CandidateAssemblyFiles};{HintPathFromItem};{TargetFrameworkDirectory}") at C:\Program Files\dotnet\sdk\8.0.418\Sdks\Microsoft.NET.Sdk\targets\Microsoft.NET.Sdk.props (93,5)
       Property reassignment: $(TargetsForTfmSpecificContentInPackage)=";PackTool;_PackProjectToolValidation" (previous value: ";PackTool") at C:\Program Files\dotnet\sdk\8.0.418\Sdks\Microsoft.NET.Sdk\targets\Microsoft.NET.PackProjectTool.props (15,5)
       Property reassignment: $(OutputType)="WinExe" (previous value: "Library") at C:\Users\user\Desktop\fggrill\desktop-app\FgGrillPos\FgGrillPos.csproj (4,5)
       Property reassignment: $(PublishProfileImported)="false" (previous value: "true") at C:\Program Files\dotnet\sdk\8.0.418\Sdks\Microsoft.NET.Sdk\targets\Microsoft.NET.Sdk.ImportPublishProfile.targets (28,5)
       Property reassignment: $(TargetPlatformVersion)="0.0" (previous value: "0.0.0.0") at C:\Program Files\dotnet\sdk\8.0.418\Sdks\Microsoft.NET.Sdk\targets\Microsoft.NET.TargetFrameworkInference.targets (68,5)
       Property reassignment: $(TargetPlatformVersion)="" (previous value: "0.0") at C:\Program Files\dotnet\sdk\8.0.418\Sdks\Microsoft.NET.Sdk\targets\Microsoft.NET.TargetFrameworkInference.targets (69,5)
       Property reassignment: $(TargetPlatformIdentifier)="Windows" (previous value: "windows") at C:\Program Files\dotnet\sdk\8.0.418\Sdks\Microsoft.NET.Sdk\targets\Microsoft.NET.TargetFrameworkInference.targets (71,5)
       Property reassignment: $(DefaultItemExcludes)=";bin\Debug\/**;obj\Debug\/**" (previous value: ";bin\Debug\/**") at C:\Program Files\dotnet\sdk\8.0.418\Sdks\Microsoft.NET.Sdk\targets\Microsoft.NET.DefaultOutputPaths.targets (122,5)
       Property reassignment: $(OutputPath)="bin\Debug\net8.0-windows\" (previous value: "bin\Debug\") at C:\Program Files\dotnet\sdk\8.0.418\Sdks\Microsoft.NET.Sdk\targets\Microsoft.NET.DefaultOutputPaths.targets (137,5)
       Property reassignment: $(IntermediateOutputPath)="obj\Debug\net8.0-windows\" (previous value: "obj\Debug\") at C:\Program Files\dotnet\sdk\8.0.418\Sdks\Microsoft.NET.Sdk\targets\Microsoft.NET.DefaultOutputPaths.targets (142,5)
       Property reassignment: $(_FrameworkIdentifierForImplicitDefine)="NET" (previous value: "NETCOREAPP") at C:\Program Files\dotnet\sdk\8.0.418\Sdks\Microsoft.NET.Sdk\targets\Microsoft.NET.Sdk.BeforeCommon.targets (187,5)
       Property reassignment: $(_FrameworkVersionForImplicitDefine)="8_0" (previous value: "8.0") at C:\Program Files\dotnet\sdk\8.0.418\Sdks\Microsoft.NET.Sdk\targets\Microsoft.NET.Sdk.BeforeCommon.targets (192,5)
       Property reassignment: $(CommandLineArgsForDesignTimeEvaluation)="-langversion:12.0 -define:TRACE" (previous value: "-langversion:12.0") at C:\Program Files\dotnet\sdk\8.0.418\Roslyn\Microsoft.CSharp.Core.targets (200,5)
       Property reassignment: $(_DebugSymbolsProduced)="true" (previous value: "false") at C:\Program Files\dotnet\sdk\8.0.418\Microsoft.Common.CurrentVersion.targets (175,5)
       Property reassignment: $(_DocumentationFileProduced)="false" (previous value: "true") at C:\Program Files\dotnet\sdk\8.0.418\Microsoft.Common.CurrentVersion.targets (185,5)
       Property reassignment: $(MSBuildCopyMarkerName)="FgGrillPos.csproj.Up2Date" (previous value: "FgGrillPos.csproj") at C:\Program Files\dotnet\sdk\8.0.418\Microsoft.Common.CurrentVersion.targets (393,5)
       Property reassignment: $(ProcessorArchitecture)="msil" (previous value: "") at C:\Program Files\dotnet\sdk\8.0.418\Microsoft.Common.CurrentVersion.targets (541,5)
       Property reassignment: $(DelaySign)="" (previous value: "false") at C:\Program Files\dotnet\sdk\8.0.418\Microsoft.Common.CurrentVersion.targets (580,5)
       Property 'LOCALAPPDATA' with value 'C:\Users\user\AppData\Local' expanded from the environment.
       Property reassignment: $(_SGenGenerateSerializationAssembliesConfig)="Auto" (previous value: "") at C:\Program Files\dotnet\sdk\8.0.418\Microsoft.Common.CurrentVersion.targets (3896,5)
       Property reassignment: $(_SGenGenerateSerializationAssembliesConfig)="Off" (previous value: "Auto") at C:\Program Files\dotnet\sdk\8.0.418\Microsoft.Common.CurrentVersion.targets (3897,5)
       Property reassignment: $(_TargetsThatPrepareProjectReferences)="
             AssignProjectConfiguration;
             _SplitProjectReferencesByFileExistence
           " (previous value: "_SplitProjectReferencesByFileExistence") at C:\Program Files\dotnet\sdk\8.0.418\Microsoft.Common.CurrentVersion.targets (5099,5)
       Property 'MSBuildExtensionsPath32' with value 'C:\Program Files\dotnet\sdk\8.0.418' expanded from the environment.
       Property reassignment: $(ProjectAssetsFile)="C:\Users\user\Desktop\fggrill\desktop-app\FgGrillPos\obj\project.assets.json" (previous value: "C:\Users\user\Desktop\fggrill\desktop-app\FgGrillPos\obj\/project.assets.json") at C:\Program Files\dotnet\sdk\8.0.418\Sdks\Microsoft.NET.Sdk\targets\Microsoft.PackageDependencyResolution.targets (24,5)
       Property reassignment: $(ProjectAssetsCacheFile)="C:\Users\user\Desktop\fggrill\desktop-app\FgGrillPos\obj\Debug\net8.0-windows\FgGrillPos.assets.cache" (previous value: "obj\Debug\net8.0-windows\FgGrillPos.assets.cache") at C:\Program Files\dotnet\sdk\8.0.418\Sdks\Microsoft.NET.Sdk\targets\Microsoft.PackageDependencyResolution.targets (29,5)
       Property reassignment: $(ResolveAssemblyReferencesDependsOn)="
             
             ResolveProjectReferences;
             FindInvalidProjectReferences;
             GetFrameworkPaths;
             GetReferenceAssemblyPaths;
             PrepareForBuild;
             ResolveSDKReferences;
             ExpandSDKReferences;
           ;
             ResolvePackageDependenciesForBuild;
             _HandlePackageFileConflicts;
           " (previous value: "
             ResolveProjectReferences;
             FindInvalidProjectReferences;
             GetFrameworkPaths;
             GetReferenceAssemblyPaths;
             PrepareForBuild;
             ResolveSDKReferences;
             ExpandSDKReferences;
           ") at C:\Program Files\dotnet\sdk\8.0.418\Sdks\Microsoft.NET.Sdk\targets\Microsoft.PackageDependencyResolution.targets (80,5)
       Property reassignment: $(PrepareResourcesDependsOn)="
             ResolvePackageDependenciesForBuild;
             _HandlePackageFileConflicts;
             
             ;
             PrepareResourceNames;
             ResGen;
             CompileLicxFiles
           
           " (previous value: "
             ;
             PrepareResourceNames;
             ResGen;
             CompileLicxFiles
           ") at C:\Program Files\dotnet\sdk\8.0.418\Sdks\Microsoft.NET.Sdk\targets\Microsoft.PackageDependencyResolution.targets (86,5)
       Property reassignment: $(DefaultItemExcludes)=";bin\Debug\/**;obj\Debug\/**;bin\/**" (previous value: ";bin\Debug\/**;obj\Debug\/**") at C:\Program Files\dotnet\sdk\8.0.418\Sdks\Microsoft.NET.Sdk\targets\Microsoft.NET.Sdk.DefaultItems.targets (27,5)
       Property reassignment: $(DefaultItemExcludes)=";bin\Debug\/**;obj\Debug\/**;bin\/**;obj\/**" (previous value: ";bin\Debug\/**;obj\Debug\/**;bin\/**") at C:\Program Files\dotnet\sdk\8.0.418\Sdks\Microsoft.NET.Sdk\targets\Microsoft.NET.Sdk.DefaultItems.targets (29,5)
       Property reassignment: $(DefaultItemExcludes)=";bin\Debug\/**;obj\Debug\/**;bin\/**;obj\/**;**/*.user" (previous value: ";bin\Debug\/**;obj\Debug\/**;bin\/**;obj\/**") at C:\Program Files\dotnet\sdk\8.0.418\Sdks\Microsoft.NET.Sdk\targets\Microsoft.NET.Sdk.DefaultItems.targets (32,5)
       Property reassignment: $(DefaultItemExcludes)=";bin\Debug\/**;obj\Debug\/**;bin\/**;obj\/**;**/*.user;**/*.*proj" (previous value: ";bin\Debug\/**;obj\Debug\/**;bin\/**;obj\/**;**/*.user") at C:\Program Files\dotnet\sdk\8.0.418\Sdks\Microsoft.NET.Sdk\targets\Microsoft.NET.Sdk.DefaultItems.targets (33,5)
       Property reassignment: $(DefaultItemExcludes)=";bin\Debug\/**;obj\Debug\/**;bin\/**;obj\/**;**/*.user;**/*.*proj;**/*.sln" (previous value: ";bin\Debug\/**;obj\Debug\/**;bin\/**;obj\/**;**/*.user;**/*.*proj") at C:\Program Files\dotnet\sdk\8.0.418\Sdks\Microsoft.NET.Sdk\targets\Microsoft.NET.Sdk.DefaultItems.targets (34,5)
       Property reassignment: $(DefaultItemExcludes)=";bin\Debug\/**;obj\Debug\/**;bin\/**;obj\/**;**/*.user;**/*.*proj;**/*.sln;**/*.vssscc" (previous value: ";bin\Debug\/**;obj\Debug\/**;bin\/**;obj\/**;**/*.user;**/*.*proj;**/*.sln") at C:\Program Files\dotnet\sdk\8.0.418\Sdks\Microsoft.NET.Sdk\targets\Microsoft.NET.Sdk.DefaultItems.targets (35,5)
       Property reassignment: $(DefaultItemExcludes)=";bin\Debug\/**;obj\Debug\/**;bin\/**;obj\/**;**/*.user;**/*.*proj;**/*.sln;**/*.vssscc;**/.DS_Store" (previous value: ";bin\Debug\/**;obj\Debug\/**;bin\/**;obj\/**;**/*.user;**/*.*proj;**/*.sln;**/*.vssscc") at C:\Program Files\dotnet\sdk\8.0.418\Sdks\Microsoft.NET.Sdk\targets\Microsoft.NET.Sdk.DefaultItems.targets (36,5)
       Property reassignment: $(ResolveAssemblyReferencesDependsOn)="
             
             
             ResolveProjectReferences;
             FindInvalidProjectReferences;
             GetFrameworkPaths;
             GetReferenceAssemblyPaths;
             PrepareForBuild;
             ResolveSDKReferences;
             ExpandSDKReferences;
           ;
             ResolvePackageDependenciesForBuild;
             _HandlePackageFileConflicts;
           ;
             ResolveTargetingPackAssets;
           " (previous value: "
             
             ResolveProjectReferences;
             FindInvalidProjectReferences;
             GetFrameworkPaths;
             GetReferenceAssemblyPaths;
             PrepareForBuild;
             ResolveSDKReferences;
             ExpandSDKReferences;
           ;
             ResolvePackageDependenciesForBuild;
             _HandlePackageFileConflicts;
           ") at C:\Program Files\dotnet\sdk\8.0.418\Sdks\Microsoft.NET.Sdk\targets\Microsoft.NET.Sdk.FrameworkReferenceResolution.targets (14,5)
       Property reassignment: $(_GenerateRuntimeConfigurationPropertyInputsCache)="C:\Users\user\Desktop\fggrill\desktop-app\FgGrillPos\obj\Debug\net8.0-windows\FgGrillPos.genruntimeconfig.cache" (previous value: "obj\Debug\net8.0-windows\FgGrillPos.genruntimeconfig.cache") at C:\Program Files\dotnet\sdk\8.0.418\Sdks\Microsoft.NET.Sdk\targets\Microsoft.NET.Sdk.targets (44,5)
       Property reassignment: $(_GeneratePublishDependencyFilePropertyInputsCache)="C:\Users\user\Desktop\fggrill\desktop-app\FgGrillPos\obj\Debug\net8.0-windows\FgGrillPos.genpublishdeps.cache" (previous value: "obj\Debug\net8.0-windows\FgGrillPos.genpublishdeps.cache") at C:\Program Files\dotnet\sdk\8.0.418\Sdks\Microsoft.NET.Sdk\targets\Microsoft.NET.Sdk.targets (46,5)
       Property reassignment: $(_GenerateSingleFileBundlePropertyInputsCache)="C:\Users\user\Desktop\fggrill\desktop-app\FgGrillPos\obj\Debug\net8.0-windows\FgGrillPos.genbundle.cache" (previous value: "obj\Debug\net8.0-windows\FgGrillPos.genbundle.cache") at C:\Program Files\dotnet\sdk\8.0.418\Sdks\Microsoft.NET.Sdk\targets\Microsoft.NET.Sdk.targets (48,5)
       Property reassignment: $(GenerateRuntimeConfigDevFile)="false" (previous value: "true") at C:\Program Files\dotnet\sdk\8.0.418\Sdks\Microsoft.NET.Sdk\targets\Microsoft.NET.Sdk.targets (81,5)
       Property 'USERPROFILE' with value 'C:\Users\user' expanded from the environment.
       Property reassignment: $(_DefaultUserProfileRuntimeStorePath)="C:\Users\user" (previous value: "") at C:\Program Files\dotnet\sdk\8.0.418\Sdks\Microsoft.NET.Sdk\targets\Microsoft.NET.Sdk.targets (97,5)
       Property reassignment: $(_DefaultUserProfileRuntimeStorePath)="C:\Users\user\.dotnet\store" (previous value: "C:\Users\user") at C:\Program Files\dotnet\sdk\8.0.418\Sdks\Microsoft.NET.Sdk\targets\Microsoft.NET.Sdk.targets (98,5)
       Property reassignment: $(AvailablePlatforms)="Any CPU,x86,x64,ARM32" (previous value: "Any CPU,x86,x64") at C:\Program Files\dotnet\sdk\8.0.418\Sdks\Microsoft.NET.Sdk\targets\Microsoft.NET.Sdk.targets (136,5)
       Property reassignment: $(AvailablePlatforms)="Any CPU,x86,x64,ARM32,ARM64" (previous value: "Any CPU,x86,x64,ARM32") at C:\Program Files\dotnet\sdk\8.0.418\Sdks\Microsoft.NET.Sdk\targets\Microsoft.NET.Sdk.targets (140,5)
       Property reassignment: $(CoreBuildDependsOn)="
             _CheckForBuildWithNoBuild;
             
             BuildOnlySettings;
             PrepareForBuild;
             PreBuildEvent;
             ResolveReferences;
             PrepareResources;
             ResolveKeySource;
             Compile;
             ExportWindowsMDFile;
             UnmanagedUnregistration;
             GenerateSerializationAssemblies;
             CreateSatelliteAssemblies;
             GenerateManifests;
             GetTargetPath;
             PrepareForRun;
             UnmanagedRegistration;
             IncrementalClean;
             PostBuildEvent
           ;
             GenerateBuildDependencyFile;
             GenerateBuildRuntimeConfigurationFiles
           " (previous value: "
             BuildOnlySettings;
             PrepareForBuild;
             PreBuildEvent;
             ResolveReferences;
             PrepareResources;
             ResolveKeySource;
             Compile;
             ExportWindowsMDFile;
             UnmanagedUnregistration;
             GenerateSerializationAssemblies;
             CreateSatelliteAssemblies;
             GenerateManifests;
             GetTargetPath;
             PrepareForRun;
             UnmanagedRegistration;
             IncrementalClean;
             PostBuildEvent
           ") at C:\Program Files\dotnet\sdk\8.0.418\Sdks\Microsoft.NET.Sdk\targets\Microsoft.NET.Sdk.targets (197,5)
       Property reassignment: $(CoreCleanDependsOn)="
             _SdkBeforeClean;
             
           " (previous value: "") at C:\Program Files\dotnet\sdk\8.0.418\Sdks\Microsoft.NET.Sdk\targets\Microsoft.NET.Sdk.targets (206,5)
       Property reassignment: $(RebuildDependsOn)="
             _SdkBeforeRebuild;
             
             BeforeRebuild;
             Clean;
             Build;
             AfterRebuild;
           
           " (previous value: "
             BeforeRebuild;
             Clean;
             Build;
             AfterRebuild;
           ") at C:\Program Files\dotnet\sdk\8.0.418\Sdks\Microsoft.NET.Sdk\targets\Microsoft.NET.Sdk.targets (213,5)
       Property reassignment: $(CompileDependsOn)="
             
             ResolveReferences;
             ResolveKeySource;
             SetWin32ManifestProperties;
             _SetPreferNativeArm64Win32ManifestProperties;
             FindReferenceAssembliesForReferences;
             _GenerateCompileInputs;
             BeforeCompile;
             _TimeStampBeforeCompile;
             _GenerateCompileDependencyCache;
             CoreCompile;
             _TimeStampAfterCompile;
             AfterCompile;
           ;
             _CreateAppHost;
             _CreateComHost;
             _GetIjwHostPaths;
           " (previous value: "
             ResolveReferences;
             ResolveKeySource;
             SetWin32ManifestProperties;
             _SetPreferNativeArm64Win32ManifestProperties;
             FindReferenceAssembliesForReferences;
             _GenerateCompileInputs;
             BeforeCompile;
             _TimeStampBeforeCompile;
             _GenerateCompileDependencyCache;
             CoreCompile;
             _TimeStampAfterCompile;
             AfterCompile;
           ") at C:\Program Files\dotnet\sdk\8.0.418\Sdks\Microsoft.NET.Sdk\targets\Microsoft.NET.Sdk.targets (679,5)
       Property reassignment: $(CreateSatelliteAssembliesDependsOn)="
             
             ;
             _GenerateSatelliteAssemblyInputs;
             ComputeIntermediateSatelliteAssemblies;
             GenerateSatelliteAssemblies
           ;
             CoreGenerateSatelliteAssemblies
           " (previous value: "
             ;
             _GenerateSatelliteAssemblyInputs;
             ComputeIntermediateSatelliteAssemblies;
             GenerateSatelliteAssemblies
           ") at C:\Program Files\dotnet\sdk\8.0.418\Sdks\Microsoft.NET.Sdk\targets\Microsoft.NET.Sdk.targets (1065,5)
       Property reassignment: $(SourceLinkUrlInitializerTargets)=";_InitializeGitHubSourceLinkUrl;_InitializeGitLabSourceLinkUrl" (previous value: ";_InitializeGitHubSourceLinkUrl") at C:\Program Files\dotnet\sdk\8.0.418\Sdks\Microsoft.SourceLink.GitLab\build\Microsoft.SourceLink.GitLab.targets (12,5)
       Property reassignment: $(SourceControlManagerUrlTranslationTargets)=";TranslateGitHubUrlsInSourceControlInformation;TranslateGitLabUrlsInSourceControlInformation" (previous value: ";TranslateGitHubUrlsInSourceControlInformation") at C:\Program Files\dotnet\sdk\8.0.418\Sdks\Microsoft.SourceLink.GitLab\build\Microsoft.SourceLink.GitLab.targets (13,5)
       Property reassignment: $(SourceLinkUrlInitializerTargets)=";_InitializeGitHubSourceLinkUrl;_InitializeGitLabSourceLinkUrl;_InitializeAzureReposGitSourceLinkUrl" (previous value: ";_InitializeGitHubSourceLinkUrl;_InitializeGitLabSourceLinkUrl") at C:\Program Files\dotnet\sdk\8.0.418\Sdks\Microsoft.SourceLink.AzureRepos.Git\build\Microsoft.SourceLink.AzureRepos.Git.targets (12,5)
       Property reassignment: $(SourceControlManagerUrlTranslationTargets)=";TranslateGitHubUrlsInSourceControlInformation;TranslateGitLabUrlsInSourceControlInformation;TranslateAzureReposGitUrlsInSourceControlInformation" (previous value: ";TranslateGitHubUrlsInSourceControlInformation;TranslateGitLabUrlsInSourceControlInformation") at C:\Program Files\dotnet\sdk\8.0.418\Sdks\Microsoft.SourceLink.AzureRepos.Git\build\Microsoft.SourceLink.AzureRepos.Git.targets (13,5)
       Property reassignment: $(SourceLinkUrlInitializerTargets)=";_InitializeGitHubSourceLinkUrl;_InitializeGitLabSourceLinkUrl;_InitializeAzureReposGitSourceLinkUrl;_InitializeBitbucketGitSourceLinkUrl" (previous value: ";_InitializeGitHubSourceLinkUrl;_InitializeGitLabSourceLinkUrl;_InitializeAzureReposGitSourceLinkUrl") at C:\Program Files\dotnet\sdk\8.0.418\Sdks\Microsoft.SourceLink.Bitbucket.Git\build\Microsoft.SourceLink.Bitbucket.Git.targets (12,5)
       Property reassignment: $(SourceControlManagerUrlTranslationTargets)=";TranslateGitHubUrlsInSourceControlInformation;TranslateGitLabUrlsInSourceControlInformation;TranslateAzureReposGitUrlsInSourceControlInformation;TranslateBitbucketGitUrlsInSourceControlInformation" (previous value: ";TranslateGitHubUrlsInSourceControlInformation;TranslateGitLabUrlsInSourceControlInformation;TranslateAzureReposGitUrlsInSourceControlInformation") at C:\Program Files\dotnet\sdk\8.0.418\Sdks\Microsoft.SourceLink.Bitbucket.Git\build\Microsoft.SourceLink.Bitbucket.Git.targets (13,5)
       Property reassignment: $(DesignerRuntimeImplementationProjectOutputGroupDependsOn)="
             
             ;
             
             ;
             BuildOnlySettings;
             PrepareForBuild;
             AssignTargetPaths;
             ResolveReferences
           
           ;
             _GenerateDesignerDepsFile;
             _GenerateDesignerRuntimeConfigFile;
             GetCopyToOutputDirectoryItems;
             _GatherDesignerShadowCopyFiles;
           " (previous value: "
             ;
             
             ;
             BuildOnlySettings;
             PrepareForBuild;
             AssignTargetPaths;
             ResolveReferences
           
           ") at C:\Program Files\dotnet\sdk\8.0.418\Sdks\Microsoft.NET.Sdk\targets\Microsoft.NET.DesignerSupport.targets (21,5)
       Property reassignment: $(_GenerateToolsSettingsFileCacheFile)="C:\Users\user\Desktop\fggrill\desktop-app\FgGrillPos\obj\Debug\net8.0-windows\FgGrillPos.toolssettingsinput.cache" (previous value: "obj\Debug\net8.0-windows\FgGrillPos.toolssettingsinput.cache") at C:\Program Files\dotnet\sdk\8.0.418\Sdks\Microsoft.NET.Sdk\targets\Microsoft.NET.PackTool.targets (68,5)
       Property reassignment: $(_ShimInputCacheFile)="C:\Users\user\Desktop\fggrill\desktop-app\FgGrillPos\obj\Debug\net8.0-windows\FgGrillPos.shiminput.cache" (previous value: "obj\Debug\net8.0-windows\FgGrillPos.shiminput.cache") at C:\Program Files\dotnet\sdk\8.0.418\Sdks\Microsoft.NET.Sdk\targets\Microsoft.NET.PackTool.targets (137,5)
       Property reassignment: $(_ShimCreatedSentinelFile)="C:\Users\user\Desktop\fggrill\desktop-app\FgGrillPos\obj\Debug\net8.0-windows\FgGrillPos.shimcreated.sentinel" (previous value: "obj\Debug\net8.0-windows\FgGrillPos.shimcreated.sentinel") at C:\Program Files\dotnet\sdk\8.0.418\Sdks\Microsoft.NET.Sdk\targets\Microsoft.NET.PackTool.targets (139,5)
       Property reassignment: $(DefineConstants)="TRACE;DEBUG" (previous value: "TRACE") at C:\Program Files\dotnet\sdk\8.0.418\Sdks\Microsoft.NET.Sdk\targets\Microsoft.NET.Sdk.CSharp.targets (31,5)
       Property reassignment: $(DefineConstants)="TRACE;DEBUG;NET;NET8_0;NETCOREAPP" (previous value: "TRACE;DEBUG") at C:\Program Files\dotnet\sdk\8.0.418\Sdks\Microsoft.NET.Sdk\targets\Microsoft.NET.Sdk.CSharp.targets (34,5)
       Property reassignment: $(WarningsAsErrors)=";NU1605;SYSLIB0011" (previous value: ";NU1605") at C:\Program Files\dotnet\sdk\8.0.418\Sdks\Microsoft.NET.Sdk\targets\Microsoft.NET.Sdk.CSharp.targets (48,5)
       Property reassignment: $(TargetPlatformVersion)="7.0" (previous value: "") at C:\Program Files\dotnet\sdk\8.0.418\Sdks\Microsoft.NET.Sdk\targets\Microsoft.NET.Windows.targets (34,5)
       Property reassignment: $(SupportedOSPlatformVersion)="7.0" (previous value: "") at C:\Program Files\dotnet\sdk\8.0.418\Sdks\Microsoft.NET.Sdk\targets\Microsoft.NET.Windows.targets (44,5)
       Property reassignment: $(TargetPlatformMinVersion)="7.0" (previous value: "") at C:\Program Files\dotnet\sdk\8.0.418\Sdks\Microsoft.NET.Sdk\targets\Microsoft.NET.Windows.targets (45,5)
       Property reassignment: $(TargetPlatformDisplayName)="Windows 7.0" (previous value: "Windows ") at C:\Program Files\dotnet\sdk\8.0.418\Sdks\Microsoft.NET.Sdk\targets\Microsoft.NET.Sdk.targets (1347,5)
       Property reassignment: $(_TargetFrameworkVersionValue)="8.0" (previous value: "0.0") at C:\Program Files\dotnet\sdk\8.0.418\Sdks\Microsoft.NET.Sdk.WindowsDesktop\targets\Microsoft.NET.Sdk.WindowsDesktop.targets (51,5)
       Property reassignment: $(PrepareResourceNamesDependsOn)="
                           AssignWinFXEmbeddedResource;
                           
             AssignTargetPaths;
             SplitResourcesByCulture;
             CreateManifestResourceNames;
             CreateCustomManifestResourceNames
           
             " (previous value: "
             AssignTargetPaths;
             SplitResourcesByCulture;
             CreateManifestResourceNames;
             CreateCustomManifestResourceNames
           ") at C:\Program Files\dotnet\sdk\8.0.418\Sdks\Microsoft.NET.Sdk.WindowsDesktop\targets\Microsoft.WinFX.targets (61,7)
       Property reassignment: $(PrepareResourcesDependsOn)="
                       MarkupCompilePass1;
                       AfterMarkupCompilePass1;
                       MarkupCompilePass2ForMainAssembly;
                       FileClassification;
                       MainResourcesGeneration;
                       
             ResolvePackageDependenciesForBuild;
             _HandlePackageFileConflicts;
             
             ;
             PrepareResourceNames;
             ResGen;
             CompileLicxFiles
           
           
             " (previous value: "
             ResolvePackageDependenciesForBuild;
             _HandlePackageFileConflicts;
             
             ;
             PrepareResourceNames;
             ResGen;
             CompileLicxFiles
           
           ") at C:\Program Files\dotnet\sdk\8.0.418\Sdks\Microsoft.NET.Sdk.WindowsDesktop\targets\Microsoft.WinFX.targets (69,7)
       Property reassignment: $(CompileDependsOn)="
               
             
             ResolveReferences;
             ResolveKeySource;
             SetWin32ManifestProperties;
             _SetPreferNativeArm64Win32ManifestProperties;
             FindReferenceAssembliesForReferences;
             _GenerateCompileInputs;
             BeforeCompile;
             _TimeStampBeforeCompile;
             _GenerateCompileDependencyCache;
             CoreCompile;
             _TimeStampAfterCompile;
             AfterCompile;
           ;
             _CreateAppHost;
             _CreateComHost;
             _GetIjwHostPaths;
           ;
               _AfterCompileWinFXInternal
           " (previous value: "
             
             ResolveReferences;
             ResolveKeySource;
             SetWin32ManifestProperties;
             _SetPreferNativeArm64Win32ManifestProperties;
             FindReferenceAssembliesForReferences;
             _GenerateCompileInputs;
             BeforeCompile;
             _TimeStampBeforeCompile;
             _GenerateCompileDependencyCache;
             CoreCompile;
             _TimeStampAfterCompile;
             AfterCompile;
           ;
             _CreateAppHost;
             _CreateComHost;
             _GetIjwHostPaths;
           ") at C:\Program Files\dotnet\sdk\8.0.418\Sdks\Microsoft.NET.Sdk.WindowsDesktop\targets\Microsoft.WinFX.targets (136,5)
       Property reassignment: $(PublishBuildDependsOn)="
                   BuildOnlySettings;
                   PrepareForBuild;
                   ResolveReferences;
                   PrepareResources;
                   ResolveKeySource;
                   PrepareResourcesForSatelliteAssemblies;
                   GenerateSerializationAssemblies;
                   CreateSatelliteAssemblies;
               " (previous value: "
             BuildOnlySettings;
             PrepareForBuild;
             ResolveReferences;
             PrepareResources;
             ResolveKeySource;
             GenerateSerializationAssemblies;
             CreateSatelliteAssemblies;
           ") at C:\Program Files\dotnet\sdk\8.0.418\Sdks\Microsoft.NET.Sdk.WindowsDesktop\targets\Microsoft.WinFX.targets (802,9)
       Property reassignment: $(PackageDescription)="Package Description" (previous value: "") at C:\Program Files\dotnet\sdk\8.0.418\Sdks\NuGet.Build.Tasks.Pack\build\NuGet.Build.Tasks.Pack.targets (34,5)
       Property reassignment: $(GenerateNuspecDependsOn)="Build;_LoadPackInputItems; _GetTargetFrameworksOutput; _WalkEachTargetPerFramework; _GetPackageFiles; " (previous value: "_LoadPackInputItems; _GetTargetFrameworksOutput; _WalkEachTargetPerFramework; _GetPackageFiles; ") at C:\Program Files\dotnet\sdk\8.0.418\Sdks\NuGet.Build.Tasks.Pack\build\NuGet.Build.Tasks.Pack.targets (59,5)
       Property reassignment: $(_IsNotSetContainersTargetsDir)="true" (previous value: "false") at C:\Program Files\dotnet\sdk\8.0.418\Sdks\Microsoft.NET.Sdk\Sdk\Sdk.targets (59,5)
       Property reassignment: $(_IsSDKContainerAllowedVersion)="true" (previous value: "false") at C:\Program Files\dotnet\sdk\8.0.418\Containers\build\Microsoft.NET.Build.Containers.targets (5,5)
       Property reassignment: $(_ContainerIsTargetingNet8TFM)="true" (previous value: "false") at C:\Program Files\dotnet\sdk\8.0.418\Containers\build\Microsoft.NET.Build.Containers.targets (15,5)
       Overriding target "ResolveFrameworkReferences" in project "C:\Program Files\dotnet\sdk\8.0.418\Microsoft.Common.CurrentVersion.targets" with target "ResolveFrameworkReferences" from project "C:\Program Files\dotnet\sdk\8.0.418\Sdks\Microsoft.NET.Sdk\targets\Microsoft.NET.Sdk.FrameworkReferenceResolution.targets".
       Overriding target "Run" in project "C:\Program Files\dotnet\sdk\8.0.418\Microsoft.Common.CurrentVersion.targets" with target "Run" from project "C:\Program Files\dotnet\sdk\8.0.418\Sdks\Microsoft.NET.Sdk\targets\Microsoft.NET.Sdk.targets".
       Overriding target "GenerateSupportedTargetFrameworkAlias" in project "C:\Program Files\dotnet\sdk\8.0.418\Microsoft.Common.CurrentVersion.targets" with target "GenerateSupportedTargetFrameworkAlias" from project "C:\Program Files\dotnet\sdk\8.0.418\Sdks\Microsoft.NET.Sdk\targets\Microsoft.NET.Sdk.targets".
       Overriding target "GetReferenceAssemblyPaths" in project "C:\Program Files\dotnet\sdk\8.0.418\Microsoft.Common.CurrentVersion.targets" with target "GetReferenceAssemblyPaths" from project "C:\Program Files\dotnet\sdk\8.0.418\Sdks\Microsoft.NET.Sdk\targets\Microsoft.NET.DisableStandardFrameworkResolution.targets".
       Overriding target "GetFrameworkPaths" in project "C:\Program Files\dotnet\sdk\8.0.418\Microsoft.Common.CurrentVersion.targets" with target "GetFrameworkPaths" from project "C:\Program Files\dotnet\sdk\8.0.418\Sdks\Microsoft.NET.Sdk\targets\Microsoft.NET.DisableStandardFrameworkResolution.targets".
       Overriding target "DesignerRuntimeImplementationProjectOutputGroup" in project "C:\Program Files\dotnet\sdk\8.0.418\Microsoft.Common.CurrentVersion.targets" with target "DesignerRuntimeImplementationProjectOutputGroup" from project "C:\Program Files\dotnet\sdk\8.0.418\Sdks\Microsoft.NET.Sdk\targets\Microsoft.NET.DesignerSupport.targets".
       Overriding target "Publish" in project "C:\Program Files\dotnet\sdk\8.0.418\Microsoft.Common.CurrentVersion.targets" with target "Publish" from project "C:\Program Files\dotnet\sdk\8.0.418\Sdks\Microsoft.NET.Sdk\targets\Microsoft.NET.Publish.targets".
       Overriding target "ResolveReadyToRunCompilers" in project "C:\Program Files\dotnet\sdk\8.0.418\Sdks\Microsoft.NET.Sdk\targets\Microsoft.NET.CrossGen.targets" with target "ResolveReadyToRunCompilers" from project "C:\Program Files\dotnet\sdk\8.0.418\Sdks\Microsoft.NET.Sdk\targets\Microsoft.NET.Publish.targets".
       Overriding target "GetCopyToPublishDirectoryItems" in project "C:\Program Files\dotnet\sdk\8.0.418\Microsoft.Common.CurrentVersion.targets" with target "GetCopyToPublishDirectoryItems" from project "C:\Program Files\dotnet\sdk\8.0.418\Sdks\Microsoft.NET.Sdk\targets\Microsoft.NET.Publish.targets".
       Overriding target "SatelliteDllsProjectOutputGroup" in project "C:\Program Files\dotnet\sdk\8.0.418\Microsoft.Common.CurrentVersion.targets" with target "SatelliteDllsProjectOutputGroup" from project "C:\Program Files\dotnet\sdk\8.0.418\Sdks\Microsoft.NET.Sdk.WindowsDesktop\targets\Microsoft.WinFX.targets".
     1>Project "C:\Users\user\Desktop\fggrill\desktop-app\FgGrillPos\FgGrillPos.csproj" (1) is building "C:\Users\user\Desktop\fggrill\desktop-app\FgGrillPos\FgGrillPos.csproj" (1:2) on node 1 (_IsProjectRestoreSupported target(s)).
   1:2>Target "_IsProjectRestoreSupported" in file "C:\Program Files\dotnet\sdk\8.0.418\NuGet.targets" from project "C:\Users\user\Desktop\fggrill\desktop-app\FgGrillPos\FgGrillPos.csproj" (entry point):
   1:2>Done building target "_IsProjectRestoreSupported" in project "FgGrillPos.csproj".
   1:2>Done Building Project "C:\Users\user\Desktop\fggrill\desktop-app\FgGrillPos\FgGrillPos.csproj" (_IsProjectRestoreSupported target(s)).
     1>Done executing task "MSBuild".
       Task "MSBuild" skipped, due to false condition; ( '$(RestoreUseSkipNonexistentTargets)' != 'true' ) was evaluated as ( 'true' != 'true' ).
       Assembly loaded during TaskRun: NuGet.Build.Tasks, Version=6.11.1.2, Culture=neutral, PublicKeyToken=31bf3856ad364e35 (location: C:\Program Files\dotnet\sdk\8.0.418\NuGet.Build.Tasks.dll, MVID: da6659e2-ab3c-4a1c-91d3-86fe81c4da96, AssemblyLoadContext: MSBuild plugin C:\Program Files\dotnet\sdk\8.0.418\NuGet.Build.Tasks.dll)
       Assembly loaded during TaskRun: NuGet.Common, Version=6.11.1.2, Culture=neutral, PublicKeyToken=31bf3856ad364e35 (location: C:\Program Files\dotnet\sdk\8.0.418\NuGet.Common.dll, MVID: 71662c50-4eea-46ea-82bf-b2edfd33a945, AssemblyLoadContext: MSBuild plugin C:\Program Files\dotnet\sdk\8.0.418\NuGet.Build.Tasks.dll)
       Assembly loaded during TaskRun: NuGet.Commands, Version=6.11.1.2, Culture=neutral, PublicKeyToken=31bf3856ad364e35 (location: C:\Program Files\dotnet\sdk\8.0.418\NuGet.Commands.dll, MVID: fd182425-a30a-445b-9628-b4c5f0ab1353, AssemblyLoadContext: MSBuild plugin C:\Program Files\dotnet\sdk\8.0.418\NuGet.Build.Tasks.dll)
       Assembly loaded during TaskRun: NuGet.ProjectModel, Version=6.11.1.2, Culture=neutral, PublicKeyToken=31bf3856ad364e35 (location: C:\Program Files\dotnet\sdk\8.0.418\NuGet.ProjectModel.dll, MVID: de1018f8-9cea-4ea5-aafd-eccdf5a6f888, AssemblyLoadContext: MSBuild plugin C:\Program Files\dotnet\sdk\8.0.418\NuGet.Build.Tasks.dll)
       Using "WarnForInvalidProjectsTask" task from assembly "C:\Program Files\dotnet\sdk\8.0.418\NuGet.Build.Tasks.dll".
       Task "WarnForInvalidProjectsTask"
       Done executing task "WarnForInvalidProjectsTask".
     1>Done building target "_FilterRestoreGraphProjectInputItems" in project "FgGrillPos.csproj".
       Target "_FilterRestoreGraphProjectInputItems" skipped. Previously built successfully.
     1>Target "_GetAllRestoreProjectPathItems" in file "C:\Program Files\dotnet\sdk\8.0.418\NuGet.targets" from project "C:\Users\user\Desktop\fggrill\desktop-app\FgGrillPos\FgGrillPos.csproj" (target "_GenerateRestoreGraph" depends on it):
       Using "NuGetMessageTask" task from assembly "C:\Program Files\dotnet\sdk\8.0.418\NuGet.Build.Tasks.dll".
       Task "NuGetMessageTask"
         Determining projects to restore...
       Done executing task "NuGetMessageTask".
       Task "MSBuild"
         Global Properties:
           ExcludeRestorePackageImports=true
     1>Project "C:\Users\user\Desktop\fggrill\desktop-app\FgGrillPos\FgGrillPos.csproj" (1) is building "C:\Users\user\Desktop\fggrill\desktop-app\FgGrillPos\FgGrillPos.csproj" (1:3) on node 1 (_GenerateRestoreProjectPathWalk target(s)).
   1:3>Target "_GenerateRestoreProjectPathItemsAllFrameworks" skipped, due to false condition; ( '$(TargetFrameworks)' != '' ) was evaluated as ( '' != '' ).
   1:3>Target "_GenerateRestoreProjectPathItemsPerFramework" in file "C:\Program Files\dotnet\sdk\8.0.418\NuGet.targets" from project "C:\Users\user\Desktop\fggrill\desktop-app\FgGrillPos\FgGrillPos.csproj" (target "_GenerateRestoreProjectPathItemsCurrentProject" depends on it):
       Using "ConvertToAbsolutePath" task from assembly "Microsoft.Build.Tasks.Core, Version=15.1.0.0, Culture=neutral, PublicKeyToken=b03f5f7f11d50a3a".
       Task "ConvertToAbsolutePath"
       Done executing task "ConvertToAbsolutePath".
   1:3>Done building target "_GenerateRestoreProjectPathItemsPerFramework" in project "FgGrillPos.csproj".
   1:3>Target "_GenerateRestoreProjectPathItemsCurrentProject" in file "C:\Program Files\dotnet\sdk\8.0.418\NuGet.targets" from project "C:\Users\user\Desktop\fggrill\desktop-app\FgGrillPos\FgGrillPos.csproj" (target "_GenerateRestoreProjectPathItems" depends on it):
   1:3>Done building target "_GenerateRestoreProjectPathItemsCurrentProject" in project "FgGrillPos.csproj".
   1:3>Target "_GenerateRestoreProjectPathItems" in file "C:\Program Files\dotnet\sdk\8.0.418\NuGet.targets" from project "C:\Users\user\Desktop\fggrill\desktop-app\FgGrillPos\FgGrillPos.csproj" (target "_GenerateRestoreProjectPathWalk" depends on it):
       Task "RemoveDuplicates"
       Done executing task "RemoveDuplicates".
   1:3>Done building target "_GenerateRestoreProjectPathItems" in project "FgGrillPos.csproj".
   1:3>Target "_GenerateRestoreProjectPathWalk" in file "C:\Program Files\dotnet\sdk\8.0.418\NuGet.targets" from project "C:\Users\user\Desktop\fggrill\desktop-app\FgGrillPos\FgGrillPos.csproj" (entry point):
       Task "MSBuild"
       Done executing task "MSBuild".
       Task "MSBuild" skipped, due to false condition; ( '$(RestoreUseSkipNonexistentTargets)' != 'true' ) was evaluated as ( 'true' != 'true' ).
       Task "RemoveDuplicates"
       Done executing task "RemoveDuplicates".
   1:3>Done building target "_GenerateRestoreProjectPathWalk" in project "FgGrillPos.csproj".
   1:3>Done Building Project "C:\Users\user\Desktop\fggrill\desktop-app\FgGrillPos\FgGrillPos.csproj" (_GenerateRestoreProjectPathWalk target(s)).
     1>Done executing task "MSBuild".
       Task "MSBuild" skipped, due to false condition; ( '$(RestoreUseSkipNonexistentTargets)' != 'true' ) was evaluated as ( 'true' != 'true' ).
       Task "RemoveDuplicates"
       Done executing task "RemoveDuplicates".
       Task "MSBuild"
         Global Properties:
           ExcludeRestorePackageImports=true
     1>Project "C:\Users\user\Desktop\fggrill\desktop-app\FgGrillPos\FgGrillPos.csproj" (1) is building "C:\Users\user\Desktop\fggrill\desktop-app\FgGrillPos\FgGrillPos.csproj" (1:4) on node 1 (_IsProjectRestoreSupported target(s)).
   1:4>Target "_IsProjectRestoreSupported" skipped. Previously built successfully.
   1:4>Done Building Project "C:\Users\user\Desktop\fggrill\desktop-app\FgGrillPos\FgGrillPos.csproj" (_IsProjectRestoreSupported target(s)).
     1>Done executing task "MSBuild".
       Task "MSBuild" skipped, due to false condition; ( '$(RestoreUseSkipNonexistentTargets)' != 'true' ) was evaluated as ( 'true' != 'true' ).
     1>Done building target "_GetAllRestoreProjectPathItems" in project "FgGrillPos.csproj".
     1>Target "_GenerateRestoreGraph" in file "C:\Program Files\dotnet\sdk\8.0.418\NuGet.targets" from project "C:\Users\user\Desktop\fggrill\desktop-app\FgGrillPos\FgGrillPos.csproj" (target "Restore" depends on it):
       Using "Message" task from assembly "Microsoft.Build.Tasks.Core, Version=15.1.0.0, Culture=neutral, PublicKeyToken=b03f5f7f11d50a3a".
       Task "Message"
         Generating dg file
       Done executing task "Message".
       Task "Message"
         C:\Users\user\Desktop\fggrill\desktop-app\FgGrillPos\FgGrillPos.csproj
       Done executing task "Message".
       Task "MSBuild"
         Global Properties:
           ExcludeRestorePackageImports=true
     1>Project "C:\Users\user\Desktop\fggrill\desktop-app\FgGrillPos\FgGrillPos.csproj" (1) is building "C:\Users\user\Desktop\fggrill\desktop-app\FgGrillPos\FgGrillPos.csproj" (1:5) on node 1 (_GenerateRestoreGraphProjectEntry target(s)).
   1:5>Target "_GetProjectJsonPath" in file "C:\Program Files\dotnet\sdk\8.0.418\NuGet.targets" from project "C:\Users\user\Desktop\fggrill\desktop-app\FgGrillPos\FgGrillPos.csproj" (target "_GetRestoreProjectStyle" depends on it):
   1:5>Task "GetRestoreProjectJsonPathTask" skipped, due to false condition; ( '$(RestoreProjectStyle)' == 'ProjectJson' OR '$(RestoreProjectStyle)' == '' ) was evaluated as ( 'PackageReference' == 'ProjectJson' OR 'PackageReference' == '' ).
   1:5>Done building target "_GetProjectJsonPath" in project "FgGrillPos.csproj".
       Target "_CheckForMissingWorkload" skipped, due to false condition; ('@(MissingWorkloadPack)' != '' And '$(DesignTimeBuild)' != 'true') was evaluated as ('' != '' And '' != 'true').
   1:5>Target "_CheckForUnsupportedTargetPlatformIdentifier" in file "C:\Program Files\dotnet\sdk\8.0.418\Sdks\Microsoft.NET.Sdk\targets\Microsoft.NET.TargetFrameworkInference.targets" from project "C:\Users\user\Desktop\fggrill\desktop-app\FgGrillPos\FgGrillPos.csproj" (target "CollectPackageReferences" depends on it):
       Task "NETSdkError" skipped, due to false condition; ('$(TargetPlatformSupported)' != 'true' and '$(UseWorkloadsSpecificError)' != 'true') was evaluated as ('true' != 'true' and '' != 'true').
       Task "NETSdkError" skipped, due to false condition; ('$(TargetPlatformSupported)' != 'true' and '$(UseWorkloadsSpecificError)' == 'true') was evaluated as ('true' != 'true' and '' == 'true').
   1:5>Done building target "_CheckForUnsupportedTargetPlatformIdentifier" in project "FgGrillPos.csproj".
   1:5>Target "_CheckForUnsupportedNETCoreVersion" in file "C:\Program Files\dotnet\sdk\8.0.418\Sdks\Microsoft.NET.Sdk\targets\Microsoft.NET.TargetFrameworkInference.targets" from project "C:\Users\user\Desktop\fggrill\desktop-app\FgGrillPos\FgGrillPos.csproj" (target "CollectPackageReferences" depends on it):
       Task "NETSdkError" skipped, due to false condition; ('$(_TargetFrameworkVersionWithoutV)' > '$(NETCoreAppMaximumVersion)' and '$(DisplayVSMessage)' != 'true') was evaluated as ('8.0' > '8.0' and '' != 'true').
       Task "NETSdkError" skipped, due to false condition; ('$(DisplayVSMessage)' == 'true') was evaluated as ('' == 'true').
   1:5>Done building target "_CheckForUnsupportedNETCoreVersion" in project "FgGrillPos.csproj".
       Target "_CheckForEolTargetFrameworks" skipped, due to false condition; ('@(_EolNetCoreTargetFrameworkVersions->AnyHaveMetadataValue('Identity', '$(_TargetFrameworkVersionWithoutV)'))' and '$(TargetFrameworkIdentifier)' == '.NETCoreApp' and '$(CheckEolTargetFramework)' == 'true') was evaluated as ('false' and '.NETCoreApp' == '.NETCoreApp' and 'true' == 'true').
       Target "_CheckForEolWorkloads" skipped, due to false condition; ('@(EolWorkload)' != '' and '$(CheckEolWorkloads)' == 'true') was evaluated as ('' != '' and 'true' == 'true').
   1:5>Target "_CheckForUnsupportedCppNETCoreVersion" in file "C:\Program Files\dotnet\sdk\8.0.418\Sdks\Microsoft.NET.Sdk\targets\Microsoft.NET.TargetFrameworkInference.targets" from project "C:\Users\user\Desktop\fggrill\desktop-app\FgGrillPos\FgGrillPos.csproj" (target "CollectPackageReferences" depends on it):
       Task "NETSdkError" skipped, due to false condition; ('$(TargetFrameworkIdentifier)' == '.NETCoreApp' and '$(_TargetFrameworkVersionWithoutV)' < '3.1' and ('$(Language)' == 'C++' and '$(_EnablePackageReferencesInVCProjects)' != 'true')) was evaluated as ('.NETCoreApp' == '.NETCoreApp' and '8.0' < '3.1' and ('C#' == 'C++' and '' != 'true')).
   1:5>Done building target "_CheckForUnsupportedCppNETCoreVersion" in project "FgGrillPos.csproj".
       Target "_CheckForUnsupportedNETStandardVersion" skipped, due to false condition; ('$(TargetFrameworkIdentifier)' == '.NETStandard' And '$(NETStandardMaximumVersion)' != '') was evaluated as ('.NETCoreApp' == '.NETStandard' And '' != '').
       Target "_CheckForUnsupportedTargetFrameworkAndFeatureCombination" skipped, due to false condition; ('$(TargetFrameworkIdentifier)' == '.NETFramework') was evaluated as ('.NETCoreApp' == '.NETFramework').
   1:5>Target "UpdateAspNetToFrameworkReference" in file "C:\Program Files\dotnet\sdk\8.0.418\Sdks\Microsoft.NET.Sdk\targets\Microsoft.NET.Sdk.DefaultItems.Shared.targets" from project "C:\Users\user\Desktop\fggrill\desktop-app\FgGrillPos\FgGrillPos.csproj" (target "ApplyImplicitVersions" depends on it):
       Using "CheckIfPackageReferenceShouldBeFrameworkReference" task from assembly "C:\Program Files\dotnet\sdk\8.0.418\Sdks\Microsoft.NET.Sdk\targets\..\tools\net8.0\Microsoft.NET.Build.Tasks.dll".
       Task "CheckIfPackageReferenceShouldBeFrameworkReference"
       Done executing task "CheckIfPackageReferenceShouldBeFrameworkReference".
       Task "NETSdkError" skipped, due to false condition; ('$(_ShouldRemoveAspNetCoreAll)' == 'true') was evaluated as ('False' == 'true').
       Task "CheckIfPackageReferenceShouldBeFrameworkReference"
       Done executing task "CheckIfPackageReferenceShouldBeFrameworkReference".
       Task "NETSdkWarning" skipped, due to false condition; ('$(_ShouldRemoveAspNetCoreApp)' == 'true') was evaluated as ('False' == 'true').
   1:5>Done building target "UpdateAspNetToFrameworkReference" in project "FgGrillPos.csproj".
       Target "IncludeTargetingPackReference" skipped, due to false condition; ('$(TargetFrameworkMoniker)' != '' and '$(TargetFrameworkIdentifier)' == '.NETFramework' and '$(AutomaticallyUseReferenceAssemblyPackages)' == 'true') was evaluated as ('.NETCoreApp,Version=v8.0' != '' and '.NETCoreApp' == '.NETFramework' and 'true' == 'true').
   1:5>Target "CheckForImplicitPackageReferenceOverrides" in file "C:\Program Files\dotnet\sdk\8.0.418\Sdks\Microsoft.NET.Sdk\targets\Microsoft.NET.Sdk.DefaultItems.Shared.targets" from project "C:\Users\user\Desktop\fggrill\desktop-app\FgGrillPos\FgGrillPos.csproj" (target "ApplyImplicitVersions" depends on it):
       Using "CheckForImplicitPackageReferenceOverrides" task from assembly "C:\Program Files\dotnet\sdk\8.0.418\Sdks\Microsoft.NET.Sdk\targets\..\tools\net8.0\Microsoft.NET.Build.Tasks.dll".
       Task "CheckForImplicitPackageReferenceOverrides"
       Done executing task "CheckForImplicitPackageReferenceOverrides".
   1:5>Done building target "CheckForImplicitPackageReferenceOverrides" in project "FgGrillPos.csproj".
   1:5>Target "ApplyImplicitVersions" in file "C:\Program Files\dotnet\sdk\8.0.418\Sdks\Microsoft.NET.Sdk\targets\Microsoft.NET.Sdk.DefaultItems.Shared.targets" from project "C:\Users\user\Desktop\fggrill\desktop-app\FgGrillPos\FgGrillPos.csproj" (target "CollectPackageReferences" depends on it):
       Using "ApplyImplicitVersions" task from assembly "C:\Program Files\dotnet\sdk\8.0.418\Sdks\Microsoft.NET.Sdk\targets\..\tools\net8.0\Microsoft.NET.Build.Tasks.dll".
       Task "ApplyImplicitVersions"
       Done executing task "ApplyImplicitVersions".
   1:5>Done building target "ApplyImplicitVersions" in project "FgGrillPos.csproj".
       Target "CheckForImplicitPackageReferenceOverrides" skipped. Previously built successfully.
   1:5>Target "AddWindowsSdkKnownFrameworkReferences" in file "C:\Program Files\dotnet\sdk\8.0.418\Sdks\Microsoft.NET.Sdk\targets\Microsoft.NET.Sdk.FrameworkReferenceResolution.targets" from project "C:\Users\user\Desktop\fggrill\desktop-app\FgGrillPos\FgGrillPos.csproj" (target "ProcessFrameworkReferences" depends on it):
       Using "CreateWindowsSdkKnownFrameworkReferences" task from assembly "C:\Program Files\dotnet\sdk\8.0.418\Sdks\Microsoft.NET.Sdk\targets\..\tools\net8.0\Microsoft.NET.Build.Tasks.dll".
       Task "CreateWindowsSdkKnownFrameworkReferences"
       Done executing task "CreateWindowsSdkKnownFrameworkReferences".
   1:5>Done building target "AddWindowsSdkKnownFrameworkReferences" in project "FgGrillPos.csproj".
   1:5>Target "_NormalizeTargetPlatformVersion" in file "C:\Program Files\dotnet\sdk\8.0.418\Sdks\Microsoft.NET.Sdk\targets\Microsoft.NET.TargetFrameworkInference.targets" from project "C:\Users\user\Desktop\fggrill\desktop-app\FgGrillPos\FgGrillPos.csproj" (target "ProcessFrameworkReferences" depends on it):
   1:5>Done building target "_NormalizeTargetPlatformVersion" in project "FgGrillPos.csproj".
   1:5>Target "_CheckForLanguageAndFeatureCombinationSupport" in file "C:\Program Files\dotnet\sdk\8.0.418\Sdks\Microsoft.NET.Sdk\targets\Microsoft.NET.RuntimeIdentifierInference.targets" from project "C:\Users\user\Desktop\fggrill\desktop-app\FgGrillPos\FgGrillPos.csproj" (target "ProcessFrameworkReferences" depends on it):
       Task "NETSdkError" skipped, due to false condition; (('$(Language)' == 'C++' and '$(_EnablePackageReferencesInVCProjects)' != 'true') and $(OutputType) != 'library' and '$(TargetFrameworkIdentifier)' == '.NETCoreApp') was evaluated as (('C#' == 'C++' and '' != 'true') and WinExe != 'library' and '.NETCoreApp' == '.NETCoreApp').
       Task "NETSdkError" skipped, due to false condition; (('$(Language)' == 'C++' and '$(_EnablePackageReferencesInVCProjects)' != 'true') and $(EnableComHosting) == 'true') was evaluated as (('C#' == 'C++' and '' != 'true') and  == 'true').
       Task "NETSdkError" skipped, due to false condition; (('$(Language)' == 'C++' and '$(_EnablePackageReferencesInVCProjects)' != 'true') and $(SelfContained) == 'true') was evaluated as (('C#' == 'C++' and '' != 'true') and false == 'true').
   1:5>Done building target "_CheckForLanguageAndFeatureCombinationSupport" in project "FgGrillPos.csproj".
   1:5>Target "_ComputeToolPackInputsToProcessFrameworkReferences" in file "C:\Program Files\dotnet\sdk\8.0.418\Sdks\Microsoft.NET.Sdk\targets\Microsoft.NET.Publish.targets" from project "C:\Users\user\Desktop\fggrill\desktop-app\FgGrillPos\FgGrillPos.csproj" (target "ProcessFrameworkReferences" depends on it):
   1:5>Done building target "_ComputeToolPackInputsToProcessFrameworkReferences" in project "FgGrillPos.csproj".
   1:5>Target "ProcessFrameworkReferences" in file "C:\Program Files\dotnet\sdk\8.0.418\Sdks\Microsoft.NET.Sdk\targets\Microsoft.NET.Sdk.FrameworkReferenceResolution.targets" from project "C:\Users\user\Desktop\fggrill\desktop-app\FgGrillPos\FgGrillPos.csproj" (target "CollectPackageReferences" depends on it):
       Using "CheckForDuplicateFrameworkReferences" task from assembly "C:\Program Files\dotnet\sdk\8.0.418\Sdks\Microsoft.NET.Sdk\targets\..\tools\net8.0\Microsoft.NET.Build.Tasks.dll".
       Task "CheckForDuplicateFrameworkReferences"
       Done executing task "CheckForDuplicateFrameworkReferences".
       Using "ProcessFrameworkReferences" task from assembly "C:\Program Files\dotnet\sdk\8.0.418\Sdks\Microsoft.NET.Sdk\targets\..\tools\net8.0\Microsoft.NET.Build.Tasks.dll".
       Task "ProcessFrameworkReferences"
       Done executing task "ProcessFrameworkReferences".
       Using "ResolveAppHosts" task from assembly "C:\Program Files\dotnet\sdk\8.0.418\Sdks\Microsoft.NET.Sdk\targets\..\tools\net8.0\Microsoft.NET.Build.Tasks.dll".
       Task "ResolveAppHosts"
       Done executing task "ResolveAppHosts".
   1:5>Done building target "ProcessFrameworkReferences" in project "FgGrillPos.csproj".
       Target "IncludeTargetingPackReference" skipped, due to false condition; ('$(TargetFrameworkMoniker)' != '' and '$(TargetFrameworkIdentifier)' == '.NETFramework' and '$(AutomaticallyUseReferenceAssemblyPackages)' == 'true') was evaluated as ('.NETCoreApp,Version=v8.0' != '' and '.NETCoreApp' == '.NETFramework' and 'true' == 'true').
   1:5>Target "_AddMicrosoftNetCompilerToolsetFrameworkPackage" in file "C:\Program Files\dotnet\sdk\8.0.418\Sdks\Microsoft.NET.Sdk\targets\Microsoft.NET.Sdk.targets" from project "C:\Users\user\Desktop\fggrill\desktop-app\FgGrillPos\FgGrillPos.csproj" (target "CollectPackageReferences" depends on it):
       Task "NETSdkWarning" skipped, due to false condition; ('@(PackageReference->AnyHaveMetadataValue('Identity', 'Microsoft.Net.Compilers.Toolset.Framework'))' == 'true') was evaluated as ('false' == 'true').
   1:5>Done building target "_AddMicrosoftNetCompilerToolsetFrameworkPackage" in project "FgGrillPos.csproj".
   1:5>Target "_CheckForObsoleteDotNetCliToolReferences" in file "C:\Program Files\dotnet\sdk\8.0.418\Sdks\Microsoft.NET.Sdk\targets\Microsoft.NET.ObsoleteReferences.targets" from project "C:\Users\user\Desktop\fggrill\desktop-app\FgGrillPos\FgGrillPos.csproj" (target "CollectPackageReferences" depends on it):
       Task "NETSdkWarning" skipped, due to false condition; ( '%(_ReferenceToObsoleteDotNetCliTool.Identity)' != '' ) was evaluated as ( '' != '' ).
   1:5>Done building target "_CheckForObsoleteDotNetCliToolReferences" in project "FgGrillPos.csproj".
   1:5>Target "CollectPackageReferences" in file "C:\Program Files\dotnet\sdk\8.0.418\NuGet.targets" from project "C:\Users\user\Desktop\fggrill\desktop-app\FgGrillPos\FgGrillPos.csproj" (target "_GetRestoreProjectStyle" depends on it):
       Using "CheckForDuplicateNuGetItemsTask" task from assembly "C:\Program Files\dotnet\sdk\8.0.418\NuGet.Build.Tasks.dll".
       Task "CheckForDuplicateNuGetItemsTask"
       Done executing task "CheckForDuplicateNuGetItemsTask".
   1:5>Done building target "CollectPackageReferences" in project "FgGrillPos.csproj".
   1:5>Target "_GetRestoreProjectStyle" in file "C:\Program Files\dotnet\sdk\8.0.418\NuGet.targets" from project "C:\Users\user\Desktop\fggrill\desktop-app\FgGrillPos\FgGrillPos.csproj" (target "_GenerateRestoreSpecs" depends on it):
       Using "GetRestoreProjectStyleTask" task from assembly "C:\Program Files\dotnet\sdk\8.0.418\NuGet.Build.Tasks.dll".
       Task "GetRestoreProjectStyleTask"
       Done executing task "GetRestoreProjectStyleTask".
   1:5>Done building target "_GetRestoreProjectStyle" in project "FgGrillPos.csproj".
   1:5>Target "_GenerateRestoreSpecs" in file "C:\Program Files\dotnet\sdk\8.0.418\NuGet.targets" from project "C:\Users\user\Desktop\fggrill\desktop-app\FgGrillPos\FgGrillPos.csproj" (target "_GenerateRestoreGraphProjectEntry" depends on it):
       Task "Message"
         Restore entry point C:\Users\user\Desktop\fggrill\desktop-app\FgGrillPos\FgGrillPos.csproj
       Done executing task "Message".
   1:5>Done building target "_GenerateRestoreSpecs" in project "FgGrillPos.csproj".
   1:5>Target "_GetRestoreSettingsOverrides" in file "C:\Program Files\dotnet\sdk\8.0.418\NuGet.targets" from project "C:\Users\user\Desktop\fggrill\desktop-app\FgGrillPos\FgGrillPos.csproj" (target "_GetRestoreSettings" depends on it):
       Task "MSBuild" skipped, due to false condition; ( '$(RestorePackagesPath)' != '' ) was evaluated as ( '' != '' ).
       Task "MSBuild" skipped, due to false condition; ( '$(RestoreRepositoryPathOverride)' != '' ) was evaluated as ( '' != '' ).
       Task "MSBuild" skipped, due to false condition; ( '$(RestoreSources)' != '' ) was evaluated as ( '' != '' ).
       Task "MSBuild" skipped, due to false condition; ( '$(RestoreFallbackFolders)' != '' ) was evaluated as ( '' != '' ).
   1:5>Done building target "_GetRestoreSettingsOverrides" in project "FgGrillPos.csproj".
   1:5>Target "_GetRestoreSettingsPerFramework" in file "C:\Program Files\dotnet\sdk\8.0.418\NuGet.targets" from project "C:\Users\user\Desktop\fggrill\desktop-app\FgGrillPos\FgGrillPos.csproj" (target "_GetRestoreSettingsCurrentProject" depends on it):
   1:5>Done building target "_GetRestoreSettingsPerFramework" in project "FgGrillPos.csproj".
   1:5>Target "_GetRestoreSettingsCurrentProject" in file "C:\Program Files\dotnet\sdk\8.0.418\NuGet.targets" from project "C:\Users\user\Desktop\fggrill\desktop-app\FgGrillPos\FgGrillPos.csproj" (target "_GetRestoreSettings" depends on it):
   1:5>Done building target "_GetRestoreSettingsCurrentProject" in project "FgGrillPos.csproj".
       Target "_GetRestoreSettingsAllFrameworks" skipped, due to false condition; ( '$(TargetFrameworks)' != '' AND '$(PackageReferenceCompatibleProjectStyle)' == 'true' ) was evaluated as ( '' != '' AND 'True' == 'true' ).
   1:5>Target "_GetRestoreSettings" in file "C:\Program Files\dotnet\sdk\8.0.418\NuGet.targets" from project "C:\Users\user\Desktop\fggrill\desktop-app\FgGrillPos\FgGrillPos.csproj" (target "_GenerateDotnetCliToolReferenceSpecs" depends on it):
       Using "GetRestoreSettingsTask" task from assembly "C:\Program Files\dotnet\sdk\8.0.418\NuGet.Build.Tasks.dll".
       Task "GetRestoreSettingsTask"
         Assembly loaded during TaskRun (NuGet.Build.Tasks.GetRestoreSettingsTask): NuGet.Configuration, Version=6.11.1.2, Culture=neutral, PublicKeyToken=31bf3856ad364e35 (location: C:\Program Files\dotnet\sdk\8.0.418\NuGet.Configuration.dll, MVID: be7e3e57-42a2-4a9c-87cf-47833efa7f94, AssemblyLoadContext: MSBuild plugin C:\Program Files\dotnet\sdk\8.0.418\NuGet.Build.Tasks.dll)
       Done executing task "GetRestoreSettingsTask".
   1:5>Done building target "_GetRestoreSettings" in project "FgGrillPos.csproj".
   1:5>Target "_GenerateDotnetCliToolReferenceSpecs" in file "C:\Program Files\dotnet\sdk\8.0.418\NuGet.targets" from project "C:\Users\user\Desktop\fggrill\desktop-app\FgGrillPos\FgGrillPos.csproj" (target "_GenerateRestoreGraphProjectEntry" depends on it):
       Using "GetRestoreDotnetCliToolsTask" task from assembly "C:\Program Files\dotnet\sdk\8.0.418\NuGet.Build.Tasks.dll".
       Task "GetRestoreDotnetCliToolsTask"
       Done executing task "GetRestoreDotnetCliToolsTask".
   1:5>Done building target "_GenerateDotnetCliToolReferenceSpecs" in project "FgGrillPos.csproj".
   1:5>Target "_GenerateRestoreGraphProjectEntry" in file "C:\Program Files\dotnet\sdk\8.0.418\NuGet.targets" from project "C:\Users\user\Desktop\fggrill\desktop-app\FgGrillPos\FgGrillPos.csproj" (entry point):
   1:5>Done building target "_GenerateRestoreGraphProjectEntry" in project "FgGrillPos.csproj".
   1:5>Done Building Project "C:\Users\user\Desktop\fggrill\desktop-app\FgGrillPos\FgGrillPos.csproj" (_GenerateRestoreGraphProjectEntry target(s)).
     1>Done executing task "MSBuild".
       Task "MSBuild"
         Global Properties:
           ExcludeRestorePackageImports=true
     1>Project "C:\Users\user\Desktop\fggrill\desktop-app\FgGrillPos\FgGrillPos.csproj" (1) is building "C:\Users\user\Desktop\fggrill\desktop-app\FgGrillPos\FgGrillPos.csproj" (1:6) on node 1 (_GenerateProjectRestoreGraph target(s)).
   1:6>Target "_GetRestoreProjectStyle" skipped. Previously built successfully.
       Target "_GetRestoreProjectStyle" skipped. Previously built successfully.
       Target "_GetRestoreProjectStyle" skipped. Previously built successfully.
   1:6>Target "_GetRestoreTargetFrameworkOverride" in file "C:\Program Files\dotnet\sdk\8.0.418\NuGet.targets" from project "C:\Users\user\Desktop\fggrill\desktop-app\FgGrillPos\FgGrillPos.csproj" (target "_GetRestoreTargetFrameworksOutput" depends on it):
       Task "GetGlobalPropertyValueTask" skipped, due to false condition; ( '$(TargetFrameworks)' != '' ) was evaluated as ( '' != '' ).
   1:6>Done building target "_GetRestoreTargetFrameworkOverride" in project "FgGrillPos.csproj".
   1:6>Target "_GetRestoreTargetFrameworksOutput" in file "C:\Program Files\dotnet\sdk\8.0.418\NuGet.targets" from project "C:\Users\user\Desktop\fggrill\desktop-app\FgGrillPos\FgGrillPos.csproj" (target "_GenerateRestoreProjectSpec" depends on it):
       Using "GetProjectTargetFrameworksTask" task from assembly "C:\Program Files\dotnet\sdk\8.0.418\NuGet.Build.Tasks.dll".
       Task "GetProjectTargetFrameworksTask"
       Done executing task "GetProjectTargetFrameworksTask".
   1:6>Done building target "_GetRestoreTargetFrameworksOutput" in project "FgGrillPos.csproj".
       Target "_GetRestoreSettings" skipped. Previously built successfully.
   1:6>Target "_GenerateRestoreProjectSpec" in file "C:\Program Files\dotnet\sdk\8.0.418\NuGet.targets" from project "C:\Users\user\Desktop\fggrill\desktop-app\FgGrillPos\FgGrillPos.csproj" (target "_GenerateProjectRestoreGraph" depends on it):
       Task "ConvertToAbsolutePath"
       Done executing task "ConvertToAbsolutePath".
   1:6>Done building target "_GenerateRestoreProjectSpec" in project "FgGrillPos.csproj".
       Target "_GenerateProjectRestoreGraphAllFrameworks" skipped, due to false condition; ( '$(TargetFrameworks)' != '' ) was evaluated as ( '' != '' ).
       Target "_GetRestoreProjectStyle" skipped. Previously built successfully.
       Target "CollectPackageReferences" skipped. Previously built successfully.
   1:6>Target "CollectPackageDownloads" in file "C:\Program Files\dotnet\sdk\8.0.418\NuGet.targets" from project "C:\Users\user\Desktop\fggrill\desktop-app\FgGrillPos\FgGrillPos.csproj" (target "_CollectRestoreInputs" depends on it):
       Task "CheckForDuplicateNuGetItemsTask"
       Done executing task "CheckForDuplicateNuGetItemsTask".
   1:6>Done building target "CollectPackageDownloads" in project "FgGrillPos.csproj".
   1:6>Target "CollectFrameworkReferences" in file "C:\Program Files\dotnet\sdk\8.0.418\NuGet.targets" from project "C:\Users\user\Desktop\fggrill\desktop-app\FgGrillPos\FgGrillPos.csproj" (target "_CollectRestoreInputs" depends on it):
   1:6>Done building target "CollectFrameworkReferences" in project "FgGrillPos.csproj".
   1:6>Target "CollectCentralPackageVersions" in file "C:\Program Files\dotnet\sdk\8.0.418\NuGet.targets" from project "C:\Users\user\Desktop\fggrill\desktop-app\FgGrillPos\FgGrillPos.csproj" (target "_CollectRestoreInputs" depends on it):
       Task "CheckForDuplicateNuGetItemsTask"
       Done executing task "CheckForDuplicateNuGetItemsTask".
   1:6>Done building target "CollectCentralPackageVersions" in project "FgGrillPos.csproj".
   1:6>Target "CollectNuGetAuditSuppressions" in file "C:\Program Files\dotnet\sdk\8.0.418\NuGet.targets" from project "C:\Users\user\Desktop\fggrill\desktop-app\FgGrillPos\FgGrillPos.csproj" (target "_CollectRestoreInputs" depends on it):
       Task "CheckForDuplicateNuGetItemsTask"
       Done executing task "CheckForDuplicateNuGetItemsTask".
   1:6>Done building target "CollectNuGetAuditSuppressions" in project "FgGrillPos.csproj".
   1:6>Target "_CollectRestoreInputs" in file "C:\Program Files\dotnet\sdk\8.0.418\NuGet.targets" from project "C:\Users\user\Desktop\fggrill\desktop-app\FgGrillPos\FgGrillPos.csproj" (target "_GenerateProjectRestoreGraphPerFramework" depends on it):
   1:6>Done building target "_CollectRestoreInputs" in project "FgGrillPos.csproj".
       Target "PrepRestoreForStoreProjects" skipped, due to false condition; ('$(StorePackageName)' != '') was evaluated as ('' != '').
   1:6>Target "_GenerateProjectRestoreGraphPerFramework" in file "C:\Program Files\dotnet\sdk\8.0.418\NuGet.targets" from project "C:\Users\user\Desktop\fggrill\desktop-app\FgGrillPos\FgGrillPos.csproj" (target "_GenerateProjectRestoreGraphCurrentProject" depends on it):
       Using "GetRestoreProjectReferencesTask" task from assembly "C:\Program Files\dotnet\sdk\8.0.418\NuGet.Build.Tasks.dll".
       Task "GetRestoreProjectReferencesTask"
       Done executing task "GetRestoreProjectReferencesTask".
       Using "GetRestorePackageReferencesTask" task from assembly "C:\Program Files\dotnet\sdk\8.0.418\NuGet.Build.Tasks.dll".
       Task "GetRestorePackageReferencesTask"
       Done executing task "GetRestorePackageReferencesTask".
       Task "GetCentralPackageVersionsTask" skipped, due to false condition; ( '$(PackageReferenceCompatibleProjectStyle)' == 'true' AND '$(_CentralPackageVersionsEnabled)' == 'true' ) was evaluated as ( 'True' == 'true' AND '' == 'true' ).
       Using "GetRestorePackageDownloadsTask" task from assembly "C:\Program Files\dotnet\sdk\8.0.418\NuGet.Build.Tasks.dll".
       Task "GetRestorePackageDownloadsTask"
       Done executing task "GetRestorePackageDownloadsTask".
       Using "GetRestoreFrameworkReferencesTask" task from assembly "C:\Program Files\dotnet\sdk\8.0.418\NuGet.Build.Tasks.dll".
       Task "GetRestoreFrameworkReferencesTask"
       Done executing task "GetRestoreFrameworkReferencesTask".
       Using "GetRestoreNuGetAuditSuppressionsTask" task from assembly "C:\Program Files\dotnet\sdk\8.0.418\NuGet.Build.Tasks.dll".
       Task "GetRestoreNuGetAuditSuppressionsTask"
       Done executing task "GetRestoreNuGetAuditSuppressionsTask".
   1:6>Done building target "_GenerateProjectRestoreGraphPerFramework" in project "FgGrillPos.csproj".
   1:6>Target "_GenerateProjectRestoreGraphCurrentProject" in file "C:\Program Files\dotnet\sdk\8.0.418\NuGet.targets" from project "C:\Users\user\Desktop\fggrill\desktop-app\FgGrillPos\FgGrillPos.csproj" (target "_GenerateRestoreDependencies" depends on it):
   1:6>Done building target "_GenerateProjectRestoreGraphCurrentProject" in project "FgGrillPos.csproj".
   1:6>Target "_GenerateRestoreDependencies" in file "C:\Program Files\dotnet\sdk\8.0.418\NuGet.targets" from project "C:\Users\user\Desktop\fggrill\desktop-app\FgGrillPos\FgGrillPos.csproj" (target "_GenerateProjectRestoreGraph" depends on it):
   1:6>Done building target "_GenerateRestoreDependencies" in project "FgGrillPos.csproj".
   1:6>Target "_GenerateProjectRestoreGraph" in file "C:\Program Files\dotnet\sdk\8.0.418\NuGet.targets" from project "C:\Users\user\Desktop\fggrill\desktop-app\FgGrillPos\FgGrillPos.csproj" (entry point):
   1:6>Done building target "_GenerateProjectRestoreGraph" in project "FgGrillPos.csproj".
   1:6>Done Building Project "C:\Users\user\Desktop\fggrill\desktop-app\FgGrillPos\FgGrillPos.csproj" (_GenerateProjectRestoreGraph target(s)).
     1>Done executing task "MSBuild".
     1>Done building target "_GenerateRestoreGraph" in project "FgGrillPos.csproj".
       Target "_CheckForUnsupportedTargetFramework" skipped, due to false condition; ('$(_UnsupportedTargetFrameworkError)' == 'true') was evaluated as ('' == 'true').
     1>Target "_CollectTargetFrameworkForTelemetry" in file "C:\Program Files\dotnet\sdk\8.0.418\Sdks\Microsoft.NET.Sdk\targets\Microsoft.NET.TargetFrameworkInference.targets" from project "C:\Users\user\Desktop\fggrill\desktop-app\FgGrillPos\FgGrillPos.csproj" (target "Restore" depends on it):
       Using "AllowEmptyTelemetry" task from assembly "C:\Program Files\dotnet\sdk\8.0.418\Sdks\Microsoft.NET.Sdk\targets\..\tools\net8.0\Microsoft.NET.Build.Tasks.dll".
       Task "AllowEmptyTelemetry"
       Done executing task "AllowEmptyTelemetry".
     1>Done building target "_CollectTargetFrameworkForTelemetry" in project "FgGrillPos.csproj".
     1>Target "_CheckForUnsupportedNETCoreVersion" in file "C:\Program Files\dotnet\sdk\8.0.418\Sdks\Microsoft.NET.Sdk\targets\Microsoft.NET.TargetFrameworkInference.targets" from project "C:\Users\user\Desktop\fggrill\desktop-app\FgGrillPos\FgGrillPos.csproj" (target "Restore" depends on it):
       Task "NETSdkError" skipped, due to false condition; ('$(_TargetFrameworkVersionWithoutV)' > '$(NETCoreAppMaximumVersion)' and '$(DisplayVSMessage)' != 'true') was evaluated as ('8.0' > '8.0' and '' != 'true').
       Task "NETSdkError" skipped, due to false condition; ('$(DisplayVSMessage)' == 'true') was evaluated as ('' == 'true').
     1>Done building target "_CheckForUnsupportedNETCoreVersion" in project "FgGrillPos.csproj".
       Target "_CheckForEolTargetFrameworks" skipped, due to false condition; ('@(_EolNetCoreTargetFrameworkVersions->AnyHaveMetadataValue('Identity', '$(_TargetFrameworkVersionWithoutV)'))' and '$(TargetFrameworkIdentifier)' == '.NETCoreApp' and '$(CheckEolTargetFramework)' == 'true') was evaluated as ('false' and '.NETCoreApp' == '.NETCoreApp' and 'true' == 'true').
       Target "_CheckForEolWorkloads" skipped, due to false condition; ('@(EolWorkload)' != '' and '$(CheckEolWorkloads)' == 'true') was evaluated as ('' != '' and 'true' == 'true').
     1>Target "_CheckForUnsupportedCppNETCoreVersion" in file "C:\Program Files\dotnet\sdk\8.0.418\Sdks\Microsoft.NET.Sdk\targets\Microsoft.NET.TargetFrameworkInference.targets" from project "C:\Users\user\Desktop\fggrill\desktop-app\FgGrillPos\FgGrillPos.csproj" (target "Restore" depends on it):
       Task "NETSdkError" skipped, due to false condition; ('$(TargetFrameworkIdentifier)' == '.NETCoreApp' and '$(_TargetFrameworkVersionWithoutV)' < '3.1' and ('$(Language)' == 'C++' and '$(_EnablePackageReferencesInVCProjects)' != 'true')) was evaluated as ('.NETCoreApp' == '.NETCoreApp' and '8.0' < '3.1' and ('C#' == 'C++' and '' != 'true')).
     1>Done building target "_CheckForUnsupportedCppNETCoreVersion" in project "FgGrillPos.csproj".
       Target "_CheckForUnsupportedNETStandardVersion" skipped, due to false condition; ('$(TargetFrameworkIdentifier)' == '.NETStandard' And '$(NETStandardMaximumVersion)' != '') was evaluated as ('.NETCoreApp' == '.NETStandard' And '' != '').
       Target "_CheckForUnsupportedTargetFrameworkAndFeatureCombination" skipped, due to false condition; ('$(TargetFrameworkIdentifier)' == '.NETFramework') was evaluated as ('.NETCoreApp' == '.NETFramework').
     1>Target "Restore" in file "C:\Program Files\dotnet\sdk\8.0.418\NuGet.targets" from project "C:\Users\user\Desktop\fggrill\desktop-app\FgGrillPos\FgGrillPos.csproj" (entry point):
       Task "RemoveDuplicates"
       Done executing task "RemoveDuplicates".
       Using "RestoreTask" task from assembly "C:\Program Files\dotnet\sdk\8.0.418\NuGet.Build.Tasks.dll".
       Task "RestoreTask"
         Assembly loaded during TaskRun (NuGet.Build.Tasks.RestoreTask): NuGet.Packaging, Version=6.11.1.2, Culture=neutral, PublicKeyToken=31bf3856ad364e35 (location: C:\Program Files\dotnet\sdk\8.0.418\NuGet.Packaging.dll, MVID: c3569465-2284-4cdc-80fa-53f23ad5a901, AssemblyLoadContext: MSBuild plugin C:\Program Files\dotnet\sdk\8.0.418\NuGet.Build.Tasks.dll)
         Assembly loaded during TaskRun (NuGet.Build.Tasks.RestoreTask): NuGet.LibraryModel, Version=6.11.1.2, Culture=neutral, PublicKeyToken=31bf3856ad364e35 (location: C:\Program Files\dotnet\sdk\8.0.418\NuGet.LibraryModel.dll, MVID: 9c74e240-a36b-4261-ae2d-466984d97095, AssemblyLoadContext: MSBuild plugin C:\Program Files\dotnet\sdk\8.0.418\NuGet.Build.Tasks.dll)
         Assembly loaded during TaskRun (NuGet.Build.Tasks.RestoreTask): NuGet.Versioning, Version=6.11.1.2, Culture=neutral, PublicKeyToken=31bf3856ad364e35 (location: C:\Program Files\dotnet\sdk\8.0.418\NuGet.Versioning.dll, MVID: 0ff30a8a-7983-4ede-bc2f-f9d2f526b309, AssemblyLoadContext: MSBuild plugin C:\Program Files\dotnet\sdk\8.0.418\NuGet.Build.Tasks.dll)
         Assembly loaded during TaskRun (NuGet.Build.Tasks.RestoreTask): NuGet.Frameworks, Version=6.11.1.2, Culture=neutral, PublicKeyToken=31bf3856ad364e35 (location: C:\Program Files\dotnet\sdk\8.0.418\NuGet.Frameworks.dll, MVID: 36fa17a1-abb6-4cce-b85c-dd32a6dcc45f, AssemblyLoadContext: MSBuild plugin C:\Program Files\dotnet\sdk\8.0.418\NuGet.Build.Tasks.dll)
         Assembly loaded during TaskRun (NuGet.Build.Tasks.RestoreTask): NuGet.Protocol, Version=6.11.1.2, Culture=neutral, PublicKeyToken=31bf3856ad364e35 (location: C:\Program Files\dotnet\sdk\8.0.418\NuGet.Protocol.dll, MVID: 65288774-e726-408e-8bb6-d22100f75eed, AssemblyLoadContext: MSBuild plugin C:\Program Files\dotnet\sdk\8.0.418\NuGet.Build.Tasks.dll)
         Assembly loaded during TaskRun (NuGet.Build.Tasks.RestoreTask): NuGet.Credentials, Version=6.11.1.2, Culture=neutral, PublicKeyToken=31bf3856ad364e35 (location: C:\Program Files\dotnet\sdk\8.0.418\NuGet.Credentials.dll, MVID: 07a91a3f-265a-4226-985e-876d1036d338, AssemblyLoadContext: MSBuild plugin C:\Program Files\dotnet\sdk\8.0.418\NuGet.Build.Tasks.dll)
         X.509 certificate chain validation will use the default trust store selected by .NET for code signing.
         X.509 certificate chain validation will use the default trust store selected by .NET for timestamping.
         Assembly loaded during TaskRun (NuGet.Build.Tasks.RestoreTask): NuGet.DependencyResolver.Core, Version=6.11.1.2, Culture=neutral, PublicKeyToken=31bf3856ad364e35 (location: C:\Program Files\dotnet\sdk\8.0.418\NuGet.DependencyResolver.Core.dll, MVID: 70f2641a-4895-4758-a37b-70be48187b22, AssemblyLoadContext: MSBuild plugin C:\Program Files\dotnet\sdk\8.0.418\NuGet.Build.Tasks.dll)
         Running restore with 8 concurrent jobs.
         Reading project file C:\Users\user\Desktop\fggrill\desktop-app\FgGrillPos\FgGrillPos.csproj.
         Assembly loaded during TaskRun (NuGet.Build.Tasks.RestoreTask): Newtonsoft.Json, Version=13.0.0.0, Culture=neutral, PublicKeyToken=30ad4fe6b2a6aeed (location: C:\Program Files\dotnet\sdk\8.0.418\Newtonsoft.Json.dll, MVID: 7e62198b-eab2-4380-bbac-29171862d1d8, AssemblyLoadContext: MSBuild plugin C:\Program Files\dotnet\sdk\8.0.418\NuGet.Build.Tasks.dll)
         Assembly loaded during TaskRun (NuGet.Build.Tasks.RestoreTask): System.Runtime.Serialization.Primitives, Version=8.0.0.0, Culture=neutral, PublicKeyToken=b03f5f7f11d50a3a (location: C:\Program Files\dotnet\shared\Microsoft.NETCore.App\8.0.24\System.Runtime.Serialization.Primitives.dll, MVID: 3b699c14-4676-4d7d-a44c-633b1ea7f0e1, AssemblyLoadContext: Default)
         Assembly loaded during TaskRun (NuGet.Build.Tasks.RestoreTask): System.Runtime.Numerics, Version=8.0.0.0, Culture=neutral, PublicKeyToken=b03f5f7f11d50a3a (location: C:\Program Files\dotnet\shared\Microsoft.NETCore.App\8.0.24\System.Runtime.Numerics.dll, MVID: d7cb8a98-78cb-46bf-b95a-180eeb449044, AssemblyLoadContext: Default)
         The restore inputs for 'FgGrillPos' have not changed. No further actions are required to complete the restore.
         Committing restore...
         Assets file has not changed. Skipping assets file writing. Path: C:\Users\user\Desktop\fggrill\desktop-app\FgGrillPos\obj\project.assets.json
         No-Op restore. The cache will not be updated. Path: C:\Users\user\Desktop\fggrill\desktop-app\FgGrillPos\obj\project.nuget.cache
         Restored C:\Users\user\Desktop\fggrill\desktop-app\FgGrillPos\FgGrillPos.csproj (in 41 ms).
         
         NuGet Config files used:
             C:\Users\user\AppData\Roaming\NuGet\NuGet.Config
         
         Feeds used:
             https://api.nuget.org/v3/index.json
         All projects are up-to-date for restore.
       Done executing task "RestoreTask".
     1>Done building target "Restore" in project "FgGrillPos.csproj".
     1>Done Building Project "C:\Users\user\Desktop\fggrill\desktop-app\FgGrillPos\FgGrillPos.csproj" (Restore target(s)).
     0>The SDK "Microsoft.NET.Sdk" was successfully resolved by the "DefaultSdkResolver" resolver to location "C:\Program Files\dotnet\sdk\8.0.418\Sdks\Microsoft.NET.Sdk\Sdk" and version "".
       Property 'MSBuildExtensionsPath' with value 'C:\Program Files\dotnet\sdk\8.0.418\' expanded from the environment.
       Property reassignment: $(MSBuildProjectExtensionsPath)="C:\Users\user\Desktop\fggrill\desktop-app\FgGrillPos\obj\" (previous value: "obj\") at C:\Program Files\dotnet\sdk\8.0.418\Current\Microsoft.Common.props (60,5)
       Property 'USERPROFILE' with value 'C:\Users\user' expanded from the environment.
       Property 'MSBuildUserExtensionsPath' with value 'C:\Users\user\AppData\Local\Microsoft\MSBuild' expanded from the environment.
       Property reassignment: $(AssemblySearchPaths)="{CandidateAssemblyFiles};{HintPathFromItem}" (previous value: "{CandidateAssemblyFiles}") at C:\Program Files\dotnet\sdk\8.0.418\Sdks\Microsoft.NET.Sdk\targets\Microsoft.NET.Sdk.props (91,5)
       Property reassignment: $(AssemblySearchPaths)="{CandidateAssemblyFiles};{HintPathFromItem};{TargetFrameworkDirectory}" (previous value: "{CandidateAssemblyFiles};{HintPathFromItem}") at C:\Program Files\dotnet\sdk\8.0.418\Sdks\Microsoft.NET.Sdk\targets\Microsoft.NET.Sdk.props (92,5)
       Property reassignment: $(AssemblySearchPaths)="{CandidateAssemblyFiles};{HintPathFromItem};{TargetFrameworkDirectory};{RawFileName}" (previous value: "{CandidateAssemblyFiles};{HintPathFromItem};{TargetFrameworkDirectory}") at C:\Program Files\dotnet\sdk\8.0.418\Sdks\Microsoft.NET.Sdk\targets\Microsoft.NET.Sdk.props (93,5)
       The "DefaultSdkResolver" resolver attempted to resolve the SDK "Microsoft.NET.SDK.WorkloadAutoImportPropsLocator".
       Warnings: null
       Errors: MSB4276: The default SDK resolver failed to resolve SDK "Microsoft.NET.SDK.WorkloadAutoImportPropsLocator" because directory "C:\Program Files\dotnet\sdk\8.0.418\Sdks\Microsoft.NET.SDK.WorkloadAutoImportPropsLocator\Sdk" did not exist.
       The SDK "Microsoft.NET.SDK.WorkloadAutoImportPropsLocator" was successfully resolved by the "Microsoft.DotNet.MSBuildWorkloadSdkResolver" resolver to location "null" and version "null".
       Property reassignment: $(TargetsForTfmSpecificContentInPackage)=";PackTool;_PackProjectToolValidation" (previous value: ";PackTool") at C:\Program Files\dotnet\sdk\8.0.418\Sdks\Microsoft.NET.Sdk\targets\Microsoft.NET.PackProjectTool.props (15,5)
       Property reassignment: $(OutputType)="WinExe" (previous value: "Library") at C:\Users\user\Desktop\fggrill\desktop-app\FgGrillPos\FgGrillPos.csproj (4,5)
       Property reassignment: $(PublishProfileImported)="false" (previous value: "true") at C:\Program Files\dotnet\sdk\8.0.418\Sdks\Microsoft.NET.Sdk\targets\Microsoft.NET.Sdk.ImportPublishProfile.targets (28,5)
       Property reassignment: $(TargetPlatformVersion)="0.0" (previous value: "0.0.0.0") at C:\Program Files\dotnet\sdk\8.0.418\Sdks\Microsoft.NET.Sdk\targets\Microsoft.NET.TargetFrameworkInference.targets (68,5)
       Property reassignment: $(TargetPlatformVersion)="" (previous value: "0.0") at C:\Program Files\dotnet\sdk\8.0.418\Sdks\Microsoft.NET.Sdk\targets\Microsoft.NET.TargetFrameworkInference.targets (69,5)
       Property reassignment: $(TargetPlatformIdentifier)="Windows" (previous value: "windows") at C:\Program Files\dotnet\sdk\8.0.418\Sdks\Microsoft.NET.Sdk\targets\Microsoft.NET.TargetFrameworkInference.targets (71,5)
       Property reassignment: $(DefaultItemExcludes)=";bin\Debug\/**;obj\Debug\/**" (previous value: ";bin\Debug\/**") at C:\Program Files\dotnet\sdk\8.0.418\Sdks\Microsoft.NET.Sdk\targets\Microsoft.NET.DefaultOutputPaths.targets (122,5)
       Property reassignment: $(OutputPath)="bin\Debug\net8.0-windows\" (previous value: "bin\Debug\") at C:\Program Files\dotnet\sdk\8.0.418\Sdks\Microsoft.NET.Sdk\targets\Microsoft.NET.DefaultOutputPaths.targets (137,5)
       Property reassignment: $(IntermediateOutputPath)="obj\Debug\net8.0-windows\" (previous value: "obj\Debug\") at C:\Program Files\dotnet\sdk\8.0.418\Sdks\Microsoft.NET.Sdk\targets\Microsoft.NET.DefaultOutputPaths.targets (142,5)
       The "DefaultSdkResolver" resolver attempted to resolve the SDK "Microsoft.NET.SDK.WorkloadManifestTargetsLocator".
       Warnings: null
       Errors: MSB4276: The default SDK resolver failed to resolve SDK "Microsoft.NET.SDK.WorkloadManifestTargetsLocator" because directory "C:\Program Files\dotnet\sdk\8.0.418\Sdks\Microsoft.NET.SDK.WorkloadManifestTargetsLocator\Sdk" did not exist.
       The SDK "Microsoft.NET.SDK.WorkloadManifestTargetsLocator" was successfully resolved by the "Microsoft.DotNet.MSBuildWorkloadSdkResolver" resolver to location "C:\Program Files\dotnet\sdk-manifests\8.0.100\microsoft.net.sdk.android\34.0.43" and version "null".
       Property reassignment: $(_FrameworkIdentifierForImplicitDefine)="NET" (previous value: "NETCOREAPP") at C:\Program Files\dotnet\sdk\8.0.418\Sdks\Microsoft.NET.Sdk\targets\Microsoft.NET.Sdk.BeforeCommon.targets (187,5)
       Property reassignment: $(_FrameworkVersionForImplicitDefine)="8_0" (previous value: "8.0") at C:\Program Files\dotnet\sdk\8.0.418\Sdks\Microsoft.NET.Sdk\targets\Microsoft.NET.Sdk.BeforeCommon.targets (192,5)
       Property reassignment: $(CommandLineArgsForDesignTimeEvaluation)="-langversion:12.0 -define:TRACE" (previous value: "-langversion:12.0") at C:\Program Files\dotnet\sdk\8.0.418\Roslyn\Microsoft.CSharp.Core.targets (200,5)
       Property reassignment: $(_DebugSymbolsProduced)="true" (previous value: "false") at C:\Program Files\dotnet\sdk\8.0.418\Microsoft.Common.CurrentVersion.targets (175,5)
       Property reassignment: $(_DocumentationFileProduced)="false" (previous value: "true") at C:\Program Files\dotnet\sdk\8.0.418\Microsoft.Common.CurrentVersion.targets (185,5)
       Property reassignment: $(MSBuildCopyMarkerName)="FgGrillPos.csproj.Up2Date" (previous value: "FgGrillPos.csproj") at C:\Program Files\dotnet\sdk\8.0.418\Microsoft.Common.CurrentVersion.targets (393,5)
       Property reassignment: $(ProcessorArchitecture)="msil" (previous value: "") at C:\Program Files\dotnet\sdk\8.0.418\Microsoft.Common.CurrentVersion.targets (541,5)
       Property reassignment: $(DelaySign)="" (previous value: "false") at C:\Program Files\dotnet\sdk\8.0.418\Microsoft.Common.CurrentVersion.targets (580,5)
       Property 'LOCALAPPDATA' with value 'C:\Users\user\AppData\Local' expanded from the environment.
       Property reassignment: $(_SGenGenerateSerializationAssembliesConfig)="Auto" (previous value: "") at C:\Program Files\dotnet\sdk\8.0.418\Microsoft.Common.CurrentVersion.targets (3896,5)
       Property reassignment: $(_SGenGenerateSerializationAssembliesConfig)="Off" (previous value: "Auto") at C:\Program Files\dotnet\sdk\8.0.418\Microsoft.Common.CurrentVersion.targets (3897,5)
       Property reassignment: $(_TargetsThatPrepareProjectReferences)="
             AssignProjectConfiguration;
             _SplitProjectReferencesByFileExistence
           " (previous value: "_SplitProjectReferencesByFileExistence") at C:\Program Files\dotnet\sdk\8.0.418\Microsoft.Common.CurrentVersion.targets (5099,5)
       Property 'MSBuildExtensionsPath32' with value 'C:\Program Files\dotnet\sdk\8.0.418' expanded from the environment.
       Property reassignment: $(EffectivePlatform)="x86" (previous value: "AnyCPU") at C:\Users\user\.nuget\packages\microsoft.web.webview2\1.0.2903.40\build\Common.targets (37,5)
       Property reassignment: $(EffectivePlatform)="x64" (previous value: "x86") at C:\Users\user\.nuget\packages\microsoft.web.webview2\1.0.2903.40\build\Common.targets (39,5)
       Property reassignment: $(EffectivePlatform)="x86" (previous value: "x64") at C:\Users\user\.nuget\packages\microsoft.web.webview2\1.0.2903.40\build\Common.targets (64,5)
       Property reassignment: $(ProjectAssetsCacheFile)="C:\Users\user\Desktop\fggrill\desktop-app\FgGrillPos\obj\Debug\net8.0-windows\FgGrillPos.assets.cache" (previous value: "obj\Debug\net8.0-windows\FgGrillPos.assets.cache") at C:\Program Files\dotnet\sdk\8.0.418\Sdks\Microsoft.NET.Sdk\targets\Microsoft.PackageDependencyResolution.targets (29,5)
       Property reassignment: $(ResolveAssemblyReferencesDependsOn)="
             
             ResolveProjectReferences;
             FindInvalidProjectReferences;
             GetFrameworkPaths;
             GetReferenceAssemblyPaths;
             PrepareForBuild;
             ResolveSDKReferences;
             ExpandSDKReferences;
           ;
             ResolvePackageDependenciesForBuild;
             _HandlePackageFileConflicts;
           " (previous value: "
             ResolveProjectReferences;
             FindInvalidProjectReferences;
             GetFrameworkPaths;
             GetReferenceAssemblyPaths;
             PrepareForBuild;
             ResolveSDKReferences;
             ExpandSDKReferences;
           ") at C:\Program Files\dotnet\sdk\8.0.418\Sdks\Microsoft.NET.Sdk\targets\Microsoft.PackageDependencyResolution.targets (80,5)
       Property reassignment: $(PrepareResourcesDependsOn)="
             ResolvePackageDependenciesForBuild;
             _HandlePackageFileConflicts;
             
             ;
             PrepareResourceNames;
             ResGen;
             CompileLicxFiles
           
           " (previous value: "
             ;
             PrepareResourceNames;
             ResGen;
             CompileLicxFiles
           ") at C:\Program Files\dotnet\sdk\8.0.418\Sdks\Microsoft.NET.Sdk\targets\Microsoft.PackageDependencyResolution.targets (86,5)
       Property reassignment: $(DefaultItemExcludes)=";bin\Debug\/**;obj\Debug\/**;bin\/**" (previous value: ";bin\Debug\/**;obj\Debug\/**") at C:\Program Files\dotnet\sdk\8.0.418\Sdks\Microsoft.NET.Sdk\targets\Microsoft.NET.Sdk.DefaultItems.targets (27,5)
       Property reassignment: $(DefaultItemExcludes)=";bin\Debug\/**;obj\Debug\/**;bin\/**;obj\/**" (previous value: ";bin\Debug\/**;obj\Debug\/**;bin\/**") at C:\Program Files\dotnet\sdk\8.0.418\Sdks\Microsoft.NET.Sdk\targets\Microsoft.NET.Sdk.DefaultItems.targets (29,5)
       Property reassignment: $(DefaultItemExcludes)=";bin\Debug\/**;obj\Debug\/**;bin\/**;obj\/**;**/*.user" (previous value: ";bin\Debug\/**;obj\Debug\/**;bin\/**;obj\/**") at C:\Program Files\dotnet\sdk\8.0.418\Sdks\Microsoft.NET.Sdk\targets\Microsoft.NET.Sdk.DefaultItems.targets (32,5)
       Property reassignment: $(DefaultItemExcludes)=";bin\Debug\/**;obj\Debug\/**;bin\/**;obj\/**;**/*.user;**/*.*proj" (previous value: ";bin\Debug\/**;obj\Debug\/**;bin\/**;obj\/**;**/*.user") at C:\Program Files\dotnet\sdk\8.0.418\Sdks\Microsoft.NET.Sdk\targets\Microsoft.NET.Sdk.DefaultItems.targets (33,5)
       Property reassignment: $(DefaultItemExcludes)=";bin\Debug\/**;obj\Debug\/**;bin\/**;obj\/**;**/*.user;**/*.*proj;**/*.sln" (previous value: ";bin\Debug\/**;obj\Debug\/**;bin\/**;obj\/**;**/*.user;**/*.*proj") at C:\Program Files\dotnet\sdk\8.0.418\Sdks\Microsoft.NET.Sdk\targets\Microsoft.NET.Sdk.DefaultItems.targets (34,5)
       Property reassignment: $(DefaultItemExcludes)=";bin\Debug\/**;obj\Debug\/**;bin\/**;obj\/**;**/*.user;**/*.*proj;**/*.sln;**/*.vssscc" (previous value: ";bin\Debug\/**;obj\Debug\/**;bin\/**;obj\/**;**/*.user;**/*.*proj;**/*.sln") at C:\Program Files\dotnet\sdk\8.0.418\Sdks\Microsoft.NET.Sdk\targets\Microsoft.NET.Sdk.DefaultItems.targets (35,5)
       Property reassignment: $(DefaultItemExcludes)=";bin\Debug\/**;obj\Debug\/**;bin\/**;obj\/**;**/*.user;**/*.*proj;**/*.sln;**/*.vssscc;**/.DS_Store" (previous value: ";bin\Debug\/**;obj\Debug\/**;bin\/**;obj\/**;**/*.user;**/*.*proj;**/*.sln;**/*.vssscc") at C:\Program Files\dotnet\sdk\8.0.418\Sdks\Microsoft.NET.Sdk\targets\Microsoft.NET.Sdk.DefaultItems.targets (36,5)
       Property reassignment: $(ResolveAssemblyReferencesDependsOn)="
             
             
             ResolveProjectReferences;
             FindInvalidProjectReferences;
             GetFrameworkPaths;
             GetReferenceAssemblyPaths;
             PrepareForBuild;
             ResolveSDKReferences;
             ExpandSDKReferences;
           ;
             ResolvePackageDependenciesForBuild;
             _HandlePackageFileConflicts;
           ;
             ResolveTargetingPackAssets;
           " (previous value: "
             
             ResolveProjectReferences;
             FindInvalidProjectReferences;
             GetFrameworkPaths;
             GetReferenceAssemblyPaths;
             PrepareForBuild;
             ResolveSDKReferences;
             ExpandSDKReferences;
           ;
             ResolvePackageDependenciesForBuild;
             _HandlePackageFileConflicts;
           ") at C:\Program Files\dotnet\sdk\8.0.418\Sdks\Microsoft.NET.Sdk\targets\Microsoft.NET.Sdk.FrameworkReferenceResolution.targets (14,5)
       Property reassignment: $(_GenerateRuntimeConfigurationPropertyInputsCache)="C:\Users\user\Desktop\fggrill\desktop-app\FgGrillPos\obj\Debug\net8.0-windows\FgGrillPos.genruntimeconfig.cache" (previous value: "obj\Debug\net8.0-windows\FgGrillPos.genruntimeconfig.cache") at C:\Program Files\dotnet\sdk\8.0.418\Sdks\Microsoft.NET.Sdk\targets\Microsoft.NET.Sdk.targets (44,5)
       Property reassignment: $(_GeneratePublishDependencyFilePropertyInputsCache)="C:\Users\user\Desktop\fggrill\desktop-app\FgGrillPos\obj\Debug\net8.0-windows\FgGrillPos.genpublishdeps.cache" (previous value: "obj\Debug\net8.0-windows\FgGrillPos.genpublishdeps.cache") at C:\Program Files\dotnet\sdk\8.0.418\Sdks\Microsoft.NET.Sdk\targets\Microsoft.NET.Sdk.targets (46,5)
       Property reassignment: $(_GenerateSingleFileBundlePropertyInputsCache)="C:\Users\user\Desktop\fggrill\desktop-app\FgGrillPos\obj\Debug\net8.0-windows\FgGrillPos.genbundle.cache" (previous value: "obj\Debug\net8.0-windows\FgGrillPos.genbundle.cache") at C:\Program Files\dotnet\sdk\8.0.418\Sdks\Microsoft.NET.Sdk\targets\Microsoft.NET.Sdk.targets (48,5)
       Property reassignment: $(GenerateRuntimeConfigDevFile)="false" (previous value: "true") at C:\Program Files\dotnet\sdk\8.0.418\Sdks\Microsoft.NET.Sdk\targets\Microsoft.NET.Sdk.targets (81,5)
       Property reassignment: $(_DefaultUserProfileRuntimeStorePath)="C:\Users\user" (previous value: "") at C:\Program Files\dotnet\sdk\8.0.418\Sdks\Microsoft.NET.Sdk\targets\Microsoft.NET.Sdk.targets (97,5)
       Property reassignment: $(_DefaultUserProfileRuntimeStorePath)="C:\Users\user\.dotnet\store" (previous value: "C:\Users\user") at C:\Program Files\dotnet\sdk\8.0.418\Sdks\Microsoft.NET.Sdk\targets\Microsoft.NET.Sdk.targets (98,5)
       Property reassignment: $(AvailablePlatforms)="Any CPU,x86,x64,ARM32" (previous value: "Any CPU,x86,x64") at C:\Program Files\dotnet\sdk\8.0.418\Sdks\Microsoft.NET.Sdk\targets\Microsoft.NET.Sdk.targets (136,5)
       Property reassignment: $(AvailablePlatforms)="Any CPU,x86,x64,ARM32,ARM64" (previous value: "Any CPU,x86,x64,ARM32") at C:\Program Files\dotnet\sdk\8.0.418\Sdks\Microsoft.NET.Sdk\targets\Microsoft.NET.Sdk.targets (140,5)
       Property reassignment: $(CoreBuildDependsOn)="
             _CheckForBuildWithNoBuild;
             
             BuildOnlySettings;
             PrepareForBuild;
             PreBuildEvent;
             ResolveReferences;
             PrepareResources;
             ResolveKeySource;
             Compile;
             ExportWindowsMDFile;
             UnmanagedUnregistration;
             GenerateSerializationAssemblies;
             CreateSatelliteAssemblies;
             GenerateManifests;
             GetTargetPath;
             PrepareForRun;
             UnmanagedRegistration;
             IncrementalClean;
             PostBuildEvent
           ;
             GenerateBuildDependencyFile;
             GenerateBuildRuntimeConfigurationFiles
           " (previous value: "
             BuildOnlySettings;
             PrepareForBuild;
             PreBuildEvent;
             ResolveReferences;
             PrepareResources;
             ResolveKeySource;
             Compile;
             ExportWindowsMDFile;
             UnmanagedUnregistration;
             GenerateSerializationAssemblies;
             CreateSatelliteAssemblies;
             GenerateManifests;
             GetTargetPath;
             PrepareForRun;
             UnmanagedRegistration;
             IncrementalClean;
             PostBuildEvent
           ") at C:\Program Files\dotnet\sdk\8.0.418\Sdks\Microsoft.NET.Sdk\targets\Microsoft.NET.Sdk.targets (197,5)
       Property reassignment: $(CoreCleanDependsOn)="
             _SdkBeforeClean;
             
           " (previous value: "") at C:\Program Files\dotnet\sdk\8.0.418\Sdks\Microsoft.NET.Sdk\targets\Microsoft.NET.Sdk.targets (206,5)
       Property reassignment: $(RebuildDependsOn)="
             _SdkBeforeRebuild;
             
             BeforeRebuild;
             Clean;
             Build;
             AfterRebuild;
           
           " (previous value: "
             BeforeRebuild;
             Clean;
             Build;
             AfterRebuild;
           ") at C:\Program Files\dotnet\sdk\8.0.418\Sdks\Microsoft.NET.Sdk\targets\Microsoft.NET.Sdk.targets (213,5)
       Property reassignment: $(CompileDependsOn)="
             
             ResolveReferences;
             ResolveKeySource;
             SetWin32ManifestProperties;
             _SetPreferNativeArm64Win32ManifestProperties;
             FindReferenceAssembliesForReferences;
             _GenerateCompileInputs;
             BeforeCompile;
             _TimeStampBeforeCompile;
             _GenerateCompileDependencyCache;
             CoreCompile;
             _TimeStampAfterCompile;
             AfterCompile;
           ;
             _CreateAppHost;
             _CreateComHost;
             _GetIjwHostPaths;
           " (previous value: "
             ResolveReferences;
             ResolveKeySource;
             SetWin32ManifestProperties;
             _SetPreferNativeArm64Win32ManifestProperties;
             FindReferenceAssembliesForReferences;
             _GenerateCompileInputs;
             BeforeCompile;
             _TimeStampBeforeCompile;
             _GenerateCompileDependencyCache;
             CoreCompile;
             _TimeStampAfterCompile;
             AfterCompile;
           ") at C:\Program Files\dotnet\sdk\8.0.418\Sdks\Microsoft.NET.Sdk\targets\Microsoft.NET.Sdk.targets (679,5)
       Property reassignment: $(CreateSatelliteAssembliesDependsOn)="
             
             ;
             _GenerateSatelliteAssemblyInputs;
             ComputeIntermediateSatelliteAssemblies;
             GenerateSatelliteAssemblies
           ;
             CoreGenerateSatelliteAssemblies
           " (previous value: "
             ;
             _GenerateSatelliteAssemblyInputs;
             ComputeIntermediateSatelliteAssemblies;
             GenerateSatelliteAssemblies
           ") at C:\Program Files\dotnet\sdk\8.0.418\Sdks\Microsoft.NET.Sdk\targets\Microsoft.NET.Sdk.targets (1065,5)
       Property reassignment: $(SourceLinkUrlInitializerTargets)=";_InitializeGitHubSourceLinkUrl;_InitializeGitLabSourceLinkUrl" (previous value: ";_InitializeGitHubSourceLinkUrl") at C:\Program Files\dotnet\sdk\8.0.418\Sdks\Microsoft.SourceLink.GitLab\build\Microsoft.SourceLink.GitLab.targets (12,5)
       Property reassignment: $(SourceControlManagerUrlTranslationTargets)=";TranslateGitHubUrlsInSourceControlInformation;TranslateGitLabUrlsInSourceControlInformation" (previous value: ";TranslateGitHubUrlsInSourceControlInformation") at C:\Program Files\dotnet\sdk\8.0.418\Sdks\Microsoft.SourceLink.GitLab\build\Microsoft.SourceLink.GitLab.targets (13,5)
       Property reassignment: $(SourceLinkUrlInitializerTargets)=";_InitializeGitHubSourceLinkUrl;_InitializeGitLabSourceLinkUrl;_InitializeAzureReposGitSourceLinkUrl" (previous value: ";_InitializeGitHubSourceLinkUrl;_InitializeGitLabSourceLinkUrl") at C:\Program Files\dotnet\sdk\8.0.418\Sdks\Microsoft.SourceLink.AzureRepos.Git\build\Microsoft.SourceLink.AzureRepos.Git.targets (12,5)
       Property reassignment: $(SourceControlManagerUrlTranslationTargets)=";TranslateGitHubUrlsInSourceControlInformation;TranslateGitLabUrlsInSourceControlInformation;TranslateAzureReposGitUrlsInSourceControlInformation" (previous value: ";TranslateGitHubUrlsInSourceControlInformation;TranslateGitLabUrlsInSourceControlInformation") at C:\Program Files\dotnet\sdk\8.0.418\Sdks\Microsoft.SourceLink.AzureRepos.Git\build\Microsoft.SourceLink.AzureRepos.Git.targets (13,5)
       Property reassignment: $(SourceLinkUrlInitializerTargets)=";_InitializeGitHubSourceLinkUrl;_InitializeGitLabSourceLinkUrl;_InitializeAzureReposGitSourceLinkUrl;_InitializeBitbucketGitSourceLinkUrl" (previous value: ";_InitializeGitHubSourceLinkUrl;_InitializeGitLabSourceLinkUrl;_InitializeAzureReposGitSourceLinkUrl") at C:\Program Files\dotnet\sdk\8.0.418\Sdks\Microsoft.SourceLink.Bitbucket.Git\build\Microsoft.SourceLink.Bitbucket.Git.targets (12,5)
       Property reassignment: $(SourceControlManagerUrlTranslationTargets)=";TranslateGitHubUrlsInSourceControlInformation;TranslateGitLabUrlsInSourceControlInformation;TranslateAzureReposGitUrlsInSourceControlInformation;TranslateBitbucketGitUrlsInSourceControlInformation" (previous value: ";TranslateGitHubUrlsInSourceControlInformation;TranslateGitLabUrlsInSourceControlInformation;TranslateAzureReposGitUrlsInSourceControlInformation") at C:\Program Files\dotnet\sdk\8.0.418\Sdks\Microsoft.SourceLink.Bitbucket.Git\build\Microsoft.SourceLink.Bitbucket.Git.targets (13,5)
       Property reassignment: $(DesignerRuntimeImplementationProjectOutputGroupDependsOn)="
             
             ;
             
             ;
             BuildOnlySettings;
             PrepareForBuild;
             AssignTargetPaths;
             ResolveReferences
           
           ;
             _GenerateDesignerDepsFile;
             _GenerateDesignerRuntimeConfigFile;
             GetCopyToOutputDirectoryItems;
             _GatherDesignerShadowCopyFiles;
           " (previous value: "
             ;
             
             ;
             BuildOnlySettings;
             PrepareForBuild;
             AssignTargetPaths;
             ResolveReferences
           
           ") at C:\Program Files\dotnet\sdk\8.0.418\Sdks\Microsoft.NET.Sdk\targets\Microsoft.NET.DesignerSupport.targets (21,5)
       Property reassignment: $(_GenerateToolsSettingsFileCacheFile)="C:\Users\user\Desktop\fggrill\desktop-app\FgGrillPos\obj\Debug\net8.0-windows\FgGrillPos.toolssettingsinput.cache" (previous value: "obj\Debug\net8.0-windows\FgGrillPos.toolssettingsinput.cache") at C:\Program Files\dotnet\sdk\8.0.418\Sdks\Microsoft.NET.Sdk\targets\Microsoft.NET.PackTool.targets (68,5)
       Property reassignment: $(_ShimInputCacheFile)="C:\Users\user\Desktop\fggrill\desktop-app\FgGrillPos\obj\Debug\net8.0-windows\FgGrillPos.shiminput.cache" (previous value: "obj\Debug\net8.0-windows\FgGrillPos.shiminput.cache") at C:\Program Files\dotnet\sdk\8.0.418\Sdks\Microsoft.NET.Sdk\targets\Microsoft.NET.PackTool.targets (137,5)
       Property reassignment: $(_ShimCreatedSentinelFile)="C:\Users\user\Desktop\fggrill\desktop-app\FgGrillPos\obj\Debug\net8.0-windows\FgGrillPos.shimcreated.sentinel" (previous value: "obj\Debug\net8.0-windows\FgGrillPos.shimcreated.sentinel") at C:\Program Files\dotnet\sdk\8.0.418\Sdks\Microsoft.NET.Sdk\targets\Microsoft.NET.PackTool.targets (139,5)
       Property reassignment: $(DefineConstants)="TRACE;DEBUG" (previous value: "TRACE") at C:\Program Files\dotnet\sdk\8.0.418\Sdks\Microsoft.NET.Sdk\targets\Microsoft.NET.Sdk.CSharp.targets (31,5)
       Property reassignment: $(DefineConstants)="TRACE;DEBUG;NET;NET8_0;NETCOREAPP" (previous value: "TRACE;DEBUG") at C:\Program Files\dotnet\sdk\8.0.418\Sdks\Microsoft.NET.Sdk\targets\Microsoft.NET.Sdk.CSharp.targets (34,5)
       Property reassignment: $(WarningsAsErrors)=";NU1605;SYSLIB0011" (previous value: ";NU1605") at C:\Program Files\dotnet\sdk\8.0.418\Sdks\Microsoft.NET.Sdk\targets\Microsoft.NET.Sdk.CSharp.targets (48,5)
       Property reassignment: $(TargetPlatformVersion)="7.0" (previous value: "") at C:\Program Files\dotnet\sdk\8.0.418\Sdks\Microsoft.NET.Sdk\targets\Microsoft.NET.Windows.targets (34,5)
       Property reassignment: $(SupportedOSPlatformVersion)="7.0" (previous value: "") at C:\Program Files\dotnet\sdk\8.0.418\Sdks\Microsoft.NET.Sdk\targets\Microsoft.NET.Windows.targets (44,5)
       Property reassignment: $(TargetPlatformMinVersion)="7.0" (previous value: "") at C:\Program Files\dotnet\sdk\8.0.418\Sdks\Microsoft.NET.Sdk\targets\Microsoft.NET.Windows.targets (45,5)
       Property reassignment: $(TargetPlatformDisplayName)="Windows 7.0" (previous value: "Windows ") at C:\Program Files\dotnet\sdk\8.0.418\Sdks\Microsoft.NET.Sdk\targets\Microsoft.NET.Sdk.targets (1347,5)
       Property reassignment: $(_TargetFrameworkVersionValue)="8.0" (previous value: "0.0") at C:\Program Files\dotnet\sdk\8.0.418\Sdks\Microsoft.NET.Sdk.WindowsDesktop\targets\Microsoft.NET.Sdk.WindowsDesktop.targets (51,5)
       Property reassignment: $(PrepareResourceNamesDependsOn)="
                           AssignWinFXEmbeddedResource;
                           
             AssignTargetPaths;
             SplitResourcesByCulture;
             CreateManifestResourceNames;
             CreateCustomManifestResourceNames
           
             " (previous value: "
             AssignTargetPaths;
             SplitResourcesByCulture;
             CreateManifestResourceNames;
             CreateCustomManifestResourceNames
           ") at C:\Program Files\dotnet\sdk\8.0.418\Sdks\Microsoft.NET.Sdk.WindowsDesktop\targets\Microsoft.WinFX.targets (61,7)
       Property reassignment: $(PrepareResourcesDependsOn)="
                       MarkupCompilePass1;
                       AfterMarkupCompilePass1;
                       MarkupCompilePass2ForMainAssembly;
                       FileClassification;
                       MainResourcesGeneration;
                       
             ResolvePackageDependenciesForBuild;
             _HandlePackageFileConflicts;
             
             ;
             PrepareResourceNames;
             ResGen;
             CompileLicxFiles
           
           
             " (previous value: "
             ResolvePackageDependenciesForBuild;
             _HandlePackageFileConflicts;
             
             ;
             PrepareResourceNames;
             ResGen;
             CompileLicxFiles
           
           ") at C:\Program Files\dotnet\sdk\8.0.418\Sdks\Microsoft.NET.Sdk.WindowsDesktop\targets\Microsoft.WinFX.targets (69,7)
       Property reassignment: $(CompileDependsOn)="
               
             
             ResolveReferences;
             ResolveKeySource;
             SetWin32ManifestProperties;
             _SetPreferNativeArm64Win32ManifestProperties;
             FindReferenceAssembliesForReferences;
             _GenerateCompileInputs;
             BeforeCompile;
             _TimeStampBeforeCompile;
             _GenerateCompileDependencyCache;
             CoreCompile;
             _TimeStampAfterCompile;
             AfterCompile;
           ;
             _CreateAppHost;
             _CreateComHost;
             _GetIjwHostPaths;
           ;
               _AfterCompileWinFXInternal
           " (previous value: "
             
             ResolveReferences;
             ResolveKeySource;
             SetWin32ManifestProperties;
             _SetPreferNativeArm64Win32ManifestProperties;
             FindReferenceAssembliesForReferences;
             _GenerateCompileInputs;
             BeforeCompile;
             _TimeStampBeforeCompile;
             _GenerateCompileDependencyCache;
             CoreCompile;
             _TimeStampAfterCompile;
             AfterCompile;
           ;
             _CreateAppHost;
             _CreateComHost;
             _GetIjwHostPaths;
           ") at C:\Program Files\dotnet\sdk\8.0.418\Sdks\Microsoft.NET.Sdk.WindowsDesktop\targets\Microsoft.WinFX.targets (136,5)
       Property reassignment: $(PublishBuildDependsOn)="
                   BuildOnlySettings;
                   PrepareForBuild;
                   ResolveReferences;
                   PrepareResources;
                   ResolveKeySource;
                   PrepareResourcesForSatelliteAssemblies;
                   GenerateSerializationAssemblies;
                   CreateSatelliteAssemblies;
               " (previous value: "
             BuildOnlySettings;
             PrepareForBuild;
             ResolveReferences;
             PrepareResources;
             ResolveKeySource;
             GenerateSerializationAssemblies;
             CreateSatelliteAssemblies;
           ") at C:\Program Files\dotnet\sdk\8.0.418\Sdks\Microsoft.NET.Sdk.WindowsDesktop\targets\Microsoft.WinFX.targets (802,9)
       Property reassignment: $(PackageDescription)="Package Description" (previous value: "") at C:\Program Files\dotnet\sdk\8.0.418\Sdks\NuGet.Build.Tasks.Pack\build\NuGet.Build.Tasks.Pack.targets (34,5)
       Property reassignment: $(GenerateNuspecDependsOn)="Build;_LoadPackInputItems; _GetTargetFrameworksOutput; _WalkEachTargetPerFramework; _GetPackageFiles; " (previous value: "_LoadPackInputItems; _GetTargetFrameworksOutput; _WalkEachTargetPerFramework; _GetPackageFiles; ") at C:\Program Files\dotnet\sdk\8.0.418\Sdks\NuGet.Build.Tasks.Pack\build\NuGet.Build.Tasks.Pack.targets (59,5)
       Property reassignment: $(_IsNotSetContainersTargetsDir)="true" (previous value: "false") at C:\Program Files\dotnet\sdk\8.0.418\Sdks\Microsoft.NET.Sdk\Sdk\Sdk.targets (59,5)
       Property reassignment: $(_IsSDKContainerAllowedVersion)="true" (previous value: "false") at C:\Program Files\dotnet\sdk\8.0.418\Containers\build\Microsoft.NET.Build.Containers.targets (5,5)
       Property reassignment: $(_ContainerIsTargetingNet8TFM)="true" (previous value: "false") at C:\Program Files\dotnet\sdk\8.0.418\Containers\build\Microsoft.NET.Build.Containers.targets (15,5)
       Overriding target "ResolveFrameworkReferences" in project "C:\Program Files\dotnet\sdk\8.0.418\Microsoft.Common.CurrentVersion.targets" with target "ResolveFrameworkReferences" from project "C:\Program Files\dotnet\sdk\8.0.418\Sdks\Microsoft.NET.Sdk\targets\Microsoft.NET.Sdk.FrameworkReferenceResolution.targets".
       Overriding target "Run" in project "C:\Program Files\dotnet\sdk\8.0.418\Microsoft.Common.CurrentVersion.targets" with target "Run" from project "C:\Program Files\dotnet\sdk\8.0.418\Sdks\Microsoft.NET.Sdk\targets\Microsoft.NET.Sdk.targets".
       Overriding target "GenerateSupportedTargetFrameworkAlias" in project "C:\Program Files\dotnet\sdk\8.0.418\Microsoft.Common.CurrentVersion.targets" with target "GenerateSupportedTargetFrameworkAlias" from project "C:\Program Files\dotnet\sdk\8.0.418\Sdks\Microsoft.NET.Sdk\targets\Microsoft.NET.Sdk.targets".
       Overriding target "GetReferenceAssemblyPaths" in project "C:\Program Files\dotnet\sdk\8.0.418\Microsoft.Common.CurrentVersion.targets" with target "GetReferenceAssemblyPaths" from project "C:\Program Files\dotnet\sdk\8.0.418\Sdks\Microsoft.NET.Sdk\targets\Microsoft.NET.DisableStandardFrameworkResolution.targets".
       Overriding target "GetFrameworkPaths" in project "C:\Program Files\dotnet\sdk\8.0.418\Microsoft.Common.CurrentVersion.targets" with target "GetFrameworkPaths" from project "C:\Program Files\dotnet\sdk\8.0.418\Sdks\Microsoft.NET.Sdk\targets\Microsoft.NET.DisableStandardFrameworkResolution.targets".
       Overriding target "DesignerRuntimeImplementationProjectOutputGroup" in project "C:\Program Files\dotnet\sdk\8.0.418\Microsoft.Common.CurrentVersion.targets" with target "DesignerRuntimeImplementationProjectOutputGroup" from project "C:\Program Files\dotnet\sdk\8.0.418\Sdks\Microsoft.NET.Sdk\targets\Microsoft.NET.DesignerSupport.targets".
       Overriding target "Publish" in project "C:\Program Files\dotnet\sdk\8.0.418\Microsoft.Common.CurrentVersion.targets" with target "Publish" from project "C:\Program Files\dotnet\sdk\8.0.418\Sdks\Microsoft.NET.Sdk\targets\Microsoft.NET.Publish.targets".
       Overriding target "ResolveReadyToRunCompilers" in project "C:\Program Files\dotnet\sdk\8.0.418\Sdks\Microsoft.NET.Sdk\targets\Microsoft.NET.CrossGen.targets" with target "ResolveReadyToRunCompilers" from project "C:\Program Files\dotnet\sdk\8.0.418\Sdks\Microsoft.NET.Sdk\targets\Microsoft.NET.Publish.targets".
       Overriding target "GetCopyToPublishDirectoryItems" in project "C:\Program Files\dotnet\sdk\8.0.418\Microsoft.Common.CurrentVersion.targets" with target "GetCopyToPublishDirectoryItems" from project "C:\Program Files\dotnet\sdk\8.0.418\Sdks\Microsoft.NET.Sdk\targets\Microsoft.NET.Publish.targets".
       Overriding target "SatelliteDllsProjectOutputGroup" in project "C:\Program Files\dotnet\sdk\8.0.418\Microsoft.Common.CurrentVersion.targets" with target "SatelliteDllsProjectOutputGroup" from project "C:\Program Files\dotnet\sdk\8.0.418\Sdks\Microsoft.NET.Sdk.WindowsDesktop\targets\Microsoft.WinFX.targets".
   1:7>Project "C:\Users\user\Desktop\fggrill\desktop-app\FgGrillPos\FgGrillPos.csproj" on node 1 (default targets).
   1:7>Target "_CheckForUnsupportedTargetFramework" skipped, due to false condition; ('$(_UnsupportedTargetFrameworkError)' == 'true') was evaluated as ('' == 'true').
   1:7>Target "_CollectTargetFrameworkForTelemetry" in file "C:\Program Files\dotnet\sdk\8.0.418\Sdks\Microsoft.NET.Sdk\targets\Microsoft.NET.TargetFrameworkInference.targets" from project "C:\Users\user\Desktop\fggrill\desktop-app\FgGrillPos\FgGrillPos.csproj" (target "_CheckForInvalidConfigurationAndPlatform" depends on it):
       Using "AllowEmptyTelemetry" task from assembly "C:\Program Files\dotnet\sdk\8.0.418\Sdks\Microsoft.NET.Sdk\targets\..\tools\net8.0\Microsoft.NET.Build.Tasks.dll".
       Task "AllowEmptyTelemetry"
       Done executing task "AllowEmptyTelemetry".
   1:7>Done building target "_CollectTargetFrameworkForTelemetry" in project "FgGrillPos.csproj".
       Target "_CheckForMissingWorkload" skipped, due to false condition; ('@(MissingWorkloadPack)' != '' And '$(DesignTimeBuild)' != 'true') was evaluated as ('' != '' And '' != 'true').
   1:7>Target "_CheckForUnsupportedTargetPlatformIdentifier" in file "C:\Program Files\dotnet\sdk\8.0.418\Sdks\Microsoft.NET.Sdk\targets\Microsoft.NET.TargetFrameworkInference.targets" from project "C:\Users\user\Desktop\fggrill\desktop-app\FgGrillPos\FgGrillPos.csproj" (target "_CheckForInvalidConfigurationAndPlatform" depends on it):
       Task "NETSdkError" skipped, due to false condition; ('$(TargetPlatformSupported)' != 'true' and '$(UseWorkloadsSpecificError)' != 'true') was evaluated as ('true' != 'true' and '' != 'true').
       Task "NETSdkError" skipped, due to false condition; ('$(TargetPlatformSupported)' != 'true' and '$(UseWorkloadsSpecificError)' == 'true') was evaluated as ('true' != 'true' and '' == 'true').
   1:7>Done building target "_CheckForUnsupportedTargetPlatformIdentifier" in project "FgGrillPos.csproj".
   1:7>Target "_CheckForUnsupportedNETCoreVersion" in file "C:\Program Files\dotnet\sdk\8.0.418\Sdks\Microsoft.NET.Sdk\targets\Microsoft.NET.TargetFrameworkInference.targets" from project "C:\Users\user\Desktop\fggrill\desktop-app\FgGrillPos\FgGrillPos.csproj" (target "_CheckForInvalidConfigurationAndPlatform" depends on it):
       Task "NETSdkError" skipped, due to false condition; ('$(_TargetFrameworkVersionWithoutV)' > '$(NETCoreAppMaximumVersion)' and '$(DisplayVSMessage)' != 'true') was evaluated as ('8.0' > '8.0' and '' != 'true').
       Task "NETSdkError" skipped, due to false condition; ('$(DisplayVSMessage)' == 'true') was evaluated as ('' == 'true').
   1:7>Done building target "_CheckForUnsupportedNETCoreVersion" in project "FgGrillPos.csproj".
       Target "_CheckForEolTargetFrameworks" skipped, due to false condition; ('@(_EolNetCoreTargetFrameworkVersions->AnyHaveMetadataValue('Identity', '$(_TargetFrameworkVersionWithoutV)'))' and '$(TargetFrameworkIdentifier)' == '.NETCoreApp' and '$(CheckEolTargetFramework)' == 'true') was evaluated as ('false' and '.NETCoreApp' == '.NETCoreApp' and 'true' == 'true').
       Target "_CheckForEolWorkloads" skipped, due to false condition; ('@(EolWorkload)' != '' and '$(CheckEolWorkloads)' == 'true') was evaluated as ('' != '' and 'true' == 'true').
   1:7>Target "_CheckForUnsupportedCppNETCoreVersion" in file "C:\Program Files\dotnet\sdk\8.0.418\Sdks\Microsoft.NET.Sdk\targets\Microsoft.NET.TargetFrameworkInference.targets" from project "C:\Users\user\Desktop\fggrill\desktop-app\FgGrillPos\FgGrillPos.csproj" (target "_CheckForInvalidConfigurationAndPlatform" depends on it):
       Task "NETSdkError" skipped, due to false condition; ('$(TargetFrameworkIdentifier)' == '.NETCoreApp' and '$(_TargetFrameworkVersionWithoutV)' < '3.1' and ('$(Language)' == 'C++' and '$(_EnablePackageReferencesInVCProjects)' != 'true')) was evaluated as ('.NETCoreApp' == '.NETCoreApp' and '8.0' < '3.1' and ('C#' == 'C++' and '' != 'true')).
   1:7>Done building target "_CheckForUnsupportedCppNETCoreVersion" in project "FgGrillPos.csproj".
       Target "_CheckForUnsupportedNETStandardVersion" skipped, due to false condition; ('$(TargetFrameworkIdentifier)' == '.NETStandard' And '$(NETStandardMaximumVersion)' != '') was evaluated as ('.NETCoreApp' == '.NETStandard' And '' != '').
       Target "_CheckForUnsupportedTargetFrameworkAndFeatureCombination" skipped, due to false condition; ('$(TargetFrameworkIdentifier)' == '.NETFramework') was evaluated as ('.NETCoreApp' == '.NETFramework').
   1:7>Target "_CheckForSupportedOSPlatformVersionHigherThanTargetPlatformVersion" in file "C:\Program Files\dotnet\sdk\8.0.418\Sdks\Microsoft.NET.Sdk\targets\Microsoft.NET.TargetFrameworkInference.targets" from project "C:\Users\user\Desktop\fggrill\desktop-app\FgGrillPos\FgGrillPos.csproj" (target "_CheckForInvalidConfigurationAndPlatform" depends on it):
       Task "NETSdkError" skipped, due to false condition; ('$(SupportedOSPlatformVersion)' != '' and $(TargetPlatformVersion) != '' and $([MSBuild]::VersionGreaterThan($(SupportedOSPlatformVersion), $(TargetPlatformVersion)))) was evaluated as ('7.0' != '' and 7.0 != '' and False).
   1:7>Done building target "_CheckForSupportedOSPlatformVersionHigherThanTargetPlatformVersion" in project "FgGrillPos.csproj".
   1:7>Target "_NormalizeTargetPlatformVersion" in file "C:\Program Files\dotnet\sdk\8.0.418\Sdks\Microsoft.NET.Sdk\targets\Microsoft.NET.TargetFrameworkInference.targets" from project "C:\Users\user\Desktop\fggrill\desktop-app\FgGrillPos\FgGrillPos.csproj" (target "_CheckForInvalidTargetPlatformVersion" depends on it):
   1:7>Done building target "_NormalizeTargetPlatformVersion" in project "FgGrillPos.csproj".
   1:7>Target "_CheckForInvalidTargetPlatformVersion" in file "C:\Program Files\dotnet\sdk\8.0.418\Sdks\Microsoft.NET.Sdk\targets\Microsoft.NET.TargetFrameworkInference.targets" from project "C:\Users\user\Desktop\fggrill\desktop-app\FgGrillPos\FgGrillPos.csproj" (target "_CheckForInvalidConfigurationAndPlatform" depends on it):
       Task "NetSdkError" skipped, due to false condition; ('$(TargetPlatformVersionSupported)' != 'true') was evaluated as ('true' != 'true').
   1:7>Done building target "_CheckForInvalidTargetPlatformVersion" in project "FgGrillPos.csproj".
   1:7>Target "_CheckForUnsupportedArtifactsPath" in file "C:\Program Files\dotnet\sdk\8.0.418\Sdks\Microsoft.NET.Sdk\targets\Microsoft.NET.DefaultOutputPaths.targets" from project "C:\Users\user\Desktop\fggrill\desktop-app\FgGrillPos\FgGrillPos.csproj" (target "_CheckForInvalidConfigurationAndPlatform" depends on it):
       Task "NetSdkError" skipped, due to false condition; ('$(UseArtifactsOutput)' == 'true' and '$(_ArtifactsPathSetEarly)' != 'true') was evaluated as ('' == 'true' and '' != 'true').
       Task "NetSdkError" skipped, due to false condition; ('$(_ArtifactsPathLocationType)' == 'ProjectFolder') was evaluated as ('' == 'ProjectFolder').
   1:7>Done building target "_CheckForUnsupportedArtifactsPath" in project "FgGrillPos.csproj".
       Target "_CheckForMissingWorkload" skipped, due to false condition; ('@(MissingWorkloadPack)' != '' And '$(DesignTimeBuild)' != 'true') was evaluated as ('' != '' And '' != 'true').
   1:7>Target "_CheckForUnsupportedAppHostUsage" in file "C:\Program Files\dotnet\sdk\8.0.418\Sdks\Microsoft.NET.Sdk\targets\Microsoft.NET.RuntimeIdentifierInference.targets" from project "C:\Users\user\Desktop\fggrill\desktop-app\FgGrillPos\FgGrillPos.csproj" (target "_CheckForInvalidConfigurationAndPlatform" depends on it):
       Task "NETSdkError" skipped, due to false condition; ('$(SelfContained)' == 'true' and '$(RuntimeIdentifier)' == '' and '$(AllowSelfContainedWithoutRuntimeIdentifier)' != 'true') was evaluated as ('false' == 'true' and '' == '' and '' != 'true').
       Task "NETSdkError" skipped, due to false condition; ('$(PublishReadyToRun)' == 'true' and '$(RuntimeIdentifier)' == '' and '$(_IsPublishing)' == 'true') was evaluated as ('' == 'true' and '' == '' and '' == 'true').
       Task "NETSdkError" skipped, due to false condition; ('$(PublishSingleFile)' == 'true' and '$(RuntimeIdentifier)' == '' and '$(_IsPublishing)' == 'true') was evaluated as ('' == 'true' and '' == '' and '' == 'true').
       Task "NETSdkError" skipped, due to false condition; ('$(PublishAot)' == 'true' and '$(RuntimeIdentifier)' == '' and '$(_IsPublishing)' == 'true' and '$(AllowPublishAotWithoutRuntimeIdentifier)' != 'true') was evaluated as ('' == 'true' and '' == '' and '' == 'true' and '' != 'true').
       Task "NETSdkError" skipped, due to false condition; ('$(PublishSelfContained)' != 'true' and '$(PublishSelfContained)' != 'false' and '$(PublishSelfContained)' != '') was evaluated as ('' != 'true' and '' != 'false' and '' != '').
       Task "NETSdkError" skipped, due to false condition; ('$(SelfContained)' == 'true' and '$(UseAppHost)' != 'true' and '$(_RuntimeIdentifierUsesAppHost)' == 'true') was evaluated as ('false' == 'true' and 'true' != 'true' and 'true' == 'true').
       Task "NETSdkError" skipped, due to false condition; ('$(SelfContained)' != 'true' and '$(UseAppHost)' == 'true' and '$(_TargetFrameworkVersionWithoutV)' < '2.1') was evaluated as ('false' != 'true' and 'true' == 'true' and '8.0' < '2.1').
       Task "NETSdkError" skipped, due to false condition; ('$(PublishSingleFile)' == 'true' and '$(_TargetFrameworkVersionWithoutV)' < '3.0') was evaluated as ('' == 'true' and '8.0' < '3.0').
       Task "NETSdkWarning" skipped, due to false condition; ('$(PublishReadyToRun)' == 'true' and '$(_TargetFrameworkVersionWithoutV)' < '3.0') was evaluated as ('' == 'true' and '8.0' < '3.0').
       Task "NETSdkWarning" skipped, due to false condition; ('$(RuntimeIdentifier)' != '' and '$(_TargetFrameworkVersionWithoutV)' != '' and $([MSBuild]::VersionLessThan($(_TargetFrameworkVersionWithoutV), '8.0')) and '$(_SelfContainedWasSpecified)' != 'true') was evaluated as ('' != '' and '8.0' != '' and False and '' != 'true').
       Task "NetSdkError" skipped, due to false condition; (('$(UseWindowsForms)' == 'true') and ('$(PublishTrimmed)' == 'true') and ('$(_SuppressWinFormsTrimError)' != 'true')) was evaluated as (('' == 'true') and ('' == 'true') and ('' != 'true')).
       Task "NetSdkError" skipped, due to false condition; (('$(UseWpf)' == 'true') and ('$(PublishTrimmed)' == 'true') and ('$(_SuppressWpfTrimError)' != 'true')) was evaluated as (('true' == 'true') and ('' == 'true') and ('' != 'true')).
   1:7>Done building target "_CheckForUnsupportedAppHostUsage" in project "FgGrillPos.csproj".
   1:7>Target "_CheckForUnsupportedHostingUsage" in file "C:\Program Files\dotnet\sdk\8.0.418\Sdks\Microsoft.NET.Sdk\targets\Microsoft.NET.RuntimeIdentifierInference.targets" from project "C:\Users\user\Desktop\fggrill\desktop-app\FgGrillPos\FgGrillPos.csproj" (target "_CheckForInvalidConfigurationAndPlatform" depends on it):
       Task "NETSdkWarning" skipped, due to false condition; ('$(SelfContained)' == 'true' and '$(EnableComHosting)' == 'true') was evaluated as ('false' == 'true' and '' == 'true').
   1:7>Done building target "_CheckForUnsupportedHostingUsage" in project "FgGrillPos.csproj".
   1:7>Target "_CheckAndUnsetUnsupportedPrefer32Bit" in file "C:\Program Files\dotnet\sdk\8.0.418\Sdks\Microsoft.NET.Sdk\targets\Microsoft.NET.RuntimeIdentifierInference.targets" from project "C:\Users\user\Desktop\fggrill\desktop-app\FgGrillPos\FgGrillPos.csproj" (target "_CheckForInvalidConfigurationAndPlatform" depends on it):
       Task "NETSdkWarning" skipped, due to false condition; ('$(Prefer32Bit)' == 'true') was evaluated as ('false' == 'true').
   1:7>Done building target "_CheckAndUnsetUnsupportedPrefer32Bit" in project "FgGrillPos.csproj".
       Target "_CheckForMismatchingPlatform" skipped, due to false condition; ('$(RuntimeIdentifier)' != '' and '$(PlatformTarget)' != '') was evaluated as ('' != '' and '' != '').
   1:7>Target "_CheckForLanguageAndFeatureCombinationSupport" in file "C:\Program Files\dotnet\sdk\8.0.418\Sdks\Microsoft.NET.Sdk\targets\Microsoft.NET.RuntimeIdentifierInference.targets" from project "C:\Users\user\Desktop\fggrill\desktop-app\FgGrillPos\FgGrillPos.csproj" (target "_CheckForInvalidConfigurationAndPlatform" depends on it):
       Task "NETSdkError" skipped, due to false condition; (('$(Language)' == 'C++' and '$(_EnablePackageReferencesInVCProjects)' != 'true') and $(OutputType) != 'library' and '$(TargetFrameworkIdentifier)' == '.NETCoreApp') was evaluated as (('C#' == 'C++' and '' != 'true') and WinExe != 'library' and '.NETCoreApp' == '.NETCoreApp').
       Task "NETSdkError" skipped, due to false condition; (('$(Language)' == 'C++' and '$(_EnablePackageReferencesInVCProjects)' != 'true') and $(EnableComHosting) == 'true') was evaluated as (('C#' == 'C++' and '' != 'true') and  == 'true').
       Task "NETSdkError" skipped, due to false condition; (('$(Language)' == 'C++' and '$(_EnablePackageReferencesInVCProjects)' != 'true') and $(SelfContained) == 'true') was evaluated as (('C#' == 'C++' and '' != 'true') and false == 'true').
   1:7>Done building target "_CheckForLanguageAndFeatureCombinationSupport" in project "FgGrillPos.csproj".
       Target "_CheckForNETCoreSdkIsPreview" skipped, due to false condition; ( '$(_NETCoreSdkIsPreview)' == 'true' AND '$(SuppressNETCoreSdkPreviewMessage)' != 'true' ) was evaluated as ( 'false' == 'true' AND '' != 'true' ).
   1:7>Target "_GetProjectJsonPath" in file "C:\Program Files\dotnet\sdk\8.0.418\NuGet.targets" from project "C:\Users\user\Desktop\fggrill\desktop-app\FgGrillPos\FgGrillPos.csproj" (target "_GetRestoreProjectStyle" depends on it):
       Task "GetRestoreProjectJsonPathTask" skipped, due to false condition; ( '$(RestoreProjectStyle)' == 'ProjectJson' OR '$(RestoreProjectStyle)' == '' ) was evaluated as ( 'PackageReference' == 'ProjectJson' OR 'PackageReference' == '' ).
   1:7>Done building target "_GetProjectJsonPath" in project "FgGrillPos.csproj".
       Target "_CheckForUnsupportedNETStandardVersion" skipped, due to false condition; ('$(TargetFrameworkIdentifier)' == '.NETStandard' And '$(NETStandardMaximumVersion)' != '') was evaluated as ('.NETCoreApp' == '.NETStandard' And '' != '').
       Target "_CheckForUnsupportedTargetFrameworkAndFeatureCombination" skipped, due to false condition; ('$(TargetFrameworkIdentifier)' == '.NETFramework') was evaluated as ('.NETCoreApp' == '.NETFramework').
   1:7>Target "UpdateAspNetToFrameworkReference" in file "C:\Program Files\dotnet\sdk\8.0.418\Sdks\Microsoft.NET.Sdk\targets\Microsoft.NET.Sdk.DefaultItems.Shared.targets" from project "C:\Users\user\Desktop\fggrill\desktop-app\FgGrillPos\FgGrillPos.csproj" (target "ApplyImplicitVersions" depends on it):
       Using "CheckIfPackageReferenceShouldBeFrameworkReference" task from assembly "C:\Program Files\dotnet\sdk\8.0.418\Sdks\Microsoft.NET.Sdk\targets\..\tools\net8.0\Microsoft.NET.Build.Tasks.dll".
       Task "CheckIfPackageReferenceShouldBeFrameworkReference"
       Done executing task "CheckIfPackageReferenceShouldBeFrameworkReference".
       Task "NETSdkError" skipped, due to false condition; ('$(_ShouldRemoveAspNetCoreAll)' == 'true') was evaluated as ('False' == 'true').
       Task "CheckIfPackageReferenceShouldBeFrameworkReference"
       Done executing task "CheckIfPackageReferenceShouldBeFrameworkReference".
       Task "NETSdkWarning" skipped, due to false condition; ('$(_ShouldRemoveAspNetCoreApp)' == 'true') was evaluated as ('False' == 'true').
   1:7>Done building target "UpdateAspNetToFrameworkReference" in project "FgGrillPos.csproj".
       Target "IncludeTargetingPackReference" skipped, due to false condition; ('$(TargetFrameworkMoniker)' != '' and '$(TargetFrameworkIdentifier)' == '.NETFramework' and '$(AutomaticallyUseReferenceAssemblyPackages)' == 'true') was evaluated as ('.NETCoreApp,Version=v8.0' != '' and '.NETCoreApp' == '.NETFramework' and 'true' == 'true').
   1:7>Target "CheckForImplicitPackageReferenceOverrides" in file "C:\Program Files\dotnet\sdk\8.0.418\Sdks\Microsoft.NET.Sdk\targets\Microsoft.NET.Sdk.DefaultItems.Shared.targets" from project "C:\Users\user\Desktop\fggrill\desktop-app\FgGrillPos\FgGrillPos.csproj" (target "ApplyImplicitVersions" depends on it):
       Using "CheckForImplicitPackageReferenceOverrides" task from assembly "C:\Program Files\dotnet\sdk\8.0.418\Sdks\Microsoft.NET.Sdk\targets\..\tools\net8.0\Microsoft.NET.Build.Tasks.dll".
       Task "CheckForImplicitPackageReferenceOverrides"
       Done executing task "CheckForImplicitPackageReferenceOverrides".
   1:7>Done building target "CheckForImplicitPackageReferenceOverrides" in project "FgGrillPos.csproj".
   1:7>Target "ApplyImplicitVersions" in file "C:\Program Files\dotnet\sdk\8.0.418\Sdks\Microsoft.NET.Sdk\targets\Microsoft.NET.Sdk.DefaultItems.Shared.targets" from project "C:\Users\user\Desktop\fggrill\desktop-app\FgGrillPos\FgGrillPos.csproj" (target "CollectPackageReferences" depends on it):
       Using "ApplyImplicitVersions" task from assembly "C:\Program Files\dotnet\sdk\8.0.418\Sdks\Microsoft.NET.Sdk\targets\..\tools\net8.0\Microsoft.NET.Build.Tasks.dll".
       Task "ApplyImplicitVersions"
       Done executing task "ApplyImplicitVersions".
   1:7>Done building target "ApplyImplicitVersions" in project "FgGrillPos.csproj".
       Target "CheckForImplicitPackageReferenceOverrides" skipped. Previously built successfully.
   1:7>Target "AddWindowsSdkKnownFrameworkReferences" in file "C:\Program Files\dotnet\sdk\8.0.418\Sdks\Microsoft.NET.Sdk\targets\Microsoft.NET.Sdk.FrameworkReferenceResolution.targets" from project "C:\Users\user\Desktop\fggrill\desktop-app\FgGrillPos\FgGrillPos.csproj" (target "ProcessFrameworkReferences" depends on it):
       Using "CreateWindowsSdkKnownFrameworkReferences" task from assembly "C:\Program Files\dotnet\sdk\8.0.418\Sdks\Microsoft.NET.Sdk\targets\..\tools\net8.0\Microsoft.NET.Build.Tasks.dll".
       Task "CreateWindowsSdkKnownFrameworkReferences"
       Done executing task "CreateWindowsSdkKnownFrameworkReferences".
   1:7>Done building target "AddWindowsSdkKnownFrameworkReferences" in project "FgGrillPos.csproj".
   1:7>Target "_ComputeToolPackInputsToProcessFrameworkReferences" in file "C:\Program Files\dotnet\sdk\8.0.418\Sdks\Microsoft.NET.Sdk\targets\Microsoft.NET.Publish.targets" from project "C:\Users\user\Desktop\fggrill\desktop-app\FgGrillPos\FgGrillPos.csproj" (target "ProcessFrameworkReferences" depends on it):
   1:7>Done building target "_ComputeToolPackInputsToProcessFrameworkReferences" in project "FgGrillPos.csproj".
   1:7>Target "ProcessFrameworkReferences" in file "C:\Program Files\dotnet\sdk\8.0.418\Sdks\Microsoft.NET.Sdk\targets\Microsoft.NET.Sdk.FrameworkReferenceResolution.targets" from project "C:\Users\user\Desktop\fggrill\desktop-app\FgGrillPos\FgGrillPos.csproj" (target "CollectPackageReferences" depends on it):
       Using "CheckForDuplicateFrameworkReferences" task from assembly "C:\Program Files\dotnet\sdk\8.0.418\Sdks\Microsoft.NET.Sdk\targets\..\tools\net8.0\Microsoft.NET.Build.Tasks.dll".
       Task "CheckForDuplicateFrameworkReferences"
       Done executing task "CheckForDuplicateFrameworkReferences".
       Using "ProcessFrameworkReferences" task from assembly "C:\Program Files\dotnet\sdk\8.0.418\Sdks\Microsoft.NET.Sdk\targets\..\tools\net8.0\Microsoft.NET.Build.Tasks.dll".
       Task "ProcessFrameworkReferences"
       Done executing task "ProcessFrameworkReferences".
       Using "ResolveAppHosts" task from assembly "C:\Program Files\dotnet\sdk\8.0.418\Sdks\Microsoft.NET.Sdk\targets\..\tools\net8.0\Microsoft.NET.Build.Tasks.dll".
       Task "ResolveAppHosts"
       Done executing task "ResolveAppHosts".
   1:7>Done building target "ProcessFrameworkReferences" in project "FgGrillPos.csproj".
       Target "IncludeTargetingPackReference" skipped, due to false condition; ('$(TargetFrameworkMoniker)' != '' and '$(TargetFrameworkIdentifier)' == '.NETFramework' and '$(AutomaticallyUseReferenceAssemblyPackages)' == 'true') was evaluated as ('.NETCoreApp,Version=v8.0' != '' and '.NETCoreApp' == '.NETFramework' and 'true' == 'true').
   1:7>Target "_AddMicrosoftNetCompilerToolsetFrameworkPackage" in file "C:\Program Files\dotnet\sdk\8.0.418\Sdks\Microsoft.NET.Sdk\targets\Microsoft.NET.Sdk.targets" from project "C:\Users\user\Desktop\fggrill\desktop-app\FgGrillPos\FgGrillPos.csproj" (target "CollectPackageReferences" depends on it):
       Task "NETSdkWarning" skipped, due to false condition; ('@(PackageReference->AnyHaveMetadataValue('Identity', 'Microsoft.Net.Compilers.Toolset.Framework'))' == 'true') was evaluated as ('false' == 'true').
   1:7>Done building target "_AddMicrosoftNetCompilerToolsetFrameworkPackage" in project "FgGrillPos.csproj".
   1:7>Target "_CheckForObsoleteDotNetCliToolReferences" in file "C:\Program Files\dotnet\sdk\8.0.418\Sdks\Microsoft.NET.Sdk\targets\Microsoft.NET.ObsoleteReferences.targets" from project "C:\Users\user\Desktop\fggrill\desktop-app\FgGrillPos\FgGrillPos.csproj" (target "CollectPackageReferences" depends on it):
       Task "NETSdkWarning" skipped, due to false condition; ( '%(_ReferenceToObsoleteDotNetCliTool.Identity)' != '' ) was evaluated as ( '' != '' ).
   1:7>Done building target "_CheckForObsoleteDotNetCliToolReferences" in project "FgGrillPos.csproj".
   1:7>Target "CollectPackageReferences" in file "C:\Program Files\dotnet\sdk\8.0.418\NuGet.targets" from project "C:\Users\user\Desktop\fggrill\desktop-app\FgGrillPos\FgGrillPos.csproj" (target "_GetRestoreProjectStyle" depends on it):
       Using "CheckForDuplicateNuGetItemsTask" task from assembly "C:\Program Files\dotnet\sdk\8.0.418\NuGet.Build.Tasks.dll".
       Task "CheckForDuplicateNuGetItemsTask"
       Done executing task "CheckForDuplicateNuGetItemsTask".
   1:7>Done building target "CollectPackageReferences" in project "FgGrillPos.csproj".
   1:7>Target "_GetRestoreProjectStyle" in file "C:\Program Files\dotnet\sdk\8.0.418\NuGet.targets" from project "C:\Users\user\Desktop\fggrill\desktop-app\FgGrillPos\FgGrillPos.csproj" (target "EnableIntermediateOutputPathMismatchWarning" depends on it):
       Using "GetRestoreProjectStyleTask" task from assembly "C:\Program Files\dotnet\sdk\8.0.418\NuGet.Build.Tasks.dll".
       Task "GetRestoreProjectStyleTask"
       Done executing task "GetRestoreProjectStyleTask".
   1:7>Done building target "_GetRestoreProjectStyle" in project "FgGrillPos.csproj".
   1:7>Target "EnableIntermediateOutputPathMismatchWarning" in file "C:\Program Files\dotnet\sdk\8.0.418\NuGet.targets" from project "C:\Users\user\Desktop\fggrill\desktop-app\FgGrillPos\FgGrillPos.csproj" (target "_CheckForInvalidConfigurationAndPlatform" depends on it):
   1:7>Done building target "EnableIntermediateOutputPathMismatchWarning" in project "FgGrillPos.csproj".
       Target "ApplyImplicitVersions" skipped. Previously built successfully.
       Target "CheckForImplicitPackageReferenceOverrides" skipped. Previously built successfully.
   1:7>Target "CheckForDuplicateItems" in file "C:\Program Files\dotnet\sdk\8.0.418\Sdks\Microsoft.NET.Sdk\targets\Microsoft.NET.Sdk.DefaultItems.Shared.targets" from project "C:\Users\user\Desktop\fggrill\desktop-app\FgGrillPos\FgGrillPos.csproj" (target "_CheckForInvalidConfigurationAndPlatform" depends on it):
       Using "CheckForDuplicateItems" task from assembly "C:\Program Files\dotnet\sdk\8.0.418\Sdks\Microsoft.NET.Sdk\targets\..\tools\net8.0\Microsoft.NET.Build.Tasks.dll".
       Task "CheckForDuplicateItems"
       Done executing task "CheckForDuplicateItems".
       Task "CheckForDuplicateItems"
       Done executing task "CheckForDuplicateItems".
       Task "CheckForDuplicateItems"
       Done executing task "CheckForDuplicateItems".
   1:7>Done building target "CheckForDuplicateItems" in project "FgGrillPos.csproj".
       Target "WarnForExplicitVersions" skipped, due to false condition; ('@(SdkBuildWarning)' != '') was evaluated as ('' != '').
       Target "_CheckForFailedSDKResolution" skipped, due to false condition; ('$(SdkResolverHonoredGlobalJson)' == 'false') was evaluated as ('' == 'false').
       Target "_WarnWhenUsingNET8AndVSPriorTo178" skipped, due to false condition; ($([MSBuild]::VersionLessThan($(MSBuildVersion), '17.8.0')) and '$(TargetFrameworkIdentifier)' == '.NETCoreApp' and $([MSBuild]::VersionGreaterThanOrEquals($(_TargetFrameworkVersionWithoutV), '8.0'))) was evaluated as (False and '.NETCoreApp' == '.NETCoreApp' and True).
   1:7>Target "_CheckForInvalidWindowsDesktopTargetingConfiguration" in file "C:\Program Files\dotnet\sdk\8.0.418\Sdks\Microsoft.NET.Sdk\targets\Microsoft.NET.Sdk.DefaultItems.targets" from project "C:\Users\user\Desktop\fggrill\desktop-app\FgGrillPos\FgGrillPos.csproj" (target "_CheckForInvalidConfigurationAndPlatform" depends on it):
       Task "NETSdkError" skipped, due to false condition; ('$(TargetPlatformIdentifier)' != 'Windows') was evaluated as ('Windows' != 'Windows').
   1:7>Done building target "_CheckForInvalidWindowsDesktopTargetingConfiguration" in project "FgGrillPos.csproj".
       Target "_CheckForUnnecessaryWindowsDesktopSDK" skipped, due to false condition; ('$(TargetFrameworkIdentifier)' == '.NETCoreApp' and $([MSBuild]::VersionGreaterThanOrEquals($(_TargetFrameworkVersionWithoutV), '5.0')) and '$(_MicrosoftWindowsDesktopSdkImported)' == 'true' and '$(TargetFrameworks)' == '') was evaluated as ('.NETCoreApp' == '.NETCoreApp' and True and '' == 'true' and '' == '').
       Target "ProcessFrameworkReferences" skipped. Previously built successfully.
       Target "IncludeTargetingPackReference" skipped, due to false condition; ('$(TargetFrameworkMoniker)' != '' and '$(TargetFrameworkIdentifier)' == '.NETFramework' and '$(AutomaticallyUseReferenceAssemblyPackages)' == 'true') was evaluated as ('.NETCoreApp,Version=v8.0' != '' and '.NETCoreApp' == '.NETFramework' and 'true' == 'true').
       Target "CheckForDuplicateItems" skipped. Previously built successfully.
   1:7>Target "CheckForDuplicatePageItems" in file "C:\Program Files\dotnet\sdk\8.0.418\Sdks\Microsoft.NET.Sdk.WindowsDesktop\targets\Microsoft.NET.Sdk.WindowsDesktop.targets" from project "C:\Users\user\Desktop\fggrill\desktop-app\FgGrillPos\FgGrillPos.csproj" (target "_CheckForInvalidConfigurationAndPlatform" depends on it):
       Task "CheckForDuplicateItems"
       Done executing task "CheckForDuplicateItems".
   1:7>Done building target "CheckForDuplicatePageItems" in project "FgGrillPos.csproj".
   1:7>Target "_WindowsDesktopFrameworkRequiresUseWpfOrUseWindowsForms" in file "C:\Program Files\dotnet\sdk\8.0.418\Sdks\Microsoft.NET.Sdk.WindowsDesktop\targets\Microsoft.NET.Sdk.WindowsDesktop.targets" from project "C:\Users\user\Desktop\fggrill\desktop-app\FgGrillPos\FgGrillPos.csproj" (target "_CheckForInvalidConfigurationAndPlatform" depends on it):
       Task "NetSdkWarning" skipped, due to false condition; ('$(UseWpf)' != 'true' And '$(UseWindowsForms)' != 'true') was evaluated as ('true' != 'true' And '' != 'true').
   1:7>Done building target "_WindowsDesktopFrameworkRequiresUseWpfOrUseWindowsForms" in project "FgGrillPos.csproj".
       Target "_WindowsDesktopFrameworkRequiresVersion30" skipped, due to false condition; (('$(TargetFrameworkIdentifier)' == '.NETCoreApp') And
                         ('$(_TargetFrameworkVersionValue)' != '$(_UndefinedTargetFrameworkVersion)') And ('$(_TargetFrameworkVersionValue)' < '$(_WindowsDesktopSdkTargetFrameworkVersionFloor)')) was evaluated as (('.NETCoreApp' == '.NETCoreApp') And
                         ('8.0' != '0.0') And ('8.0' < '3.0')).
   1:7>Target "_CheckForInvalidConfigurationAndPlatform" in file "C:\Program Files\dotnet\sdk\8.0.418\Microsoft.Common.CurrentVersion.targets" from project "C:\Users\user\Desktop\fggrill\desktop-app\FgGrillPos\FgGrillPos.csproj" (target "BeforeBuild" depends on it):
       Task "Error" skipped, due to false condition; ( '$(_InvalidConfigurationError)' == 'true' ) was evaluated as ( '' == 'true' ).
       Task "Warning" skipped, due to false condition; ( '$(_InvalidConfigurationWarning)' == 'true' ) was evaluated as ( '' == 'true' ).
       Task "Message"
         Configuration=Debug
       Done executing task "Message".
       Task "Message"
         Platform=AnyCPU
       Done executing task "Message".
       Task "Error" skipped, due to false condition; ('$(OutDir)' != '' and !HasTrailingSlash('$(OutDir)')) was evaluated as ('bin\Debug\net8.0-windows\' != '' and !HasTrailingSlash('bin\Debug\net8.0-windows\')).
       Task "Error" skipped, due to false condition; ('$(IntermediateOutputPath)' != '' and !HasTrailingSlash('$(IntermediateOutputPath)')) was evaluated as ('obj\Debug\net8.0-windows\' != '' and !HasTrailingSlash('obj\Debug\net8.0-windows\')).
       Task "Error" skipped, due to false condition; ('$(BaseIntermediateOutputPath)' != '' and !HasTrailingSlash('$(BaseIntermediateOutputPath)')) was evaluated as ('obj\' != '' and !HasTrailingSlash('obj\')).
       Task "MSBuildInternalMessage" skipped, due to false condition; ( '$(Prefer32Bit)' == 'true' and '$(PreferNativeArm64)' == 'true' ) was evaluated as ( 'false' == 'true' and '' == 'true' ).
       Task "MSBuildInternalMessage" skipped, due to false condition; ( '$(NoWin32Manifest)' == 'true' and '$(PreferNativeArm64)' == 'true' ) was evaluated as ( '' == 'true' and '' == 'true' ).
       Task "MSBuildInternalMessage" skipped, due to false condition; ( '$(PreferNativeArm64)' == 'true' and '$(Platform)' != 'AnyCPU' ) was evaluated as ( '' == 'true' and 'AnyCPU' != 'AnyCPU' ).
       Task "Error" skipped, due to false condition; ( '$(_InitialMSBuildProjectExtensionsPath)' != '' And '$(MSBuildProjectExtensionsPath)' != '$(_InitialMSBuildProjectExtensionsPath)' ) was evaluated as ( 'C:\Users\user\Desktop\fggrill\desktop-app\FgGrillPos\obj\' != '' And 'C:\Users\user\Desktop\fggrill\desktop-app\FgGrillPos\obj\' != 'C:\Users\user\Desktop\fggrill\desktop-app\FgGrillPos\obj\' ).
       Task "Warning" skipped, due to false condition; ( '$(EnableBaseIntermediateOutputPathMismatchWarning)' == 'true' And '$(_InitialBaseIntermediateOutputPath)' != '$(BaseIntermediateOutputPath)' And '$(BaseIntermediateOutputPath)' != '$(MSBuildProjectExtensionsPath)' ) was evaluated as ( 'true' == 'true' And 'obj\' != 'obj\' And 'obj\' != 'C:\Users\user\Desktop\fggrill\desktop-app\FgGrillPos\obj\' ).
   1:7>Done building target "_CheckForInvalidConfigurationAndPlatform" in project "FgGrillPos.csproj".
   1:7>Target "ValidateCommandLineProperties" in file "C:\Program Files\dotnet\sdk\8.0.418\Sdks\Microsoft.NET.Sdk\targets\Microsoft.NET.Sdk.targets" from project "C:\Users\user\Desktop\fggrill\desktop-app\FgGrillPos\FgGrillPos.csproj" (target "BeforeBuild" depends on it):
   1:7>Done building target "ValidateCommandLineProperties" in project "FgGrillPos.csproj".
   1:7>Target "BeforeBuild" in file "C:\Program Files\dotnet\sdk\8.0.418\Microsoft.Common.CurrentVersion.targets" from project "C:\Users\user\Desktop\fggrill\desktop-app\FgGrillPos\FgGrillPos.csproj" (target "Build" depends on it):
   1:7>Done building target "BeforeBuild" in project "FgGrillPos.csproj".
       Target "_CheckForBuildWithNoBuild" skipped, due to false condition; ('$(NoBuild)' == 'true' and '$(GeneratePackageOnBuild)' != 'true') was evaluated as ('' == 'true' and 'false' != 'true').
   1:7>Target "BuildOnlySettings" in file "C:\Program Files\dotnet\sdk\8.0.418\Microsoft.Common.CurrentVersion.targets" from project "C:\Users\user\Desktop\fggrill\desktop-app\FgGrillPos\FgGrillPos.csproj" (target "CoreBuild" depends on it):
   1:7>Done building target "BuildOnlySettings" in project "FgGrillPos.csproj".
       Target "_CheckForUnsupportedTargetFramework" skipped, due to false condition; ('$(_UnsupportedTargetFrameworkError)' == 'true') was evaluated as ('' == 'true').
   1:7>Target "GetFrameworkPaths" in file "C:\Program Files\dotnet\sdk\8.0.418\Sdks\Microsoft.NET.Sdk\targets\Microsoft.NET.DisableStandardFrameworkResolution.targets" from project "C:\Users\user\Desktop\fggrill\desktop-app\FgGrillPos\FgGrillPos.csproj" (target "PrepareForBuild" depends on it):
   1:7>Done building target "GetFrameworkPaths" in project "FgGrillPos.csproj".
       Target "_CheckForUnsupportedTargetFramework" skipped, due to false condition; ('$(_UnsupportedTargetFrameworkError)' == 'true') was evaluated as ('' == 'true').
   1:7>Target "GetReferenceAssemblyPaths" in file "C:\Program Files\dotnet\sdk\8.0.418\Sdks\Microsoft.NET.Sdk\targets\Microsoft.NET.DisableStandardFrameworkResolution.targets" from project "C:\Users\user\Desktop\fggrill\desktop-app\FgGrillPos\FgGrillPos.csproj" (target "PrepareForBuild" depends on it):
   1:7>Done building target "GetReferenceAssemblyPaths" in project "FgGrillPos.csproj".
       Target "AssignLinkMetadata" skipped, due to false condition; ( '$(SynthesizeLinkMetadata)' == 'true' ) was evaluated as ( '' == 'true' ).
       Target "_VerifyPackReleaseConfigurations" skipped, due to false condition; ('$(_IsPacking)' == 'true' and '$(DOTNET_CLI_DISABLE_PUBLISH_AND_PACK_RELEASE)' != 'true' and '$(DOTNET_CLI_LAZY_PUBLISH_AND_PACK_RELEASE_FOR_SOLUTIONS)' == 'true') was evaluated as ('' == 'true' and '' != 'true' and '' == 'true').
   1:7>Target "PrepareForBuild" in file "C:\Program Files\dotnet\sdk\8.0.418\Microsoft.Common.CurrentVersion.targets" from project "C:\Users\user\Desktop\fggrill\desktop-app\FgGrillPos\FgGrillPos.csproj" (target "CoreBuild" depends on it):
       Using "FindAppConfigFile" task from assembly "Microsoft.Build.Tasks.Core, Version=15.1.0.0, Culture=neutral, PublicKeyToken=b03f5f7f11d50a3a".
       Task "FindAppConfigFile"
       Done executing task "FindAppConfigFile".
       Using "MakeDir" task from assembly "Microsoft.Build.Tasks.Core, Version=15.1.0.0, Culture=neutral, PublicKeyToken=b03f5f7f11d50a3a".
       Task "MakeDir"
       Done executing task "MakeDir".
   1:7>Done building target "PrepareForBuild" in project "FgGrillPos.csproj".
   1:7>Target "GenerateGlobalUsings" in file "C:\Program Files\dotnet\sdk\8.0.418\Sdks\Microsoft.NET.Sdk\targets\Microsoft.NET.GenerateGlobalUsings.targets" from project "C:\Users\user\Desktop\fggrill\desktop-app\FgGrillPos\FgGrillPos.csproj" (target "CoreBuild" depends on it):
       Using "GenerateGlobalUsings" task from assembly "C:\Program Files\dotnet\sdk\8.0.418\Sdks\Microsoft.NET.Sdk\targets\..\tools\net8.0\Microsoft.NET.Build.Tasks.dll".
       Task "GenerateGlobalUsings"
       Done executing task "GenerateGlobalUsings".
       Using "WriteLinesToFile" task from assembly "Microsoft.Build.Tasks.Core, Version=15.1.0.0, Culture=neutral, PublicKeyToken=b03f5f7f11d50a3a".
       Task "WriteLinesToFile"
         Skipping write to file "obj\Debug\net8.0-windows\FgGrillPos.GlobalUsings.g.cs" because content would not change.
       Done executing task "WriteLinesToFile".
   1:7>Done building target "GenerateGlobalUsings" in project "FgGrillPos.csproj".
       Target "PreBuildEvent" skipped, due to false condition; ('$(PreBuildEvent)'!='') was evaluated as (''!='').
   1:7>Target "BeforeResolveReferences" in file "C:\Program Files\dotnet\sdk\8.0.418\Microsoft.Common.CurrentVersion.targets" from project "C:\Users\user\Desktop\fggrill\desktop-app\FgGrillPos\FgGrillPos.csproj" (target "ResolveReferences" depends on it):
   1:7>Done building target "BeforeResolveReferences" in project "FgGrillPos.csproj".
       Target "AssignProjectConfiguration" skipped, due to false condition; ('$(CurrentSolutionConfigurationContents)' != '' or '@(ProjectReference)'!='') was evaluated as ('' != '' or ''!='').
   1:7>Target "IgnoreJavaScriptOutputAssembly" in file "C:\Program Files\dotnet\sdk\8.0.418\Microsoft.Common.CurrentVersion.targets" from project "C:\Users\user\Desktop\fggrill\desktop-app\FgGrillPos\FgGrillPos.csproj" (target "AssignProjectConfiguration" depends on it):
   1:7>Done building target "IgnoreJavaScriptOutputAssembly" in project "FgGrillPos.csproj".
       Target "ProcessFrameworkReferences" skipped. Previously built successfully.
   1:7>Target "_DefaultMicrosoftNETPlatformLibrary" in file "C:\Program Files\dotnet\sdk\8.0.418\Sdks\Microsoft.NET.Sdk\targets\Microsoft.NET.Sdk.Shared.targets" from project "C:\Users\user\Desktop\fggrill\desktop-app\FgGrillPos\FgGrillPos.csproj" (target "ResolvePackageAssets" depends on it):
   1:7>Done building target "_DefaultMicrosoftNETPlatformLibrary" in project "FgGrillPos.csproj".
   1:7>Target "_ComputePackageReferencePublish" in file "C:\Program Files\dotnet\sdk\8.0.418\Sdks\Microsoft.NET.Sdk\targets\Microsoft.NET.Sdk.Shared.targets" from project "C:\Users\user\Desktop\fggrill\desktop-app\FgGrillPos\FgGrillPos.csproj" (target "ResolvePackageAssets" depends on it):
   1:7>Done building target "_ComputePackageReferencePublish" in project "FgGrillPos.csproj".
       Target "_ResolveCompilerVersion" skipped, due to false condition; ('$(CompilerApiVersion)' == '' And
                            ('$(Language)' == 'C#' Or '$(Language)' == 'VB') And
                            Exists('$(RoslynTargetsPath)\Microsoft.Build.Tasks.CodeAnalysis.dll')) was evaluated as ('roslyn4.11' == '' And
                            ('C#' == 'C#' Or 'C#' == 'VB') And
                            Exists('C:\Program Files\dotnet\sdk\8.0.418\Roslyn\Microsoft.Build.Tasks.CodeAnalysis.dll')).
   1:7>Target "ResolvePackageAssets" in file "C:\Program Files\dotnet\sdk\8.0.418\Sdks\Microsoft.NET.Sdk\targets\Microsoft.PackageDependencyResolution.targets" from project "C:\Users\user\Desktop\fggrill\desktop-app\FgGrillPos\FgGrillPos.csproj" (target "ResolveLockFileReferences" depends on it):
       Using "ResolvePackageAssets" task from assembly "C:\Program Files\dotnet\sdk\8.0.418\Sdks\Microsoft.NET.Sdk\targets\..\tools\net8.0\Microsoft.NET.Build.Tasks.dll".
       Task "ResolvePackageAssets"
       Done executing task "ResolvePackageAssets".
   1:7>Done building target "ResolvePackageAssets" in project "FgGrillPos.csproj".
       Target "AdjustDefaultPlatformTargetForNetFrameworkExeWithNoNativeCopyLocalItems" skipped, due to false condition; ('$(_UsingDefaultPlatformTarget)' == 'true' and
                            '$(_UsingDefaultRuntimeIdentifier)' == 'true') was evaluated as ('true' == 'true' and
                            '' == 'true').
       Target "_CheckForTransitiveWindowsDesktopDependencies" skipped, due to false condition; ('$(TargetFrameworkIdentifier)' == '.NETCoreApp' and $([MSBuild]::VersionGreaterThanOrEquals($(_TargetFrameworkVersionWithoutV), '5.0')) and '$(TargetPlatformIdentifier)' != 'Windows' and '@(TransitiveFrameworkReference)' != '') was evaluated as ('.NETCoreApp' == '.NETCoreApp' and True and 'Windows' != 'Windows' and '' != '').
       Target "AddTransitiveFrameworkReferences" skipped, due to false condition; ('@(TransitiveFrameworkReference)' != '') was evaluated as ('' != '').
       Target "_WarnForUnsupportedUseUwpFeatureEnabled" skipped, due to false condition; ( '$(IncludeWindowsSDKRefFrameworkReferences)' == 'true'
                             and '$(UseUwp)' == 'true') was evaluated as ( '' == 'true'
                             and '' == 'true').
   1:7>Target "ResolveLockFileReferences" in file "C:\Program Files\dotnet\sdk\8.0.418\Sdks\Microsoft.NET.Sdk\targets\Microsoft.PackageDependencyResolution.targets" from project "C:\Users\user\Desktop\fggrill\desktop-app\FgGrillPos\FgGrillPos.csproj" (target "ResolvePackageDependenciesForBuild" depends on it):
       Using "JoinItems" task from assembly "C:\Program Files\dotnet\sdk\8.0.418\Sdks\Microsoft.NET.Sdk\targets\..\tools\net8.0\Microsoft.NET.Build.Tasks.dll".
       Task "JoinItems"
       Done executing task "JoinItems".
   1:7>Done building target "ResolveLockFileReferences" in project "FgGrillPos.csproj".
       Target "ResolvePackageAssets" skipped. Previously built successfully.
   1:7>Target "ResolveLockFileAnalyzers" in file "C:\Program Files\dotnet\sdk\8.0.418\Sdks\Microsoft.NET.Sdk\targets\Microsoft.PackageDependencyResolution.targets" from project "C:\Users\user\Desktop\fggrill\desktop-app\FgGrillPos\FgGrillPos.csproj" (target "ResolvePackageDependenciesForBuild" depends on it):
   1:7>Done building target "ResolveLockFileAnalyzers" in project "FgGrillPos.csproj".
       Target "ResolvePackageAssets" skipped. Previously built successfully.
       Target "RunProduceContentAssets" skipped, due to false condition; ('@(_ContentFilesToPreprocess)' != '' and '$(_CleaningWithoutRebuilding)' != 'true') was evaluated as ('' != '' and '' != 'true').
   1:7>Target "ResolveLockFileCopyLocalFiles" in file "C:\Program Files\dotnet\sdk\8.0.418\Sdks\Microsoft.NET.Sdk\targets\Microsoft.PackageDependencyResolution.targets" from project "C:\Users\user\Desktop\fggrill\desktop-app\FgGrillPos\FgGrillPos.csproj" (target "ResolvePackageDependenciesForBuild" depends on it):
   1:7>Done building target "ResolveLockFileCopyLocalFiles" in project "FgGrillPos.csproj".
       Target "ResolveRuntimePackAssets" skipped, due to false condition; ('@(RuntimePack)' != '') was evaluated as ('' != '').
       Target "RunProduceContentAssets" skipped, due to false condition; ('@(_ContentFilesToPreprocess)' != '' and '$(_CleaningWithoutRebuilding)' != 'true') was evaluated as ('' != '' and '' != 'true').
       Target "ResolvePackageAssets" skipped. Previously built successfully.
   1:7>Target "IncludeTransitiveProjectReferences" in file "C:\Program Files\dotnet\sdk\8.0.418\Sdks\Microsoft.NET.Sdk\targets\Microsoft.PackageDependencyResolution.targets" from project "C:\Users\user\Desktop\fggrill\desktop-app\FgGrillPos\FgGrillPos.csproj" (target "ResolvePackageDependenciesForBuild" depends on it):
   1:7>Done building target "IncludeTransitiveProjectReferences" in project "FgGrillPos.csproj".
   1:7>Target "ResolvePackageDependenciesForBuild" in file "C:\Program Files\dotnet\sdk\8.0.418\Sdks\Microsoft.NET.Sdk\targets\Microsoft.PackageDependencyResolution.targets" from project "C:\Users\user\Desktop\fggrill\desktop-app\FgGrillPos\FgGrillPos.csproj" (target "AssignProjectConfiguration" depends on it):
   1:7>Done building target "ResolvePackageDependenciesForBuild" in project "FgGrillPos.csproj".
       Target "AssignProjectConfiguration" skipped, due to false condition; ('$(CurrentSolutionConfigurationContents)' != '' or '@(ProjectReference)'!='') was evaluated as ('' != '' or ''!='').
   1:7>Target "_SplitProjectReferencesByFileExistence" in file "C:\Program Files\dotnet\sdk\8.0.418\Microsoft.Common.CurrentVersion.targets" from project "C:\Users\user\Desktop\fggrill\desktop-app\FgGrillPos\FgGrillPos.csproj" (target "PrepareProjectReferences" depends on it):
       Task "ResolveNonMSBuildProjectOutput" skipped, due to false condition; ('$(BuildingInsideVisualStudio)'=='true' and '@(ProjectReferenceWithConfiguration)'!='') was evaluated as (''=='true' and ''!='').
   1:7>Done building target "_SplitProjectReferencesByFileExistence" in project "FgGrillPos.csproj".
   1:7>Target "_AddOutputPathToGlobalPropertiesToRemove" in file "C:\Program Files\dotnet\sdk\8.0.418\Microsoft.Common.CurrentVersion.targets" from project "C:\Users\user\Desktop\fggrill\desktop-app\FgGrillPos\FgGrillPos.csproj" (target "_GetProjectReferenceTargetFrameworkProperties" depends on it):
   1:7>Done building target "_AddOutputPathToGlobalPropertiesToRemove" in project "FgGrillPos.csproj".
   1:7>Target "_GetProjectReferenceTargetFrameworkProperties" in file "C:\Program Files\dotnet\sdk\8.0.418\Microsoft.Common.CurrentVersion.targets" from project "C:\Users\user\Desktop\fggrill\desktop-app\FgGrillPos\FgGrillPos.csproj" (target "PrepareProjectReferences" depends on it):
       Task "MSBuild"
       Done executing task "MSBuild".
       Task "MSBuild" skipped, due to false condition; ('%(_MSBuildProjectReferenceExistent.SkipGetTargetFrameworkProperties)' != 'true' and '$(EnableDynamicPlatformResolution)' == 'true') was evaluated as ('' != 'true' and '' == 'true').
       Task "GetReferenceNearestTargetFrameworkTask" skipped, due to false condition; ('@(_ProjectReferenceTargetFrameworkPossibilities)' != '' and '$(ReferringTargetFrameworkForProjectReferences)' != ''
                                                               And '$(GetReferenceNearestTargetFrameworkTaskSupportsTargetPlatformParameter)' == 'true' and '%(_ProjectReferenceTargetFrameworkPossibilities.IsVcxOrNativeProj)' != 'true') was evaluated as ('' != '' and '.NETCoreApp,Version=v8.0' != ''
                                                               And 'true' == 'true' and '' != 'true').
       Task "GetReferenceNearestTargetFrameworkTask" skipped, due to false condition; ('@(_ProjectReferenceTargetFrameworkPossibilities)' != '' and '$(ReferringTargetFrameworkForProjectReferences)' != ''
                                                               And '$(GetReferenceNearestTargetFrameworkTaskSupportsTargetPlatformParameter)' != 'true' and '%(_ProjectReferenceTargetFrameworkPossibilities.IsVcxOrNativeProj)' != 'true') was evaluated as ('' != '' and '.NETCoreApp,Version=v8.0' != ''
                                                               And 'true' != 'true' and '' != 'true').
       Using "SetRidAgnosticValueForProjects" task from assembly "Microsoft.Build.Tasks.Core, Version=15.1.0.0, Culture=neutral, PublicKeyToken=b03f5f7f11d50a3a".
       Task "SetRidAgnosticValueForProjects"
       Done executing task "SetRidAgnosticValueForProjects".
   1:7>Done building target "_GetProjectReferenceTargetFrameworkProperties" in project "FgGrillPos.csproj".
   1:7>Target "ValidateExecutableReferences" in file "C:\Program Files\dotnet\sdk\8.0.418\Sdks\Microsoft.NET.Sdk\targets\Microsoft.NET.Sdk.targets" from project "C:\Users\user\Desktop\fggrill\desktop-app\FgGrillPos\FgGrillPos.csproj" (target "PrepareProjectReferences" depends on it):
       Using "ValidateExecutableReferences" task from assembly "C:\Program Files\dotnet\sdk\8.0.418\Sdks\Microsoft.NET.Sdk\targets\..\tools\net8.0\Microsoft.NET.Build.Tasks.dll".
       Task "ValidateExecutableReferences"
       Done executing task "ValidateExecutableReferences".
   1:7>Done building target "ValidateExecutableReferences" in project "FgGrillPos.csproj".
       Target "_GetProjectReferencePlatformProperties" skipped, due to false condition; ('$(EnableDynamicPlatformResolution)' == 'true'
                            and '@(_MSBuildProjectReferenceExistent)' != '') was evaluated as ('' == 'true'
                            and '' != '').
   1:7>Target "PrepareProjectReferences" in file "C:\Program Files\dotnet\sdk\8.0.418\Microsoft.Common.CurrentVersion.targets" from project "C:\Users\user\Desktop\fggrill\desktop-app\FgGrillPos\FgGrillPos.csproj" (target "ResolveProjectReferences" depends on it):
   1:7>Done building target "PrepareProjectReferences" in project "FgGrillPos.csproj".
   1:7>Target "ResolveProjectReferences" in file "C:\Program Files\dotnet\sdk\8.0.418\Microsoft.Common.CurrentVersion.targets" from project "C:\Users\user\Desktop\fggrill\desktop-app\FgGrillPos\FgGrillPos.csproj" (target "ResolveReferences" depends on it):
       Task "MSBuild" skipped, due to false condition; ('%(_MSBuildProjectReferenceExistent.BuildReference)' == 'true' and '@(ProjectReferenceWithConfiguration)' != '' and ('$(BuildingInsideVisualStudio)' == 'true' or '$(BuildProjectReferences)' != 'true') and '$(VisualStudioVersion)' != '10.0' and '@(_MSBuildProjectReferenceExistent)' != '') was evaluated as ('' == 'true' and '' != '' and ('' == 'true' or 'true' != 'true') and '17.0' != '10.0' and '' != '').
       Task "MSBuild" skipped, due to false condition; ('%(_MSBuildProjectReferenceExistent.BuildReference)' == 'true' and '@(ProjectReferenceWithConfiguration)' != '' and '$(BuildingInsideVisualStudio)' != 'true' and '$(BuildProjectReferences)' == 'true' and '@(_MSBuildProjectReferenceExistent)' != '') was evaluated as ('' == 'true' and '' != '' and '' != 'true' and 'true' == 'true' and '' != '').
       Task "MSBuild" skipped, due to false condition; ('%(_MSBuildProjectReferenceExistent.BuildReference)' == 'true' and '@(ProjectReferenceWithConfiguration)' != '' and '$(BuildingProject)' == 'true' and '@(_MSBuildProjectReferenceExistent)' != '') was evaluated as ('' == 'true' and '' != '' and 'true' == 'true' and '' != '').
       Task "Warning" skipped, due to false condition; ('@(ProjectReferenceWithConfiguration)' != '' and '@(_MSBuildProjectReferenceNonexistent)' != '') was evaluated as ('' != '' and '' != '').
   1:7>Done building target "ResolveProjectReferences" in project "FgGrillPos.csproj".
   1:7>Target "RemoveManagedWinRTComponentWinMDReferences" in file "C:\Program Files\dotnet\sdk\8.0.418\Sdks\Microsoft.NET.Sdk\targets\Microsoft.NET.Windows.targets" from project "C:\Users\user\Desktop\fggrill\desktop-app\FgGrillPos\FgGrillPos.csproj" (target "ResolveReferences" depends on it):
   1:7>Done building target "RemoveManagedWinRTComponentWinMDReferences" in project "FgGrillPos.csproj".
       Target "AddWinRTComponentImplementationReference" skipped, due to false condition; ('@(ManagedWinRTComponentImplementations)' != '') was evaluated as ('' != '').
       Target "FindInvalidProjectReferences" skipped, due to false condition; ('$(FindInvalidProjectReferences)' == 'true') was evaluated as ('' == 'true').
       Target "ResolveNativeReferences" skipped, due to false condition; ('@(NativeReference)'!='') was evaluated as (''!='').
       Target "ResolveProjectReferences" skipped. Previously built successfully.
       Target "FindInvalidProjectReferences" skipped, due to false condition; ('$(FindInvalidProjectReferences)' == 'true') was evaluated as ('' == 'true').
       Target "GetFrameworkPaths" skipped. Previously built successfully.
       Target "GetReferenceAssemblyPaths" skipped. Previously built successfully.
       Target "PrepareForBuild" skipped. Previously built successfully.
       Target "GetInstalledSDKLocations" skipped, due to false condition; ('@(SDKReference)' != '') was evaluated as ('' != '').
   1:7>Target "ResolveSDKReferences" in file "C:\Program Files\dotnet\sdk\8.0.418\Microsoft.Common.CurrentVersion.targets" from project "C:\Users\user\Desktop\fggrill\desktop-app\FgGrillPos\FgGrillPos.csproj" (target "ResolveAssemblyReferences" depends on it):
       Task "ResolveSDKReference" skipped, due to false condition; ('@(SDKReference)'!='') was evaluated as (''!='').
   1:7>Done building target "ResolveSDKReferences" in project "FgGrillPos.csproj".
       Target "ResolveSDKReferences" skipped. Previously built successfully.
   1:7>Target "ExpandSDKReferences" in file "C:\Program Files\dotnet\sdk\8.0.418\Microsoft.Common.CurrentVersion.targets" from project "C:\Users\user\Desktop\fggrill\desktop-app\FgGrillPos\FgGrillPos.csproj" (target "ResolveAssemblyReferences" depends on it):
       Task "GetSDKReferenceFiles" skipped, due to false condition; ('@(ResolvedSDKReference)'!='') was evaluated as (''!='').
   1:7>Done building target "ExpandSDKReferences" in project "FgGrillPos.csproj".
       Target "ResolvePackageDependenciesForBuild" skipped. Previously built successfully.
       Target "GetFrameworkPaths" skipped. Previously built successfully.
       Target "GetReferenceAssemblyPaths" skipped. Previously built successfully.
       Target "ProcessFrameworkReferences" skipped. Previously built successfully.
       Target "ResolvePackageAssets" skipped. Previously built successfully.
   1:7>Target "ResolveFrameworkReferences" in file "C:\Program Files\dotnet\sdk\8.0.418\Sdks\Microsoft.NET.Sdk\targets\Microsoft.NET.Sdk.FrameworkReferenceResolution.targets" from project "C:\Users\user\Desktop\fggrill\desktop-app\FgGrillPos\FgGrillPos.csproj" (target "ResolveTargetingPackAssets" depends on it):
       Using "GetPackageDirectory" task from assembly "C:\Program Files\dotnet\sdk\8.0.418\Sdks\Microsoft.NET.Sdk\targets\..\tools\net8.0\Microsoft.NET.Build.Tasks.dll".
       Task "GetPackageDirectory"
       Done executing task "GetPackageDirectory".
       Task "GetPackageDirectory"
       Done executing task "GetPackageDirectory".
       Task "GetPackageDirectory"
       Done executing task "GetPackageDirectory".
       Task "GetPackageDirectory"
       Done executing task "GetPackageDirectory".
       Task "GetPackageDirectory"
       Done executing task "GetPackageDirectory".
       Task "GetPackageDirectory"
       Done executing task "GetPackageDirectory".
       Task "GetPackageDirectory"
       Done executing task "GetPackageDirectory".
       Task "GetPackageDirectory"
       Done executing task "GetPackageDirectory".
       Task "GetPackageDirectory"
       Done executing task "GetPackageDirectory".
       Task "GetPackageDirectory"
       Done executing task "GetPackageDirectory".
       Using "ResolveFrameworkReferences" task from assembly "C:\Program Files\dotnet\sdk\8.0.418\Sdks\Microsoft.NET.Sdk\targets\..\tools\net8.0\Microsoft.NET.Build.Tasks.dll".
       Task "ResolveFrameworkReferences"
       Done executing task "ResolveFrameworkReferences".
   1:7>Done building target "ResolveFrameworkReferences" in project "FgGrillPos.csproj".
   1:7>Target "ResolveTargetingPackAssets" in file "C:\Program Files\dotnet\sdk\8.0.418\Sdks\Microsoft.NET.Sdk\targets\Microsoft.NET.Sdk.FrameworkReferenceResolution.targets" from project "C:\Users\user\Desktop\fggrill\desktop-app\FgGrillPos\FgGrillPos.csproj" (target "_HandlePackageFileConflicts" depends on it):
       Using "ResolveTargetingPackAssets" task from assembly "C:\Program Files\dotnet\sdk\8.0.418\Sdks\Microsoft.NET.Sdk\targets\..\tools\net8.0\Microsoft.NET.Build.Tasks.dll".
       Task "ResolveTargetingPackAssets"
       Done executing task "ResolveTargetingPackAssets".
   1:7>Done building target "ResolveTargetingPackAssets" in project "FgGrillPos.csproj".
   1:7>Target "ResolveOffByDefaultAnalyzers" in file "C:\Program Files\dotnet\sdk\8.0.418\Sdks\Microsoft.NET.Sdk\targets\Microsoft.NET.Sdk.FrameworkReferenceResolution.targets" from project "C:\Users\user\Desktop\fggrill\desktop-app\FgGrillPos\FgGrillPos.csproj" (target "_HandlePackageFileConflicts" depends on it):
   1:7>Done building target "ResolveOffByDefaultAnalyzers" in project "FgGrillPos.csproj".
   1:7>Target "_HandlePackageFileConflicts" in file "C:\Program Files\dotnet\sdk\8.0.418\Sdks\Microsoft.NET.Sdk\targets\Microsoft.NET.ConflictResolution.targets" from project "C:\Users\user\Desktop\fggrill\desktop-app\FgGrillPos\FgGrillPos.csproj" (target "ResolveAssemblyReferences" depends on it):
       Using "ResolvePackageFileConflicts" task from assembly "C:\Program Files\dotnet\sdk\8.0.418\Sdks\Microsoft.NET.Sdk\targets\..\tools\net8.0\Microsoft.NET.Build.Tasks.dll".
       Task "ResolvePackageFileConflicts"
         Encountered conflict between 'Reference:C:\Users\user\.nuget\packages\microsoft.win32.systemevents\8.0.0\lib\net8.0\Microsoft.Win32.SystemEvents.dll' and 'Reference:C:\Program Files\dotnet\packs\Microsoft.WindowsDesktop.App.Ref\8.0.24\ref/net8.0/Microsoft.Win32.SystemEvents.dll'. Choosing 'Reference:C:\Program Files\dotnet\packs\Microsoft.WindowsDesktop.App.Ref\8.0.24\ref/net8.0/Microsoft.Win32.SystemEvents.dll' because file version '8.0.2426.7010' is greater than '8.0.23.53103'.
         Encountered conflict between 'Reference:C:\Program Files\dotnet\packs\Microsoft.NETCore.App.Ref\8.0.24\ref/net8.0/WindowsBase.dll' and 'Reference:C:\Program Files\dotnet\packs\Microsoft.WindowsDesktop.App.Ref\8.0.24\ref/net8.0/WindowsBase.dll'. Choosing 'Reference:C:\Program Files\dotnet\packs\Microsoft.WindowsDesktop.App.Ref\8.0.24\ref/net8.0/WindowsBase.dll' because AssemblyVersion '8.0.0.0' is greater than '4.0.0.0'.
         Encountered conflict between 'Platform:Microsoft.VisualBasic.dll' and 'Platform:Microsoft.VisualBasic.dll'. Choosing 'Platform:Microsoft.VisualBasic.dll' because AssemblyVersion '10.1.0.0' is greater than '10.0.0.0'.
         Encountered conflict between 'Platform:Microsoft.VisualBasic.dll' and 'Platform:Microsoft.VisualBasic.dll'. Choosing 'Platform:Microsoft.VisualBasic.dll' because AssemblyVersion '10.1.0.0' is greater than '10.0.0.0'.
         Encountered conflict between 'Platform:System.Drawing.dll' and 'Platform:System.Drawing.dll'. Choosing 'Platform:System.Drawing.dll' because AssemblyVersion '8.0.0.0' is greater than '4.0.0.0'.
         Encountered conflict between 'Platform:System.Drawing.dll' and 'Platform:System.Drawing.dll'. Choosing 'Platform:System.Drawing.dll' because AssemblyVersion '8.0.0.0' is greater than '4.0.0.0'.
         Encountered conflict between 'Platform:WindowsBase.dll' and 'Platform:WindowsBase.dll'. Choosing 'Platform:WindowsBase.dll' because AssemblyVersion '8.0.0.0' is greater than '4.0.0.0'.
         Encountered conflict between 'Platform:WindowsBase.dll' and 'Platform:WindowsBase.dll'. Choosing 'Platform:WindowsBase.dll' because AssemblyVersion '8.0.0.0' is greater than '4.0.0.0'.
         Encountered conflict between 'Platform:Microsoft.Win32.SystemEvents.dll' and 'CopyLocal:C:\Users\user\.nuget\packages\microsoft.win32.systemevents\8.0.0\lib\net8.0\Microsoft.Win32.SystemEvents.dll'. Choosing 'Platform:Microsoft.Win32.SystemEvents.dll' because it comes from a package that is preferred.
         Encountered conflict between 'Platform:System.Drawing.Common.dll' and 'CopyLocal:C:\Users\user\.nuget\packages\system.drawing.common\8.0.0\lib\net8.0\System.Drawing.Common.dll'. Choosing 'Platform:System.Drawing.Common.dll' because it comes from a package that is preferred.
         Encountered conflict between 'Platform:Microsoft.Win32.SystemEvents.dll' and 'CopyLocal:C:\Users\user\.nuget\packages\microsoft.win32.systemevents\8.0.0\runtimes\win\lib\net8.0\Microsoft.Win32.SystemEvents.dll'. Choosing 'Platform:Microsoft.Win32.SystemEvents.dll' because it comes from a package that is preferred.
         Encountered conflict between 'Platform:mscorlib.dll' and 'Platform:mscorlib.dll'. Could not determine winner due to equal file and assembly versions.
         Encountered conflict between 'Platform:System.dll' and 'Platform:System.dll'. Could not determine winner due to equal file and assembly versions.
         Encountered conflict between 'Platform:System.ComponentModel.DataAnnotations.dll' and 'Platform:System.ComponentModel.DataAnnotations.dll'. Could not determine winner due to equal file and assembly versions.
         Encountered conflict between 'Platform:System.Configuration.dll' and 'Platform:System.Configuration.dll'. Could not determine winner due to equal file and assembly versions.
         Encountered conflict between 'Platform:System.Core.dll' and 'Platform:System.Core.dll'. Could not determine winner due to equal file and assembly versions.
         Encountered conflict between 'Platform:System.Data.dll' and 'Platform:System.Data.dll'. Could not determine winner due to equal file and assembly versions.
         Encountered conflict between 'Platform:System.IO.Compression.FileSystem.dll' and 'Platform:System.IO.Compression.FileSystem.dll'. Could not determine winner due to equal file and assembly versions.
         Encountered conflict between 'Platform:System.Net.dll' and 'Platform:System.Net.dll'. Could not determine winner due to equal file and assembly versions.
         Encountered conflict between 'Platform:System.Numerics.dll' and 'Platform:System.Numerics.dll'. Could not determine winner due to equal file and assembly versions.
         Encountered conflict between 'Platform:System.Runtime.Serialization.dll' and 'Platform:System.Runtime.Serialization.dll'. Could not determine winner due to equal file and assembly versions.
         Encountered conflict between 'Platform:System.Security.dll' and 'Platform:System.Security.dll'. Could not determine winner due to equal file and assembly versions.
         Encountered conflict between 'Platform:System.ServiceProcess.dll' and 'Platform:System.ServiceProcess.dll'. Could not determine winner due to equal file and assembly versions.
         Encountered conflict between 'Platform:System.ServiceModel.Web.dll' and 'Platform:System.ServiceModel.Web.dll'. Could not determine winner due to equal file and assembly versions.
         Encountered conflict between 'Platform:System.Transactions.dll' and 'Platform:System.Transactions.dll'. Could not determine winner due to equal file and assembly versions.
         Encountered conflict between 'Platform:System.Web.dll' and 'Platform:System.Web.dll'. Could not determine winner due to equal file and assembly versions.
         Encountered conflict between 'Platform:System.Windows.dll' and 'Platform:System.Windows.dll'. Could not determine winner due to equal file and assembly versions.
         Encountered conflict between 'Platform:System.Xml.dll' and 'Platform:System.Xml.dll'. Could not determine winner due to equal file and assembly versions.
         Encountered conflict between 'Platform:System.Xml.Serialization.dll' and 'Platform:System.Xml.Serialization.dll'. Could not determine winner due to equal file and assembly versions.
         Encountered conflict between 'Platform:System.Xml.Linq.dll' and 'Platform:System.Xml.Linq.dll'. Could not determine winner due to equal file and assembly versions.
         Encountered conflict between 'Platform:netstandard.dll' and 'Platform:netstandard.dll'. Could not determine winner due to equal file and assembly versions.
         Encountered conflict between 'Platform:System.Private.CoreLib.dll' and 'Platform:System.Private.CoreLib.dll'. Could not determine winner due to equal file and assembly versions.
         Encountered conflict between 'Platform:System.Private.DataContractSerialization.dll' and 'Platform:System.Private.DataContractSerialization.dll'. Could not determine winner due to equal file and assembly versions.
         Encountered conflict between 'Platform:System.Private.Uri.dll' and 'Platform:System.Private.Uri.dll'. Could not determine winner due to equal file and assembly versions.
         Encountered conflict between 'Platform:System.Private.Xml.dll' and 'Platform:System.Private.Xml.dll'. Could not determine winner due to equal file and assembly versions.
         Encountered conflict between 'Platform:System.Private.Xml.Linq.dll' and 'Platform:System.Private.Xml.Linq.dll'. Could not determine winner due to equal file and assembly versions.
         Encountered conflict between 'Platform:mscordaccore_amd64_amd64_8.0.2426.7010.dll' and 'Platform:mscordaccore_amd64_amd64_8.0.2426.7010.dll'. Could not determine winner due to equal file and assembly versions.
       Done executing task "ResolvePackageFileConflicts".
   1:7>Done building target "_HandlePackageFileConflicts" in project "FgGrillPos.csproj".
       Target "ResolveTargetingPackAssets" skipped. Previously built successfully.
   1:7>Target "ResolveAssemblyReferences" in file "C:\Program Files\dotnet\sdk\8.0.418\Microsoft.Common.CurrentVersion.targets" from project "C:\Users\user\Desktop\fggrill\desktop-app\FgGrillPos\FgGrillPos.csproj" (target "ResolveReferences" depends on it):
       Using "ResolveAssemblyReference" task from assembly "Microsoft.Build.Tasks.Core, Version=15.1.0.0, Culture=neutral, PublicKeyToken=b03f5f7f11d50a3a".
       Task "ResolveAssemblyReference"
         TargetFrameworkMoniker:
             .NETCoreApp,Version=v8.0
         TargetFrameworkMonikerDisplayName:
             .NET 8.0
         TargetedRuntimeVersion:
             
         Assemblies:
             C:\Users\user\.nuget\packages\microsoft.web.webview2\1.0.2903.40\buildTransitive\..\\lib_manual\netcoreapp3.0\Microsoft.Web.WebView2.Core.dll
             C:\Users\user\.nuget\packages\microsoft.web.webview2\1.0.2903.40\buildTransitive\..\\lib_manual\netcoreapp3.0\Microsoft.Web.WebView2.WinForms.dll
             C:\Users\user\.nuget\packages\microsoft.web.webview2\1.0.2903.40\buildTransitive\..\\lib_manual\net5.0-windows10.0.17763.0\Microsoft.Web.WebView2.Wpf.dll
             C:\Users\user\.nuget\packages\dapper\2.1.35\lib\net7.0\Dapper.dll
                 Private = 'false'
                 HintPath = 'C:\Users\user\.nuget\packages\dapper\2.1.35\lib\net7.0\Dapper.dll'
             C:\Users\user\.nuget\packages\microsoft.data.sqlite.core\9.0.0\lib\net8.0\Microsoft.Data.Sqlite.dll
                 Private = 'false'
                 HintPath = 'C:\Users\user\.nuget\packages\microsoft.data.sqlite.core\9.0.0\lib\net8.0\Microsoft.Data.Sqlite.dll'
             C:\Users\user\.nuget\packages\newtonsoft.json\13.0.3\lib\net6.0\Newtonsoft.Json.dll
                 Private = 'false'
                 HintPath = 'C:\Users\user\.nuget\packages\newtonsoft.json\13.0.3\lib\net6.0\Newtonsoft.Json.dll'
             C:\Users\user\.nuget\packages\sqlitepclraw.bundle_e_sqlite3\2.1.10\lib\netstandard2.0\SQLitePCLRaw.batteries_v2.dll
                 Private = 'false'
                 HintPath = 'C:\Users\user\.nuget\packages\sqlitepclraw.bundle_e_sqlite3\2.1.10\lib\netstandard2.0\SQLitePCLRaw.batteries_v2.dll'
             C:\Users\user\.nuget\packages\sqlitepclraw.core\2.1.10\lib\netstandard2.0\SQLitePCLRaw.core.dll
                 Private = 'false'
                 HintPath = 'C:\Users\user\.nuget\packages\sqlitepclraw.core\2.1.10\lib\netstandard2.0\SQLitePCLRaw.core.dll'
             C:\Users\user\.nuget\packages\sqlitepclraw.provider.e_sqlite3\2.1.10\lib\net6.0-windows7.0\SQLitePCLRaw.provider.e_sqlite3.dll
                 Private = 'false'
                 HintPath = 'C:\Users\user\.nuget\packages\sqlitepclraw.provider.e_sqlite3\2.1.10\lib\net6.0-windows7.0\SQLitePCLRaw.provider.e_sqlite3.dll'
             C:\Users\user\.nuget\packages\system.drawing.common\8.0.0\lib\net8.0\System.Drawing.Common.dll
                 Private = 'false'
                 HintPath = 'C:\Users\user\.nuget\packages\system.drawing.common\8.0.0\lib\net8.0\System.Drawing.Common.dll'
             C:\Program Files\dotnet\packs\Microsoft.NETCore.App.Ref\8.0.24\ref/net8.0/Microsoft.CSharp.dll
                 Private = 'false'
             C:\Program Files\dotnet\packs\Microsoft.NETCore.App.Ref\8.0.24\ref/net8.0/Microsoft.VisualBasic.Core.dll
                 Private = 'false'
             C:\Program Files\dotnet\packs\Microsoft.NETCore.App.Ref\8.0.24\ref/net8.0/Microsoft.VisualBasic.dll
                 Private = 'false'
             C:\Program Files\dotnet\packs\Microsoft.NETCore.App.Ref\8.0.24\ref/net8.0/Microsoft.Win32.Primitives.dll
                 Private = 'false'
             C:\Program Files\dotnet\packs\Microsoft.NETCore.App.Ref\8.0.24\ref/net8.0/Microsoft.Win32.Registry.dll
                 Private = 'false'
             C:\Program Files\dotnet\packs\Microsoft.NETCore.App.Ref\8.0.24\ref/net8.0/System.AppContext.dll
                 Private = 'false'
             C:\Program Files\dotnet\packs\Microsoft.NETCore.App.Ref\8.0.24\ref/net8.0/System.Buffers.dll
                 Private = 'false'
             C:\Program Files\dotnet\packs\Microsoft.NETCore.App.Ref\8.0.24\ref/net8.0/System.Collections.Concurrent.dll
                 Private = 'false'
             C:\Program Files\dotnet\packs\Microsoft.NETCore.App.Ref\8.0.24\ref/net8.0/System.Collections.Immutable.dll
                 Private = 'false'
             C:\Program Files\dotnet\packs\Microsoft.NETCore.App.Ref\8.0.24\ref/net8.0/System.Collections.NonGeneric.dll
                 Private = 'false'
             C:\Program Files\dotnet\packs\Microsoft.NETCore.App.Ref\8.0.24\ref/net8.0/System.Collections.Specialized.dll
                 Private = 'false'
             C:\Program Files\dotnet\packs\Microsoft.NETCore.App.Ref\8.0.24\ref/net8.0/System.Collections.dll
                 Private = 'false'
             C:\Program Files\dotnet\packs\Microsoft.NETCore.App.Ref\8.0.24\ref/net8.0/System.ComponentModel.Annotations.dll
                 Private = 'false'
             C:\Program Files\dotnet\packs\Microsoft.NETCore.App.Ref\8.0.24\ref/net8.0/System.ComponentModel.DataAnnotations.dll
                 Private = 'false'
             C:\Program Files\dotnet\packs\Microsoft.NETCore.App.Ref\8.0.24\ref/net8.0/System.ComponentModel.EventBasedAsync.dll
                 Private = 'false'
             C:\Program Files\dotnet\packs\Microsoft.NETCore.App.Ref\8.0.24\ref/net8.0/System.ComponentModel.Primitives.dll
                 Private = 'false'
             C:\Program Files\dotnet\packs\Microsoft.NETCore.App.Ref\8.0.24\ref/net8.0/System.ComponentModel.TypeConverter.dll
                 Private = 'false'
             C:\Program Files\dotnet\packs\Microsoft.NETCore.App.Ref\8.0.24\ref/net8.0/System.ComponentModel.dll
                 Private = 'false'
             C:\Program Files\dotnet\packs\Microsoft.NETCore.App.Ref\8.0.24\ref/net8.0/System.Configuration.dll
                 Private = 'false'
             C:\Program Files\dotnet\packs\Microsoft.NETCore.App.Ref\8.0.24\ref/net8.0/System.Console.dll
                 Private = 'false'
             C:\Program Files\dotnet\packs\Microsoft.NETCore.App.Ref\8.0.24\ref/net8.0/System.Core.dll
                 Private = 'false'
             C:\Program Files\dotnet\packs\Microsoft.NETCore.App.Ref\8.0.24\ref/net8.0/System.Data.Common.dll
                 Private = 'false'
             C:\Program Files\dotnet\packs\Microsoft.NETCore.App.Ref\8.0.24\ref/net8.0/System.Data.DataSetExtensions.dll
                 Private = 'false'
             C:\Program Files\dotnet\packs\Microsoft.NETCore.App.Ref\8.0.24\ref/net8.0/System.Data.dll
                 Private = 'false'
             C:\Program Files\dotnet\packs\Microsoft.NETCore.App.Ref\8.0.24\ref/net8.0/System.Diagnostics.Contracts.dll
                 Private = 'false'
             C:\Program Files\dotnet\packs\Microsoft.NETCore.App.Ref\8.0.24\ref/net8.0/System.Diagnostics.Debug.dll
                 Private = 'false'
             C:\Program Files\dotnet\packs\Microsoft.NETCore.App.Ref\8.0.24\ref/net8.0/System.Diagnostics.DiagnosticSource.dll
                 Private = 'false'
             C:\Program Files\dotnet\packs\Microsoft.NETCore.App.Ref\8.0.24\ref/net8.0/System.Diagnostics.FileVersionInfo.dll
                 Private = 'false'
             C:\Program Files\dotnet\packs\Microsoft.NETCore.App.Ref\8.0.24\ref/net8.0/System.Diagnostics.Process.dll
                 Private = 'false'
             C:\Program Files\dotnet\packs\Microsoft.NETCore.App.Ref\8.0.24\ref/net8.0/System.Diagnostics.StackTrace.dll
                 Private = 'false'
             C:\Program Files\dotnet\packs\Microsoft.NETCore.App.Ref\8.0.24\ref/net8.0/System.Diagnostics.TextWriterTraceListener.dll
                 Private = 'false'
             C:\Program Files\dotnet\packs\Microsoft.NETCore.App.Ref\8.0.24\ref/net8.0/System.Diagnostics.Tools.dll
                 Private = 'false'
             C:\Program Files\dotnet\packs\Microsoft.NETCore.App.Ref\8.0.24\ref/net8.0/System.Diagnostics.TraceSource.dll
                 Private = 'false'
             C:\Program Files\dotnet\packs\Microsoft.NETCore.App.Ref\8.0.24\ref/net8.0/System.Diagnostics.Tracing.dll
                 Private = 'false'
             C:\Program Files\dotnet\packs\Microsoft.NETCore.App.Ref\8.0.24\ref/net8.0/System.Drawing.Primitives.dll
                 Private = 'false'
             C:\Program Files\dotnet\packs\Microsoft.NETCore.App.Ref\8.0.24\ref/net8.0/System.Drawing.dll
                 Private = 'false'
             C:\Program Files\dotnet\packs\Microsoft.NETCore.App.Ref\8.0.24\ref/net8.0/System.Dynamic.Runtime.dll
                 Private = 'false'
             C:\Program Files\dotnet\packs\Microsoft.NETCore.App.Ref\8.0.24\ref/net8.0/System.Formats.Asn1.dll
                 Private = 'false'
             C:\Program Files\dotnet\packs\Microsoft.NETCore.App.Ref\8.0.24\ref/net8.0/System.Formats.Tar.dll
                 Private = 'false'
             C:\Program Files\dotnet\packs\Microsoft.NETCore.App.Ref\8.0.24\ref/net8.0/System.Globalization.Calendars.dll
                 Private = 'false'
             C:\Program Files\dotnet\packs\Microsoft.NETCore.App.Ref\8.0.24\ref/net8.0/System.Globalization.Extensions.dll
                 Private = 'false'
             C:\Program Files\dotnet\packs\Microsoft.NETCore.App.Ref\8.0.24\ref/net8.0/System.Globalization.dll
                 Private = 'false'
             C:\Program Files\dotnet\packs\Microsoft.NETCore.App.Ref\8.0.24\ref/net8.0/System.IO.Compression.Brotli.dll
                 Private = 'false'
             C:\Program Files\dotnet\packs\Microsoft.NETCore.App.Ref\8.0.24\ref/net8.0/System.IO.Compression.FileSystem.dll
                 Private = 'false'
             C:\Program Files\dotnet\packs\Microsoft.NETCore.App.Ref\8.0.24\ref/net8.0/System.IO.Compression.ZipFile.dll
                 Private = 'false'
             C:\Program Files\dotnet\packs\Microsoft.NETCore.App.Ref\8.0.24\ref/net8.0/System.IO.Compression.dll
                 Private = 'false'
             C:\Program Files\dotnet\packs\Microsoft.NETCore.App.Ref\8.0.24\ref/net8.0/System.IO.FileSystem.AccessControl.dll
                 Private = 'false'
             C:\Program Files\dotnet\packs\Microsoft.NETCore.App.Ref\8.0.24\ref/net8.0/System.IO.FileSystem.DriveInfo.dll
                 Private = 'false'
             C:\Program Files\dotnet\packs\Microsoft.NETCore.App.Ref\8.0.24\ref/net8.0/System.IO.FileSystem.Primitives.dll
                 Private = 'false'
             C:\Program Files\dotnet\packs\Microsoft.NETCore.App.Ref\8.0.24\ref/net8.0/System.IO.FileSystem.Watcher.dll
                 Private = 'false'
             C:\Program Files\dotnet\packs\Microsoft.NETCore.App.Ref\8.0.24\ref/net8.0/System.IO.FileSystem.dll
                 Private = 'false'
             C:\Program Files\dotnet\packs\Microsoft.NETCore.App.Ref\8.0.24\ref/net8.0/System.IO.IsolatedStorage.dll
                 Private = 'false'
             C:\Program Files\dotnet\packs\Microsoft.NETCore.App.Ref\8.0.24\ref/net8.0/System.IO.MemoryMappedFiles.dll
                 Private = 'false'
             C:\Program Files\dotnet\packs\Microsoft.NETCore.App.Ref\8.0.24\ref/net8.0/System.IO.Pipes.AccessControl.dll
                 Private = 'false'
             C:\Program Files\dotnet\packs\Microsoft.NETCore.App.Ref\8.0.24\ref/net8.0/System.IO.Pipes.dll
                 Private = 'false'
             C:\Program Files\dotnet\packs\Microsoft.NETCore.App.Ref\8.0.24\ref/net8.0/System.IO.UnmanagedMemoryStream.dll
                 Private = 'false'
             C:\Program Files\dotnet\packs\Microsoft.NETCore.App.Ref\8.0.24\ref/net8.0/System.IO.dll
                 Private = 'false'
             C:\Program Files\dotnet\packs\Microsoft.NETCore.App.Ref\8.0.24\ref/net8.0/System.Linq.Expressions.dll
                 Private = 'false'
             C:\Program Files\dotnet\packs\Microsoft.NETCore.App.Ref\8.0.24\ref/net8.0/System.Linq.Parallel.dll
                 Private = 'false'
             C:\Program Files\dotnet\packs\Microsoft.NETCore.App.Ref\8.0.24\ref/net8.0/System.Linq.Queryable.dll
                 Private = 'false'
             C:\Program Files\dotnet\packs\Microsoft.NETCore.App.Ref\8.0.24\ref/net8.0/System.Linq.dll
                 Private = 'false'
             C:\Program Files\dotnet\packs\Microsoft.NETCore.App.Ref\8.0.24\ref/net8.0/System.Memory.dll
                 Private = 'false'
             C:\Program Files\dotnet\packs\Microsoft.NETCore.App.Ref\8.0.24\ref/net8.0/System.Net.Http.Json.dll
                 Private = 'false'
             C:\Program Files\dotnet\packs\Microsoft.NETCore.App.Ref\8.0.24\ref/net8.0/System.Net.Http.dll
                 Private = 'false'
             C:\Program Files\dotnet\packs\Microsoft.NETCore.App.Ref\8.0.24\ref/net8.0/System.Net.HttpListener.dll
                 Private = 'false'
             C:\Program Files\dotnet\packs\Microsoft.NETCore.App.Ref\8.0.24\ref/net8.0/System.Net.Mail.dll
                 Private = 'false'
             C:\Program Files\dotnet\packs\Microsoft.NETCore.App.Ref\8.0.24\ref/net8.0/System.Net.NameResolution.dll
                 Private = 'false'
             C:\Program Files\dotnet\packs\Microsoft.NETCore.App.Ref\8.0.24\ref/net8.0/System.Net.NetworkInformation.dll
                 Private = 'false'
             C:\Program Files\dotnet\packs\Microsoft.NETCore.App.Ref\8.0.24\ref/net8.0/System.Net.Ping.dll
                 Private = 'false'
             C:\Program Files\dotnet\packs\Microsoft.NETCore.App.Ref\8.0.24\ref/net8.0/System.Net.Primitives.dll
                 Private = 'false'
             C:\Program Files\dotnet\packs\Microsoft.NETCore.App.Ref\8.0.24\ref/net8.0/System.Net.Quic.dll
                 Private = 'false'
             C:\Program Files\dotnet\packs\Microsoft.NETCore.App.Ref\8.0.24\ref/net8.0/System.Net.Requests.dll
                 Private = 'false'
             C:\Program Files\dotnet\packs\Microsoft.NETCore.App.Ref\8.0.24\ref/net8.0/System.Net.Security.dll
                 Private = 'false'
             C:\Program Files\dotnet\packs\Microsoft.NETCore.App.Ref\8.0.24\ref/net8.0/System.Net.ServicePoint.dll
                 Private = 'false'
             C:\Program Files\dotnet\packs\Microsoft.NETCore.App.Ref\8.0.24\ref/net8.0/System.Net.Sockets.dll
                 Private = 'false'
             C:\Program Files\dotnet\packs\Microsoft.NETCore.App.Ref\8.0.24\ref/net8.0/System.Net.WebClient.dll
                 Private = 'false'
             C:\Program Files\dotnet\packs\Microsoft.NETCore.App.Ref\8.0.24\ref/net8.0/System.Net.WebHeaderCollection.dll
                 Private = 'false'
             C:\Program Files\dotnet\packs\Microsoft.NETCore.App.Ref\8.0.24\ref/net8.0/System.Net.WebProxy.dll
                 Private = 'false'
             C:\Program Files\dotnet\packs\Microsoft.NETCore.App.Ref\8.0.24\ref/net8.0/System.Net.WebSockets.Client.dll
                 Private = 'false'
             C:\Program Files\dotnet\packs\Microsoft.NETCore.App.Ref\8.0.24\ref/net8.0/System.Net.WebSockets.dll
                 Private = 'false'
             C:\Program Files\dotnet\packs\Microsoft.NETCore.App.Ref\8.0.24\ref/net8.0/System.Net.dll
                 Private = 'false'
             C:\Program Files\dotnet\packs\Microsoft.NETCore.App.Ref\8.0.24\ref/net8.0/System.Numerics.Vectors.dll
                 Private = 'false'
             C:\Program Files\dotnet\packs\Microsoft.NETCore.App.Ref\8.0.24\ref/net8.0/System.Numerics.dll
                 Private = 'false'
             C:\Program Files\dotnet\packs\Microsoft.NETCore.App.Ref\8.0.24\ref/net8.0/System.ObjectModel.dll
                 Private = 'false'
             C:\Program Files\dotnet\packs\Microsoft.NETCore.App.Ref\8.0.24\ref/net8.0/System.Reflection.DispatchProxy.dll
                 Private = 'false'
             C:\Program Files\dotnet\packs\Microsoft.NETCore.App.Ref\8.0.24\ref/net8.0/System.Reflection.Emit.ILGeneration.dll
                 Private = 'false'
             C:\Program Files\dotnet\packs\Microsoft.NETCore.App.Ref\8.0.24\ref/net8.0/System.Reflection.Emit.Lightweight.dll
                 Private = 'false'
             C:\Program Files\dotnet\packs\Microsoft.NETCore.App.Ref\8.0.24\ref/net8.0/System.Reflection.Emit.dll
                 Private = 'false'
             C:\Program Files\dotnet\packs\Microsoft.NETCore.App.Ref\8.0.24\ref/net8.0/System.Reflection.Extensions.dll
                 Private = 'false'
             C:\Program Files\dotnet\packs\Microsoft.NETCore.App.Ref\8.0.24\ref/net8.0/System.Reflection.Metadata.dll
                 Private = 'false'
             C:\Program Files\dotnet\packs\Microsoft.NETCore.App.Ref\8.0.24\ref/net8.0/System.Reflection.Primitives.dll
                 Private = 'false'
             C:\Program Files\dotnet\packs\Microsoft.NETCore.App.Ref\8.0.24\ref/net8.0/System.Reflection.TypeExtensions.dll
                 Private = 'false'
             C:\Program Files\dotnet\packs\Microsoft.NETCore.App.Ref\8.0.24\ref/net8.0/System.Reflection.dll
                 Private = 'false'
             C:\Program Files\dotnet\packs\Microsoft.NETCore.App.Ref\8.0.24\ref/net8.0/System.Resources.Reader.dll
                 Private = 'false'
             C:\Program Files\dotnet\packs\Microsoft.NETCore.App.Ref\8.0.24\ref/net8.0/System.Resources.ResourceManager.dll
                 Private = 'false'
             C:\Program Files\dotnet\packs\Microsoft.NETCore.App.Ref\8.0.24\ref/net8.0/System.Resources.Writer.dll
                 Private = 'false'
             C:\Program Files\dotnet\packs\Microsoft.NETCore.App.Ref\8.0.24\ref/net8.0/System.Runtime.CompilerServices.Unsafe.dll
                 Private = 'false'
             C:\Program Files\dotnet\packs\Microsoft.NETCore.App.Ref\8.0.24\ref/net8.0/System.Runtime.CompilerServices.VisualC.dll
                 Private = 'false'
             C:\Program Files\dotnet\packs\Microsoft.NETCore.App.Ref\8.0.24\ref/net8.0/System.Runtime.Extensions.dll
                 Private = 'false'
             C:\Program Files\dotnet\packs\Microsoft.NETCore.App.Ref\8.0.24\ref/net8.0/System.Runtime.Handles.dll
                 Private = 'false'
             C:\Program Files\dotnet\packs\Microsoft.NETCore.App.Ref\8.0.24\ref/net8.0/System.Runtime.InteropServices.JavaScript.dll
                 Private = 'false'
             C:\Program Files\dotnet\packs\Microsoft.NETCore.App.Ref\8.0.24\ref/net8.0/System.Runtime.InteropServices.RuntimeInformation.dll
                 Private = 'false'
             C:\Program Files\dotnet\packs\Microsoft.NETCore.App.Ref\8.0.24\ref/net8.0/System.Runtime.InteropServices.dll
                 Private = 'false'
             C:\Program Files\dotnet\packs\Microsoft.NETCore.App.Ref\8.0.24\ref/net8.0/System.Runtime.Intrinsics.dll
                 Private = 'false'
             C:\Program Files\dotnet\packs\Microsoft.NETCore.App.Ref\8.0.24\ref/net8.0/System.Runtime.Loader.dll
                 Private = 'false'
             C:\Program Files\dotnet\packs\Microsoft.NETCore.App.Ref\8.0.24\ref/net8.0/System.Runtime.Numerics.dll
                 Private = 'false'
             C:\Program Files\dotnet\packs\Microsoft.NETCore.App.Ref\8.0.24\ref/net8.0/System.Runtime.Serialization.Formatters.dll
                 Private = 'false'
             C:\Program Files\dotnet\packs\Microsoft.NETCore.App.Ref\8.0.24\ref/net8.0/System.Runtime.Serialization.Json.dll
                 Private = 'false'
             C:\Program Files\dotnet\packs\Microsoft.NETCore.App.Ref\8.0.24\ref/net8.0/System.Runtime.Serialization.Primitives.dll
                 Private = 'false'
             C:\Program Files\dotnet\packs\Microsoft.NETCore.App.Ref\8.0.24\ref/net8.0/System.Runtime.Serialization.Xml.dll
                 Private = 'false'
             C:\Program Files\dotnet\packs\Microsoft.NETCore.App.Ref\8.0.24\ref/net8.0/System.Runtime.Serialization.dll
                 Private = 'false'
             C:\Program Files\dotnet\packs\Microsoft.NETCore.App.Ref\8.0.24\ref/net8.0/System.Runtime.dll
                 Private = 'false'
             C:\Program Files\dotnet\packs\Microsoft.NETCore.App.Ref\8.0.24\ref/net8.0/System.Security.AccessControl.dll
                 Private = 'false'
             C:\Program Files\dotnet\packs\Microsoft.NETCore.App.Ref\8.0.24\ref/net8.0/System.Security.Claims.dll
                 Private = 'false'
             C:\Program Files\dotnet\packs\Microsoft.NETCore.App.Ref\8.0.24\ref/net8.0/System.Security.Cryptography.Algorithms.dll
                 Private = 'false'
             C:\Program Files\dotnet\packs\Microsoft.NETCore.App.Ref\8.0.24\ref/net8.0/System.Security.Cryptography.Cng.dll
                 Private = 'false'
             C:\Program Files\dotnet\packs\Microsoft.NETCore.App.Ref\8.0.24\ref/net8.0/System.Security.Cryptography.Csp.dll
                 Private = 'false'
             C:\Program Files\dotnet\packs\Microsoft.NETCore.App.Ref\8.0.24\ref/net8.0/System.Security.Cryptography.Encoding.dll
                 Private = 'false'
             C:\Program Files\dotnet\packs\Microsoft.NETCore.App.Ref\8.0.24\ref/net8.0/System.Security.Cryptography.OpenSsl.dll
                 Private = 'false'
             C:\Program Files\dotnet\packs\Microsoft.NETCore.App.Ref\8.0.24\ref/net8.0/System.Security.Cryptography.Primitives.dll
                 Private = 'false'
             C:\Program Files\dotnet\packs\Microsoft.NETCore.App.Ref\8.0.24\ref/net8.0/System.Security.Cryptography.X509Certificates.dll
                 Private = 'false'
             C:\Program Files\dotnet\packs\Microsoft.NETCore.App.Ref\8.0.24\ref/net8.0/System.Security.Cryptography.dll
                 Private = 'false'
             C:\Program Files\dotnet\packs\Microsoft.NETCore.App.Ref\8.0.24\ref/net8.0/System.Security.Principal.Windows.dll
                 Private = 'false'
             C:\Program Files\dotnet\packs\Microsoft.NETCore.App.Ref\8.0.24\ref/net8.0/System.Security.Principal.dll
                 Private = 'false'
             C:\Program Files\dotnet\packs\Microsoft.NETCore.App.Ref\8.0.24\ref/net8.0/System.Security.SecureString.dll
                 Private = 'false'
             C:\Program Files\dotnet\packs\Microsoft.NETCore.App.Ref\8.0.24\ref/net8.0/System.Security.dll
                 Private = 'false'
             C:\Program Files\dotnet\packs\Microsoft.NETCore.App.Ref\8.0.24\ref/net8.0/System.ServiceModel.Web.dll
                 Private = 'false'
             C:\Program Files\dotnet\packs\Microsoft.NETCore.App.Ref\8.0.24\ref/net8.0/System.ServiceProcess.dll
                 Private = 'false'
             C:\Program Files\dotnet\packs\Microsoft.NETCore.App.Ref\8.0.24\ref/net8.0/System.Text.Encoding.CodePages.dll
                 Private = 'false'
             C:\Program Files\dotnet\packs\Microsoft.NETCore.App.Ref\8.0.24\ref/net8.0/System.Text.Encoding.Extensions.dll
                 Private = 'false'
             C:\Program Files\dotnet\packs\Microsoft.NETCore.App.Ref\8.0.24\ref/net8.0/System.Text.Encoding.dll
                 Private = 'false'
             C:\Program Files\dotnet\packs\Microsoft.NETCore.App.Ref\8.0.24\ref/net8.0/System.Text.Encodings.Web.dll
                 Private = 'false'
             C:\Program Files\dotnet\packs\Microsoft.NETCore.App.Ref\8.0.24\ref/net8.0/System.Text.Json.dll
                 Private = 'false'
             C:\Program Files\dotnet\packs\Microsoft.NETCore.App.Ref\8.0.24\ref/net8.0/System.Text.RegularExpressions.dll
                 Private = 'false'
             C:\Program Files\dotnet\packs\Microsoft.NETCore.App.Ref\8.0.24\ref/net8.0/System.Threading.Channels.dll
                 Private = 'false'
             C:\Program Files\dotnet\packs\Microsoft.NETCore.App.Ref\8.0.24\ref/net8.0/System.Threading.Overlapped.dll
                 Private = 'false'
             C:\Program Files\dotnet\packs\Microsoft.NETCore.App.Ref\8.0.24\ref/net8.0/System.Threading.Tasks.Dataflow.dll
                 Private = 'false'
             C:\Program Files\dotnet\packs\Microsoft.NETCore.App.Ref\8.0.24\ref/net8.0/System.Threading.Tasks.Extensions.dll
                 Private = 'false'
             C:\Program Files\dotnet\packs\Microsoft.NETCore.App.Ref\8.0.24\ref/net8.0/System.Threading.Tasks.Parallel.dll
                 Private = 'false'
             C:\Program Files\dotnet\packs\Microsoft.NETCore.App.Ref\8.0.24\ref/net8.0/System.Threading.Tasks.dll
                 Private = 'false'
             C:\Program Files\dotnet\packs\Microsoft.NETCore.App.Ref\8.0.24\ref/net8.0/System.Threading.Thread.dll
                 Private = 'false'
             C:\Program Files\dotnet\packs\Microsoft.NETCore.App.Ref\8.0.24\ref/net8.0/System.Threading.ThreadPool.dll
                 Private = 'false'
             C:\Program Files\dotnet\packs\Microsoft.NETCore.App.Ref\8.0.24\ref/net8.0/System.Threading.Timer.dll
                 Private = 'false'
             C:\Program Files\dotnet\packs\Microsoft.NETCore.App.Ref\8.0.24\ref/net8.0/System.Threading.dll
                 Private = 'false'
             C:\Program Files\dotnet\packs\Microsoft.NETCore.App.Ref\8.0.24\ref/net8.0/System.Transactions.Local.dll
                 Private = 'false'
             C:\Program Files\dotnet\packs\Microsoft.NETCore.App.Ref\8.0.24\ref/net8.0/System.Transactions.dll
                 Private = 'false'
             C:\Program Files\dotnet\packs\Microsoft.NETCore.App.Ref\8.0.24\ref/net8.0/System.ValueTuple.dll
                 Private = 'false'
             C:\Program Files\dotnet\packs\Microsoft.NETCore.App.Ref\8.0.24\ref/net8.0/System.Web.HttpUtility.dll
                 Private = 'false'
             C:\Program Files\dotnet\packs\Microsoft.NETCore.App.Ref\8.0.24\ref/net8.0/System.Web.dll
                 Private = 'false'
             C:\Program Files\dotnet\packs\Microsoft.NETCore.App.Ref\8.0.24\ref/net8.0/System.Windows.dll
                 Private = 'false'
             C:\Program Files\dotnet\packs\Microsoft.NETCore.App.Ref\8.0.24\ref/net8.0/System.Xml.Linq.dll
                 Private = 'false'
             C:\Program Files\dotnet\packs\Microsoft.NETCore.App.Ref\8.0.24\ref/net8.0/System.Xml.ReaderWriter.dll
                 Private = 'false'
             C:\Program Files\dotnet\packs\Microsoft.NETCore.App.Ref\8.0.24\ref/net8.0/System.Xml.Serialization.dll
                 Private = 'false'
             C:\Program Files\dotnet\packs\Microsoft.NETCore.App.Ref\8.0.24\ref/net8.0/System.Xml.XDocument.dll
                 Private = 'false'
             C:\Program Files\dotnet\packs\Microsoft.NETCore.App.Ref\8.0.24\ref/net8.0/System.Xml.XPath.XDocument.dll
                 Private = 'false'
             C:\Program Files\dotnet\packs\Microsoft.NETCore.App.Ref\8.0.24\ref/net8.0/System.Xml.XPath.dll
                 Private = 'false'
             C:\Program Files\dotnet\packs\Microsoft.NETCore.App.Ref\8.0.24\ref/net8.0/System.Xml.XmlDocument.dll
                 Private = 'false'
             C:\Program Files\dotnet\packs\Microsoft.NETCore.App.Ref\8.0.24\ref/net8.0/System.Xml.XmlSerializer.dll
                 Private = 'false'
             C:\Program Files\dotnet\packs\Microsoft.NETCore.App.Ref\8.0.24\ref/net8.0/System.Xml.dll
                 Private = 'false'
             C:\Program Files\dotnet\packs\Microsoft.NETCore.App.Ref\8.0.24\ref/net8.0/System.dll
                 Private = 'false'
             C:\Program Files\dotnet\packs\Microsoft.NETCore.App.Ref\8.0.24\ref/net8.0/mscorlib.dll
                 Private = 'false'
             C:\Program Files\dotnet\packs\Microsoft.NETCore.App.Ref\8.0.24\ref/net8.0/netstandard.dll
                 Private = 'false'
             C:\Program Files\dotnet\packs\Microsoft.WindowsDesktop.App.Ref\8.0.24\ref/net8.0/Accessibility.dll
                 Private = 'false'
             C:\Program Files\dotnet\packs\Microsoft.WindowsDesktop.App.Ref\8.0.24\ref/net8.0/Microsoft.Win32.Registry.AccessControl.dll
                 Private = 'false'
             C:\Program Files\dotnet\packs\Microsoft.WindowsDesktop.App.Ref\8.0.24\ref/net8.0/Microsoft.Win32.SystemEvents.dll
                 Private = 'false'
             C:\Program Files\dotnet\packs\Microsoft.WindowsDesktop.App.Ref\8.0.24\ref/net8.0/PresentationCore.dll
                 Private = 'false'
             C:\Program Files\dotnet\packs\Microsoft.WindowsDesktop.App.Ref\8.0.24\ref/net8.0/PresentationFramework.Aero.dll
                 Private = 'false'
             C:\Program Files\dotnet\packs\Microsoft.WindowsDesktop.App.Ref\8.0.24\ref/net8.0/PresentationFramework.Aero2.dll
                 Private = 'false'
             C:\Program Files\dotnet\packs\Microsoft.WindowsDesktop.App.Ref\8.0.24\ref/net8.0/PresentationFramework.AeroLite.dll
                 Private = 'false'
             C:\Program Files\dotnet\packs\Microsoft.WindowsDesktop.App.Ref\8.0.24\ref/net8.0/PresentationFramework.Classic.dll
                 Private = 'false'
             C:\Program Files\dotnet\packs\Microsoft.WindowsDesktop.App.Ref\8.0.24\ref/net8.0/PresentationFramework.Luna.dll
                 Private = 'false'
             C:\Program Files\dotnet\packs\Microsoft.WindowsDesktop.App.Ref\8.0.24\ref/net8.0/PresentationFramework.Royale.dll
                 Private = 'false'
             C:\Program Files\dotnet\packs\Microsoft.WindowsDesktop.App.Ref\8.0.24\ref/net8.0/PresentationFramework.dll
                 Private = 'false'
             C:\Program Files\dotnet\packs\Microsoft.WindowsDesktop.App.Ref\8.0.24\ref/net8.0/PresentationUI.dll
                 Private = 'false'
             C:\Program Files\dotnet\packs\Microsoft.WindowsDesktop.App.Ref\8.0.24\ref/net8.0/ReachFramework.dll
                 Private = 'false'
             C:\Program Files\dotnet\packs\Microsoft.WindowsDesktop.App.Ref\8.0.24\ref/net8.0/System.CodeDom.dll
                 Private = 'false'
             C:\Program Files\dotnet\packs\Microsoft.WindowsDesktop.App.Ref\8.0.24\ref/net8.0/System.Configuration.ConfigurationManager.dll
                 Private = 'false'
             C:\Program Files\dotnet\packs\Microsoft.WindowsDesktop.App.Ref\8.0.24\ref/net8.0/System.Diagnostics.EventLog.dll
                 Private = 'false'
             C:\Program Files\dotnet\packs\Microsoft.WindowsDesktop.App.Ref\8.0.24\ref/net8.0/System.Diagnostics.PerformanceCounter.dll
                 Private = 'false'
             C:\Program Files\dotnet\packs\Microsoft.WindowsDesktop.App.Ref\8.0.24\ref/net8.0/System.DirectoryServices.dll
                 Private = 'false'
             C:\Program Files\dotnet\packs\Microsoft.WindowsDesktop.App.Ref\8.0.24\ref/net8.0/System.IO.Packaging.dll
                 Private = 'false'
             C:\Program Files\dotnet\packs\Microsoft.WindowsDesktop.App.Ref\8.0.24\ref/net8.0/System.Printing.dll
                 Private = 'false'
             C:\Program Files\dotnet\packs\Microsoft.WindowsDesktop.App.Ref\8.0.24\ref/net8.0/System.Resources.Extensions.dll
                 Private = 'false'
             C:\Program Files\dotnet\packs\Microsoft.WindowsDesktop.App.Ref\8.0.24\ref/net8.0/System.Security.Cryptography.Pkcs.dll
                 Private = 'false'
             C:\Program Files\dotnet\packs\Microsoft.WindowsDesktop.App.Ref\8.0.24\ref/net8.0/System.Security.Cryptography.ProtectedData.dll
                 Private = 'false'
             C:\Program Files\dotnet\packs\Microsoft.WindowsDesktop.App.Ref\8.0.24\ref/net8.0/System.Security.Cryptography.Xml.dll
                 Private = 'false'
             C:\Program Files\dotnet\packs\Microsoft.WindowsDesktop.App.Ref\8.0.24\ref/net8.0/System.Security.Permissions.dll
                 Private = 'false'
             C:\Program Files\dotnet\packs\Microsoft.WindowsDesktop.App.Ref\8.0.24\ref/net8.0/System.Threading.AccessControl.dll
                 Private = 'false'
             C:\Program Files\dotnet\packs\Microsoft.WindowsDesktop.App.Ref\8.0.24\ref/net8.0/System.Windows.Controls.Ribbon.dll
                 Private = 'false'
             C:\Program Files\dotnet\packs\Microsoft.WindowsDesktop.App.Ref\8.0.24\ref/net8.0/System.Windows.Extensions.dll
                 Private = 'false'
             C:\Program Files\dotnet\packs\Microsoft.WindowsDesktop.App.Ref\8.0.24\ref/net8.0/System.Windows.Input.Manipulations.dll
                 Private = 'false'
             C:\Program Files\dotnet\packs\Microsoft.WindowsDesktop.App.Ref\8.0.24\ref/net8.0/System.Windows.Presentation.dll
                 Private = 'false'
             C:\Program Files\dotnet\packs\Microsoft.WindowsDesktop.App.Ref\8.0.24\ref/net8.0/System.Xaml.dll
                 Private = 'false'
             C:\Program Files\dotnet\packs\Microsoft.WindowsDesktop.App.Ref\8.0.24\ref/net8.0/UIAutomationClient.dll
                 Private = 'false'
             C:\Program Files\dotnet\packs\Microsoft.WindowsDesktop.App.Ref\8.0.24\ref/net8.0/UIAutomationClientSideProviders.dll
                 Private = 'false'
             C:\Program Files\dotnet\packs\Microsoft.WindowsDesktop.App.Ref\8.0.24\ref/net8.0/UIAutomationProvider.dll
                 Private = 'false'
             C:\Program Files\dotnet\packs\Microsoft.WindowsDesktop.App.Ref\8.0.24\ref/net8.0/UIAutomationTypes.dll
                 Private = 'false'
             C:\Program Files\dotnet\packs\Microsoft.WindowsDesktop.App.Ref\8.0.24\ref/net8.0/WindowsBase.dll
                 Private = 'false'
         AssemblyFiles:
         CandidateAssemblyFiles:
             C:\Users\user\.nuget\packages\microsoft.web.webview2\1.0.2903.40\build\\..\runtimes\win-x86\native\WebView2Loader.dll
             C:\Users\user\.nuget\packages\microsoft.web.webview2\1.0.2903.40\build\\..\runtimes\win-x64\native\WebView2Loader.dll
             C:\Users\user\.nuget\packages\microsoft.web.webview2\1.0.2903.40\build\\..\runtimes\win-arm64\native\WebView2Loader.dll
             dist\Accessibility.dll
             dist\clretwrc.dll
             dist\clrgc.dll
             dist\clrjit.dll
             dist\coreclr.dll
             dist\createdump.exe
             dist\cs\Microsoft.VisualBasic.Forms.resources.dll
             dist\cs\PresentationCore.resources.dll
             dist\cs\PresentationFramework.resources.dll
             dist\cs\PresentationUI.resources.dll
             dist\cs\ReachFramework.resources.dll
             dist\cs\System.Windows.Controls.Ribbon.resources.dll
             dist\cs\System.Windows.Forms.Design.resources.dll
             dist\cs\System.Windows.Forms.Primitives.resources.dll
             dist\cs\System.Windows.Forms.resources.dll
             dist\cs\System.Windows.Input.Manipulations.resources.dll
             dist\cs\System.Xaml.resources.dll
             dist\cs\UIAutomationClient.resources.dll
             dist\cs\UIAutomationClientSideProviders.resources.dll
             dist\cs\UIAutomationProvider.resources.dll
             dist\cs\UIAutomationTypes.resources.dll
             dist\cs\WindowsBase.resources.dll
             dist\cs\WindowsFormsIntegration.resources.dll
             dist\D3DCompiler_47_cor3.dll
             dist\Dapper.dll
             dist\de\Microsoft.VisualBasic.Forms.resources.dll
             dist\de\PresentationCore.resources.dll
             dist\de\PresentationFramework.resources.dll
             dist\de\PresentationUI.resources.dll
             dist\de\ReachFramework.resources.dll
             dist\de\System.Windows.Controls.Ribbon.resources.dll
             dist\de\System.Windows.Forms.Design.resources.dll
             dist\de\System.Windows.Forms.Primitives.resources.dll
             dist\de\System.Windows.Forms.resources.dll
             dist\de\System.Windows.Input.Manipulations.resources.dll
             dist\de\System.Xaml.resources.dll
             dist\de\UIAutomationClient.resources.dll
             dist\de\UIAutomationClientSideProviders.resources.dll
             dist\de\UIAutomationProvider.resources.dll
             dist\de\UIAutomationTypes.resources.dll
             dist\de\WindowsBase.resources.dll
             dist\de\WindowsFormsIntegration.resources.dll
             dist\DirectWriteForwarder.dll
             dist\es\Microsoft.VisualBasic.Forms.resources.dll
             dist\es\PresentationCore.resources.dll
             dist\es\PresentationFramework.resources.dll
             dist\es\PresentationUI.resources.dll
             dist\es\ReachFramework.resources.dll
             dist\es\System.Windows.Controls.Ribbon.resources.dll
             dist\es\System.Windows.Forms.Design.resources.dll
             dist\es\System.Windows.Forms.Primitives.resources.dll
             dist\es\System.Windows.Forms.resources.dll
             dist\es\System.Windows.Input.Manipulations.resources.dll
             dist\es\System.Xaml.resources.dll
             dist\es\UIAutomationClient.resources.dll
             dist\es\UIAutomationClientSideProviders.resources.dll
             dist\es\UIAutomationProvider.resources.dll
             dist\es\UIAutomationTypes.resources.dll
             dist\es\WindowsBase.resources.dll
             dist\es\WindowsFormsIntegration.resources.dll
             dist\e_sqlite3.dll
             dist\FgGrillPos.dll
             dist\FgGrillPos.exe
             dist\fr\Microsoft.VisualBasic.Forms.resources.dll
             dist\fr\PresentationCore.resources.dll
             dist\fr\PresentationFramework.resources.dll
             dist\fr\PresentationUI.resources.dll
             dist\fr\ReachFramework.resources.dll
             dist\fr\System.Windows.Controls.Ribbon.resources.dll
             dist\fr\System.Windows.Forms.Design.resources.dll
             dist\fr\System.Windows.Forms.Primitives.resources.dll
             dist\fr\System.Windows.Forms.resources.dll
             dist\fr\System.Windows.Input.Manipulations.resources.dll
             dist\fr\System.Xaml.resources.dll
             dist\fr\UIAutomationClient.resources.dll
             dist\fr\UIAutomationClientSideProviders.resources.dll
             dist\fr\UIAutomationProvider.resources.dll
             dist\fr\UIAutomationTypes.resources.dll
             dist\fr\WindowsBase.resources.dll
             dist\fr\WindowsFormsIntegration.resources.dll
             dist\hostfxr.dll
             dist\hostpolicy.dll
             dist\it\Microsoft.VisualBasic.Forms.resources.dll
             dist\it\PresentationCore.resources.dll
             dist\it\PresentationFramework.resources.dll
             dist\it\PresentationUI.resources.dll
             dist\it\ReachFramework.resources.dll
             dist\it\System.Windows.Controls.Ribbon.resources.dll
             dist\it\System.Windows.Forms.Design.resources.dll
             dist\it\System.Windows.Forms.Primitives.resources.dll
             dist\it\System.Windows.Forms.resources.dll
             dist\it\System.Windows.Input.Manipulations.resources.dll
             dist\it\System.Xaml.resources.dll
             dist\it\UIAutomationClient.resources.dll
             dist\it\UIAutomationClientSideProviders.resources.dll
             dist\it\UIAutomationProvider.resources.dll
             dist\it\UIAutomationTypes.resources.dll
             dist\it\WindowsBase.resources.dll
             dist\it\WindowsFormsIntegration.resources.dll
             dist\ja\Microsoft.VisualBasic.Forms.resources.dll
             dist\ja\PresentationCore.resources.dll
             dist\ja\PresentationFramework.resources.dll
             dist\ja\PresentationUI.resources.dll
             dist\ja\ReachFramework.resources.dll
             dist\ja\System.Windows.Controls.Ribbon.resources.dll
             dist\ja\System.Windows.Forms.Design.resources.dll
             dist\ja\System.Windows.Forms.Primitives.resources.dll
             dist\ja\System.Windows.Forms.resources.dll
             dist\ja\System.Windows.Input.Manipulations.resources.dll
             dist\ja\System.Xaml.resources.dll
             dist\ja\UIAutomationClient.resources.dll
             dist\ja\UIAutomationClientSideProviders.resources.dll
             dist\ja\UIAutomationProvider.resources.dll
             dist\ja\UIAutomationTypes.resources.dll
             dist\ja\WindowsBase.resources.dll
             dist\ja\WindowsFormsIntegration.resources.dll
             dist\ko\Microsoft.VisualBasic.Forms.resources.dll
             dist\ko\PresentationCore.resources.dll
             dist\ko\PresentationFramework.resources.dll
             dist\ko\PresentationUI.resources.dll
             dist\ko\ReachFramework.resources.dll
             dist\ko\System.Windows.Controls.Ribbon.resources.dll
             dist\ko\System.Windows.Forms.Design.resources.dll
             dist\ko\System.Windows.Forms.Primitives.resources.dll
             dist\ko\System.Windows.Forms.resources.dll
             dist\ko\System.Windows.Input.Manipulations.resources.dll
             dist\ko\System.Xaml.resources.dll
             dist\ko\UIAutomationClient.resources.dll
             dist\ko\UIAutomationClientSideProviders.resources.dll
             dist\ko\UIAutomationProvider.resources.dll
             dist\ko\UIAutomationTypes.resources.dll
             dist\ko\WindowsBase.resources.dll
             dist\ko\WindowsFormsIntegration.resources.dll
             dist\Microsoft.CSharp.dll
             dist\Microsoft.Data.Sqlite.dll
             dist\Microsoft.DiaSymReader.Native.amd64.dll
             dist\Microsoft.VisualBasic.Core.dll
             dist\Microsoft.VisualBasic.dll
             dist\Microsoft.VisualBasic.Forms.dll
             dist\Microsoft.Web.WebView2.Core.dll
             dist\Microsoft.Web.WebView2.WinForms.dll
             dist\Microsoft.Web.WebView2.Wpf.dll
             dist\Microsoft.Win32.Primitives.dll
             dist\Microsoft.Win32.Registry.AccessControl.dll
             dist\Microsoft.Win32.Registry.dll
             dist\Microsoft.Win32.SystemEvents.dll
             dist\mscordaccore.dll
             dist\mscordaccore_amd64_amd64_8.0.2426.7010.dll
             dist\mscordbi.dll
             dist\mscorlib.dll
             dist\mscorrc.dll
             dist\msquic.dll
             dist\netstandard.dll
             dist\Newtonsoft.Json.dll
             dist\PenImc_cor3.dll
             dist\pl\Microsoft.VisualBasic.Forms.resources.dll
             dist\pl\PresentationCore.resources.dll
             dist\pl\PresentationFramework.resources.dll
             dist\pl\PresentationUI.resources.dll
             dist\pl\ReachFramework.resources.dll
             dist\pl\System.Windows.Controls.Ribbon.resources.dll
             dist\pl\System.Windows.Forms.Design.resources.dll
             dist\pl\System.Windows.Forms.Primitives.resources.dll
             dist\pl\System.Windows.Forms.resources.dll
             dist\pl\System.Windows.Input.Manipulations.resources.dll
             dist\pl\System.Xaml.resources.dll
             dist\pl\UIAutomationClient.resources.dll
             dist\pl\UIAutomationClientSideProviders.resources.dll
             dist\pl\UIAutomationProvider.resources.dll
             dist\pl\UIAutomationTypes.resources.dll
             dist\pl\WindowsBase.resources.dll
             dist\pl\WindowsFormsIntegration.resources.dll
             dist\PresentationCore.dll
             dist\PresentationFramework-SystemCore.dll
             dist\PresentationFramework-SystemData.dll
             dist\PresentationFramework-SystemDrawing.dll
             dist\PresentationFramework-SystemXml.dll
             dist\PresentationFramework-SystemXmlLinq.dll
             dist\PresentationFramework.Aero.dll
             dist\PresentationFramework.Aero2.dll
             dist\PresentationFramework.AeroLite.dll
             dist\PresentationFramework.Classic.dll
             dist\PresentationFramework.dll
             dist\PresentationFramework.Luna.dll
             dist\PresentationFramework.Royale.dll
             dist\PresentationNative_cor3.dll
             dist\PresentationUI.dll
             dist\pt-BR\Microsoft.VisualBasic.Forms.resources.dll
             dist\pt-BR\PresentationCore.resources.dll
             dist\pt-BR\PresentationFramework.resources.dll
             dist\pt-BR\PresentationUI.resources.dll
             dist\pt-BR\ReachFramework.resources.dll
             dist\pt-BR\System.Windows.Controls.Ribbon.resources.dll
             dist\pt-BR\System.Windows.Forms.Design.resources.dll
             dist\pt-BR\System.Windows.Forms.Primitives.resources.dll
             dist\pt-BR\System.Windows.Forms.resources.dll
             dist\pt-BR\System.Windows.Input.Manipulations.resources.dll
             dist\pt-BR\System.Xaml.resources.dll
             dist\pt-BR\UIAutomationClient.resources.dll
             dist\pt-BR\UIAutomationClientSideProviders.resources.dll
             dist\pt-BR\UIAutomationProvider.resources.dll
             dist\pt-BR\UIAutomationTypes.resources.dll
             dist\pt-BR\WindowsBase.resources.dll
             dist\pt-BR\WindowsFormsIntegration.resources.dll
             dist\ReachFramework.dll
             dist\runtimes\win-x64\native\WebView2Loader.dll
             dist\ru\Microsoft.VisualBasic.Forms.resources.dll
             dist\ru\PresentationCore.resources.dll
             dist\ru\PresentationFramework.resources.dll
             dist\ru\PresentationUI.resources.dll
             dist\ru\ReachFramework.resources.dll
             dist\ru\System.Windows.Controls.Ribbon.resources.dll
             dist\ru\System.Windows.Forms.Design.resources.dll
             dist\ru\System.Windows.Forms.Primitives.resources.dll
             dist\ru\System.Windows.Forms.resources.dll
             dist\ru\System.Windows.Input.Manipulations.resources.dll
             dist\ru\System.Xaml.resources.dll
             dist\ru\UIAutomationClient.resources.dll
             dist\ru\UIAutomationClientSideProviders.resources.dll
             dist\ru\UIAutomationProvider.resources.dll
             dist\ru\UIAutomationTypes.resources.dll
             dist\ru\WindowsBase.resources.dll
             dist\ru\WindowsFormsIntegration.resources.dll
             dist\SQLitePCLRaw.batteries_v2.dll
             dist\SQLitePCLRaw.core.dll
             dist\SQLitePCLRaw.provider.e_sqlite3.dll
             dist\System.AppContext.dll
             dist\System.Buffers.dll
             dist\System.CodeDom.dll
             dist\System.Collections.Concurrent.dll
             dist\System.Collections.dll
             dist\System.Collections.Immutable.dll
             dist\System.Collections.NonGeneric.dll
             dist\System.Collections.Specialized.dll
             dist\System.ComponentModel.Annotations.dll
             dist\System.ComponentModel.DataAnnotations.dll
             dist\System.ComponentModel.dll
             dist\System.ComponentModel.EventBasedAsync.dll
             dist\System.ComponentModel.Primitives.dll
             dist\System.ComponentModel.TypeConverter.dll
             dist\System.Configuration.ConfigurationManager.dll
             dist\System.Configuration.dll
             dist\System.Console.dll
             dist\System.Core.dll
             dist\System.Data.Common.dll
             dist\System.Data.DataSetExtensions.dll
             dist\System.Data.dll
             dist\System.Design.dll
             dist\System.Diagnostics.Contracts.dll
             dist\System.Diagnostics.Debug.dll
             dist\System.Diagnostics.DiagnosticSource.dll
             dist\System.Diagnostics.EventLog.dll
             dist\System.Diagnostics.EventLog.Messages.dll
             dist\System.Diagnostics.FileVersionInfo.dll
             dist\System.Diagnostics.PerformanceCounter.dll
             dist\System.Diagnostics.Process.dll
             dist\System.Diagnostics.StackTrace.dll
             dist\System.Diagnostics.TextWriterTraceListener.dll
             dist\System.Diagnostics.Tools.dll
             dist\System.Diagnostics.TraceSource.dll
             dist\System.Diagnostics.Tracing.dll
             dist\System.DirectoryServices.dll
             dist\System.dll
             dist\System.Drawing.Common.dll
             dist\System.Drawing.Design.dll
             dist\System.Drawing.dll
             dist\System.Drawing.Primitives.dll
             dist\System.Dynamic.Runtime.dll
             dist\System.Formats.Asn1.dll
             dist\System.Formats.Tar.dll
             dist\System.Globalization.Calendars.dll
             dist\System.Globalization.dll
             dist\System.Globalization.Extensions.dll
             dist\System.IO.Compression.Brotli.dll
             dist\System.IO.Compression.dll
             dist\System.IO.Compression.FileSystem.dll
             dist\System.IO.Compression.Native.dll
             dist\System.IO.Compression.ZipFile.dll
             dist\System.IO.dll
             dist\System.IO.FileSystem.AccessControl.dll
             dist\System.IO.FileSystem.dll
             dist\System.IO.FileSystem.DriveInfo.dll
             dist\System.IO.FileSystem.Primitives.dll
             dist\System.IO.FileSystem.Watcher.dll
             dist\System.IO.IsolatedStorage.dll
             dist\System.IO.MemoryMappedFiles.dll
             dist\System.IO.Packaging.dll
             dist\System.IO.Pipes.AccessControl.dll
             dist\System.IO.Pipes.dll
             dist\System.IO.UnmanagedMemoryStream.dll
             dist\System.Linq.dll
             dist\System.Linq.Expressions.dll
             dist\System.Linq.Parallel.dll
             dist\System.Linq.Queryable.dll
             dist\System.Memory.dll
             dist\System.Net.dll
             dist\System.Net.Http.dll
             dist\System.Net.Http.Json.dll
             dist\System.Net.HttpListener.dll
             dist\System.Net.Mail.dll
             dist\System.Net.NameResolution.dll
             dist\System.Net.NetworkInformation.dll
             dist\System.Net.Ping.dll
             dist\System.Net.Primitives.dll
             dist\System.Net.Quic.dll
             dist\System.Net.Requests.dll
             dist\System.Net.Security.dll
             dist\System.Net.ServicePoint.dll
             dist\System.Net.Sockets.dll
             dist\System.Net.WebClient.dll
             dist\System.Net.WebHeaderCollection.dll
             dist\System.Net.WebProxy.dll
             dist\System.Net.WebSockets.Client.dll
             dist\System.Net.WebSockets.dll
             dist\System.Numerics.dll
             dist\System.Numerics.Vectors.dll
             dist\System.ObjectModel.dll
             dist\System.Printing.dll
             dist\System.Private.CoreLib.dll
             dist\System.Private.DataContractSerialization.dll
             dist\System.Private.Uri.dll
             dist\System.Private.Xml.dll
             dist\System.Private.Xml.Linq.dll
             dist\System.Reflection.DispatchProxy.dll
             dist\System.Reflection.dll
             dist\System.Reflection.Emit.dll
             dist\System.Reflection.Emit.ILGeneration.dll
             dist\System.Reflection.Emit.Lightweight.dll
             dist\System.Reflection.Extensions.dll
             dist\System.Reflection.Metadata.dll
             dist\System.Reflection.Primitives.dll
             dist\System.Reflection.TypeExtensions.dll
             dist\System.Resources.Extensions.dll
             dist\System.Resources.Reader.dll
             dist\System.Resources.ResourceManager.dll
             dist\System.Resources.Writer.dll
             dist\System.Runtime.CompilerServices.Unsafe.dll
             dist\System.Runtime.CompilerServices.VisualC.dll
             dist\System.Runtime.dll
             dist\System.Runtime.Extensions.dll
             dist\System.Runtime.Handles.dll
             dist\System.Runtime.InteropServices.dll
             dist\System.Runtime.InteropServices.JavaScript.dll
             dist\System.Runtime.InteropServices.RuntimeInformation.dll
             dist\System.Runtime.Intrinsics.dll
             dist\System.Runtime.Loader.dll
             dist\System.Runtime.Numerics.dll
             dist\System.Runtime.Serialization.dll
             dist\System.Runtime.Serialization.Formatters.dll
             dist\System.Runtime.Serialization.Json.dll
             dist\System.Runtime.Serialization.Primitives.dll
             dist\System.Runtime.Serialization.Xml.dll
             dist\System.Security.AccessControl.dll
             dist\System.Security.Claims.dll
             dist\System.Security.Cryptography.Algorithms.dll
             dist\System.Security.Cryptography.Cng.dll
             dist\System.Security.Cryptography.Csp.dll
             dist\System.Security.Cryptography.dll
             dist\System.Security.Cryptography.Encoding.dll
             dist\System.Security.Cryptography.OpenSsl.dll
             dist\System.Security.Cryptography.Pkcs.dll
             dist\System.Security.Cryptography.Primitives.dll
             dist\System.Security.Cryptography.ProtectedData.dll
             dist\System.Security.Cryptography.X509Certificates.dll
             dist\System.Security.Cryptography.Xml.dll
             dist\System.Security.dll
             dist\System.Security.Permissions.dll
             dist\System.Security.Principal.dll
             dist\System.Security.Principal.Windows.dll
             dist\System.Security.SecureString.dll
             dist\System.ServiceModel.Web.dll
             dist\System.ServiceProcess.dll
             dist\System.Text.Encoding.CodePages.dll
             dist\System.Text.Encoding.dll
             dist\System.Text.Encoding.Extensions.dll
             dist\System.Text.Encodings.Web.dll
             dist\System.Text.Json.dll
             dist\System.Text.RegularExpressions.dll
             dist\System.Threading.AccessControl.dll
             dist\System.Threading.Channels.dll
             dist\System.Threading.dll
             dist\System.Threading.Overlapped.dll
             dist\System.Threading.Tasks.Dataflow.dll
             dist\System.Threading.Tasks.dll
             dist\System.Threading.Tasks.Extensions.dll
             dist\System.Threading.Tasks.Parallel.dll
             dist\System.Threading.Thread.dll
             dist\System.Threading.ThreadPool.dll
             dist\System.Threading.Timer.dll
             dist\System.Transactions.dll
             dist\System.Transactions.Local.dll
             dist\System.ValueTuple.dll
             dist\System.Web.dll
             dist\System.Web.HttpUtility.dll
             dist\System.Windows.Controls.Ribbon.dll
             dist\System.Windows.dll
             dist\System.Windows.Extensions.dll
             dist\System.Windows.Forms.Design.dll
             dist\System.Windows.Forms.Design.Editors.dll
             dist\System.Windows.Forms.dll
             dist\System.Windows.Forms.Primitives.dll
             dist\System.Windows.Input.Manipulations.dll
             dist\System.Windows.Presentation.dll
             dist\System.Xaml.dll
             dist\System.Xml.dll
             dist\System.Xml.Linq.dll
             dist\System.Xml.ReaderWriter.dll
             dist\System.Xml.Serialization.dll
             dist\System.Xml.XDocument.dll
             dist\System.Xml.XmlDocument.dll
             dist\System.Xml.XmlSerializer.dll
             dist\System.Xml.XPath.dll
             dist\System.Xml.XPath.XDocument.dll
             dist\tr\Microsoft.VisualBasic.Forms.resources.dll
             dist\tr\PresentationCore.resources.dll
             dist\tr\PresentationFramework.resources.dll
             dist\tr\PresentationUI.resources.dll
             dist\tr\ReachFramework.resources.dll
             dist\tr\System.Windows.Controls.Ribbon.resources.dll
             dist\tr\System.Windows.Forms.Design.resources.dll
             dist\tr\System.Windows.Forms.Primitives.resources.dll
             dist\tr\System.Windows.Forms.resources.dll
             dist\tr\System.Windows.Input.Manipulations.resources.dll
             dist\tr\System.Xaml.resources.dll
             dist\tr\UIAutomationClient.resources.dll
             dist\tr\UIAutomationClientSideProviders.resources.dll
             dist\tr\UIAutomationProvider.resources.dll
             dist\tr\UIAutomationTypes.resources.dll
             dist\tr\WindowsBase.resources.dll
             dist\tr\WindowsFormsIntegration.resources.dll
             dist\UIAutomationClient.dll
             dist\UIAutomationClientSideProviders.dll
             dist\UIAutomationProvider.dll
             dist\UIAutomationTypes.dll
             dist\vcruntime140_cor3.dll
             dist\WebView2Loader.dll
             dist\WindowsBase.dll
             dist\WindowsFormsIntegration.dll
             dist\wpfgfx_cor3.dll
             dist\zh-Hans\Microsoft.VisualBasic.Forms.resources.dll
             dist\zh-Hans\PresentationCore.resources.dll
             dist\zh-Hans\PresentationFramework.resources.dll
             dist\zh-Hans\PresentationUI.resources.dll
             dist\zh-Hans\ReachFramework.resources.dll
             dist\zh-Hans\System.Windows.Controls.Ribbon.resources.dll
             dist\zh-Hans\System.Windows.Forms.Design.resources.dll
             dist\zh-Hans\System.Windows.Forms.Primitives.resources.dll
             dist\zh-Hans\System.Windows.Forms.resources.dll
             dist\zh-Hans\System.Windows.Input.Manipulations.resources.dll
             dist\zh-Hans\System.Xaml.resources.dll
             dist\zh-Hans\UIAutomationClient.resources.dll
             dist\zh-Hans\UIAutomationClientSideProviders.resources.dll
             dist\zh-Hans\UIAutomationProvider.resources.dll
             dist\zh-Hans\UIAutomationTypes.resources.dll
             dist\zh-Hans\WindowsBase.resources.dll
             dist\zh-Hans\WindowsFormsIntegration.resources.dll
             dist\zh-Hant\Microsoft.VisualBasic.Forms.resources.dll
             dist\zh-Hant\PresentationCore.resources.dll
             dist\zh-Hant\PresentationFramework.resources.dll
             dist\zh-Hant\PresentationUI.resources.dll
             dist\zh-Hant\ReachFramework.resources.dll
             dist\zh-Hant\System.Windows.Controls.Ribbon.resources.dll
             dist\zh-Hant\System.Windows.Forms.Design.resources.dll
             dist\zh-Hant\System.Windows.Forms.Primitives.resources.dll
             dist\zh-Hant\System.Windows.Forms.resources.dll
             dist\zh-Hant\System.Windows.Input.Manipulations.resources.dll
             dist\zh-Hant\System.Xaml.resources.dll
             dist\zh-Hant\UIAutomationClient.resources.dll
             dist\zh-Hant\UIAutomationClientSideProviders.resources.dll
             dist\zh-Hant\UIAutomationProvider.resources.dll
             dist\zh-Hant\UIAutomationTypes.resources.dll
             dist\zh-Hant\WindowsBase.resources.dll
             dist\zh-Hant\WindowsFormsIntegration.resources.dll
         TargetFrameworkDirectories:
             
         InstalledAssemblyTables:
         IgnoreInstalledAssemblyTable:
             False
         SearchPaths:
             {CandidateAssemblyFiles}
             {HintPathFromItem}
             {TargetFrameworkDirectory}
             {RawFileName}
         AllowedAssemblyExtensions:
             .winmd
             .dll
             .exe
         AllowedRelatedFileExtensions:
             .pdb
             .xml
             .pri
             .dll.config
             .exe.config
         AppConfigFile:
             
         AutoUnify:
             True
         CopyLocalDependenciesWhenParentReferenceInGac:
             True
         FindDependencies:
             True
         TargetProcessorArchitecture:
             msil
         StateFile:
             obj\Debug\net8.0-windows\FgGrillPos.csproj.AssemblyReference.cache
         InstalledAssemblySubsetTables:
         IgnoreInstalledAssemblySubsetTable:
             False
         TargetFrameworkSubsets:
         FullTargetFrameworkSubsetNames:
             Full
         ProfileName:
             
         FullFrameworkFolders:
         LatestTargetFrameworkDirectories:
         ProfileTablesLocation:
         Primary reference "Microsoft.Web.WebView2.Core, Version=1.0.2903.40, Culture=neutral, PublicKeyToken=2a8ab48044d2601e".
             Resolved file path is "C:\Users\user\.nuget\packages\microsoft.web.webview2\1.0.2903.40\lib_manual\netcoreapp3.0\Microsoft.Web.WebView2.Core.dll".
             Reference found at search path location "{RawFileName}".
             Found related file "C:\Users\user\.nuget\packages\microsoft.web.webview2\1.0.2903.40\lib_manual\netcoreapp3.0\Microsoft.Web.WebView2.Core.xml".
         Primary reference "Microsoft.Web.WebView2.WinForms, Version=1.0.2903.40, Culture=neutral, PublicKeyToken=2a8ab48044d2601e".
             Resolved file path is "C:\Users\user\.nuget\packages\microsoft.web.webview2\1.0.2903.40\lib_manual\netcoreapp3.0\Microsoft.Web.WebView2.WinForms.dll".
             Reference found at search path location "{RawFileName}".
             Found related file "C:\Users\user\.nuget\packages\microsoft.web.webview2\1.0.2903.40\lib_manual\netcoreapp3.0\Microsoft.Web.WebView2.WinForms.xml".
         Primary reference "Microsoft.Web.WebView2.Wpf, Version=1.0.2903.40, Culture=neutral, PublicKeyToken=2a8ab48044d2601e".
             Resolved file path is "C:\Users\user\.nuget\packages\microsoft.web.webview2\1.0.2903.40\lib_manual\net5.0-windows10.0.17763.0\Microsoft.Web.WebView2.Wpf.dll".
             Reference found at search path location "{RawFileName}".
             Found related file "C:\Users\user\.nuget\packages\microsoft.web.webview2\1.0.2903.40\lib_manual\net5.0-windows10.0.17763.0\Microsoft.Web.WebView2.Wpf.xml".
         Primary reference "Dapper, Version=2.0.0.0, Culture=neutral, PublicKeyToken=null".
             Resolved file path is "C:\Users\user\.nuget\packages\dapper\2.1.35\lib\net7.0\Dapper.dll".
             Reference found at search path location "{HintPathFromItem}".
             This reference is not "CopyLocal" because at least one source item had "Private" set to "false" and no source items had "Private" set to "true".
         Primary reference "Microsoft.Data.Sqlite, Version=9.0.0.0, Culture=neutral, PublicKeyToken=adb9793829ddae60".
             Resolved file path is "C:\Users\user\.nuget\packages\microsoft.data.sqlite.core\9.0.0\lib\net8.0\Microsoft.Data.Sqlite.dll".
             Reference found at search path location "{HintPathFromItem}".
             This reference is not "CopyLocal" because at least one source item had "Private" set to "false" and no source items had "Private" set to "true".
         Primary reference "Newtonsoft.Json, Version=13.0.0.0, Culture=neutral, PublicKeyToken=30ad4fe6b2a6aeed".
             Resolved file path is "C:\Users\user\.nuget\packages\newtonsoft.json\13.0.3\lib\net6.0\Newtonsoft.Json.dll".
             Reference found at search path location "{HintPathFromItem}".
             This reference is not "CopyLocal" because at least one source item had "Private" set to "false" and no source items had "Private" set to "true".
         Primary reference "SQLitePCLRaw.batteries_v2, Version=2.1.10.2445, Culture=neutral, PublicKeyToken=8226ea5df37bcae9".
             Resolved file path is "C:\Users\user\.nuget\packages\sqlitepclraw.bundle_e_sqlite3\2.1.10\lib\netstandard2.0\SQLitePCLRaw.batteries_v2.dll".
             Reference found at search path location "{HintPathFromItem}".
             This reference is not "CopyLocal" because at least one source item had "Private" set to "false" and no source items had "Private" set to "true".
         Primary reference "SQLitePCLRaw.core, Version=2.1.10.2445, Culture=neutral, PublicKeyToken=1488e028ca7ab535".
             Resolved file path is "C:\Users\user\.nuget\packages\sqlitepclraw.core\2.1.10\lib\netstandard2.0\SQLitePCLRaw.core.dll".
             Reference found at search path location "{HintPathFromItem}".
             This reference is not "CopyLocal" because at least one source item had "Private" set to "false" and no source items had "Private" set to "true".
         Primary reference "SQLitePCLRaw.provider.e_sqlite3, Version=2.1.10.2445, Culture=neutral, PublicKeyToken=9c301db686d0bd12".
             Resolved file path is "C:\Users\user\.nuget\packages\sqlitepclraw.provider.e_sqlite3\2.1.10\lib\net6.0-windows7.0\SQLitePCLRaw.provider.e_sqlite3.dll".
             Reference found at search path location "{HintPathFromItem}".
             This reference is not "CopyLocal" because at least one source item had "Private" set to "false" and no source items had "Private" set to "true".
         Unified primary reference "System.Drawing.Common, Version=8.0.0.0, Culture=neutral, PublicKeyToken=cc7b13ffcd2ddd51".
             Using this version instead of original version "4.0.1.0" in "C:\Users\user\.nuget\packages\microsoft.web.webview2\1.0.2903.40\lib_manual\netcoreapp3.0\Microsoft.Web.WebView2.WinForms.dll" because AutoUnify is 'true'.
             Resolved file path is "C:\Users\user\.nuget\packages\system.drawing.common\8.0.0\lib\net8.0\System.Drawing.Common.dll".
             Reference found at search path location "{HintPathFromItem}".
             This reference is not "CopyLocal" because at least one source item had "Private" set to "false" and no source items had "Private" set to "true".
         Primary reference "Microsoft.CSharp, Version=8.0.0.0, Culture=neutral, PublicKeyToken=b03f5f7f11d50a3a".
             Resolved file path is "C:\Program Files\dotnet\packs\Microsoft.NETCore.App.Ref\8.0.24\ref\net8.0\Microsoft.CSharp.dll".
             Reference found at search path location "{RawFileName}".
             This reference is not "CopyLocal" because at least one source item had "Private" set to "false" and no source items had "Private" set to "true".
         Primary reference "Microsoft.VisualBasic.Core, Version=13.0.0.0, Culture=neutral, PublicKeyToken=b03f5f7f11d50a3a".
             Resolved file path is "C:\Program Files\dotnet\packs\Microsoft.NETCore.App.Ref\8.0.24\ref\net8.0\Microsoft.VisualBasic.Core.dll".
             Reference found at search path location "{RawFileName}".
             This reference is not "CopyLocal" because at least one source item had "Private" set to "false" and no source items had "Private" set to "true".
         Primary reference "Microsoft.VisualBasic, Version=10.0.0.0, Culture=neutral, PublicKeyToken=b03f5f7f11d50a3a".
             Resolved file path is "C:\Program Files\dotnet\packs\Microsoft.NETCore.App.Ref\8.0.24\ref\net8.0\Microsoft.VisualBasic.dll".
             Reference found at search path location "{RawFileName}".
             This reference is not "CopyLocal" because at least one source item had "Private" set to "false" and no source items had "Private" set to "true".
         Primary reference "Microsoft.Win32.Primitives, Version=8.0.0.0, Culture=neutral, PublicKeyToken=b03f5f7f11d50a3a".
             Resolved file path is "C:\Program Files\dotnet\packs\Microsoft.NETCore.App.Ref\8.0.24\ref\net8.0\Microsoft.Win32.Primitives.dll".
             Reference found at search path location "{RawFileName}".
             This reference is not "CopyLocal" because at least one source item had "Private" set to "false" and no source items had "Private" set to "true".
         Primary reference "Microsoft.Win32.Registry, Version=8.0.0.0, Culture=neutral, PublicKeyToken=b03f5f7f11d50a3a".
             Resolved file path is "C:\Program Files\dotnet\packs\Microsoft.NETCore.App.Ref\8.0.24\ref\net8.0\Microsoft.Win32.Registry.dll".
             Reference found at search path location "{RawFileName}".
             This reference is not "CopyLocal" because at least one source item had "Private" set to "false" and no source items had "Private" set to "true".
         Primary reference "System.AppContext, Version=8.0.0.0, Culture=neutral, PublicKeyToken=b03f5f7f11d50a3a".
             Resolved file path is "C:\Program Files\dotnet\packs\Microsoft.NETCore.App.Ref\8.0.24\ref\net8.0\System.AppContext.dll".
             Reference found at search path location "{RawFileName}".
             This reference is not "CopyLocal" because at least one source item had "Private" set to "false" and no source items had "Private" set to "true".
         Primary reference "System.Buffers, Version=8.0.0.0, Culture=neutral, PublicKeyToken=cc7b13ffcd2ddd51".
             Resolved file path is "C:\Program Files\dotnet\packs\Microsoft.NETCore.App.Ref\8.0.24\ref\net8.0\System.Buffers.dll".
             Reference found at search path location "{RawFileName}".
             This reference is not "CopyLocal" because at least one source item had "Private" set to "false" and no source items had "Private" set to "true".
         Primary reference "System.Collections.Concurrent, Version=8.0.0.0, Culture=neutral, PublicKeyToken=b03f5f7f11d50a3a".
             Resolved file path is "C:\Program Files\dotnet\packs\Microsoft.NETCore.App.Ref\8.0.24\ref\net8.0\System.Collections.Concurrent.dll".
             Reference found at search path location "{RawFileName}".
             This reference is not "CopyLocal" because at least one source item had "Private" set to "false" and no source items had "Private" set to "true".
         Primary reference "System.Collections.Immutable, Version=8.0.0.0, Culture=neutral, PublicKeyToken=b03f5f7f11d50a3a".
             Resolved file path is "C:\Program Files\dotnet\packs\Microsoft.NETCore.App.Ref\8.0.24\ref\net8.0\System.Collections.Immutable.dll".
             Reference found at search path location "{RawFileName}".
             This reference is not "CopyLocal" because at least one source item had "Private" set to "false" and no source items had "Private" set to "true".
         Primary reference "System.Collections.NonGeneric, Version=8.0.0.0, Culture=neutral, PublicKeyToken=b03f5f7f11d50a3a".
             Resolved file path is "C:\Program Files\dotnet\packs\Microsoft.NETCore.App.Ref\8.0.24\ref\net8.0\System.Collections.NonGeneric.dll".
             Reference found at search path location "{RawFileName}".
             This reference is not "CopyLocal" because at least one source item had "Private" set to "false" and no source items had "Private" set to "true".
         Primary reference "System.Collections.Specialized, Version=8.0.0.0, Culture=neutral, PublicKeyToken=b03f5f7f11d50a3a".
             Resolved file path is "C:\Program Files\dotnet\packs\Microsoft.NETCore.App.Ref\8.0.24\ref\net8.0\System.Collections.Specialized.dll".
             Reference found at search path location "{RawFileName}".
             This reference is not "CopyLocal" because at least one source item had "Private" set to "false" and no source items had "Private" set to "true".
         Unified primary reference "System.Collections, Version=8.0.0.0, Culture=neutral, PublicKeyToken=b03f5f7f11d50a3a".
             Using this version instead of original version "4.1.1.0" in "C:\Users\user\.nuget\packages\microsoft.web.webview2\1.0.2903.40\lib_manual\netcoreapp3.0\Microsoft.Web.WebView2.WinForms.dll" because AutoUnify is 'true'.
             Using this version instead of original version "5.0.0.0" in "C:\Users\user\.nuget\packages\microsoft.web.webview2\1.0.2903.40\lib_manual\net5.0-windows10.0.17763.0\Microsoft.Web.WebView2.Wpf.dll" because AutoUnify is 'true'.
             Resolved file path is "C:\Program Files\dotnet\packs\Microsoft.NETCore.App.Ref\8.0.24\ref\net8.0\System.Collections.dll".
             Reference found at search path location "{RawFileName}".
             This reference is not "CopyLocal" because at least one source item had "Private" set to "false" and no source items had "Private" set to "true".
         Primary reference "System.ComponentModel.Annotations, Version=8.0.0.0, Culture=neutral, PublicKeyToken=b03f5f7f11d50a3a".
             Resolved file path is "C:\Program Files\dotnet\packs\Microsoft.NETCore.App.Ref\8.0.24\ref\net8.0\System.ComponentModel.Annotations.dll".
             Reference found at search path location "{RawFileName}".
             This reference is not "CopyLocal" because at least one source item had "Private" set to "false" and no source items had "Private" set to "true".
         Primary reference "System.ComponentModel.DataAnnotations, Version=4.0.0.0, Culture=neutral, PublicKeyToken=31bf3856ad364e35".
             Resolved file path is "C:\Program Files\dotnet\packs\Microsoft.NETCore.App.Ref\8.0.24\ref\net8.0\System.ComponentModel.DataAnnotations.dll".
             Reference found at search path location "{RawFileName}".
             This reference is not "CopyLocal" because at least one source item had "Private" set to "false" and no source items had "Private" set to "true".
         Primary reference "System.ComponentModel.EventBasedAsync, Version=8.0.0.0, Culture=neutral, PublicKeyToken=b03f5f7f11d50a3a".
             Resolved file path is "C:\Program Files\dotnet\packs\Microsoft.NETCore.App.Ref\8.0.24\ref\net8.0\System.ComponentModel.EventBasedAsync.dll".
             Reference found at search path location "{RawFileName}".
             This reference is not "CopyLocal" because at least one source item had "Private" set to "false" and no source items had "Private" set to "true".
         Unified primary reference "System.ComponentModel.Primitives, Version=8.0.0.0, Culture=neutral, PublicKeyToken=b03f5f7f11d50a3a".
             Using this version instead of original version "4.2.1.0" in "C:\Users\user\.nuget\packages\microsoft.web.webview2\1.0.2903.40\lib_manual\netcoreapp3.0\Microsoft.Web.WebView2.WinForms.dll" because AutoUnify is 'true'.
             Using this version instead of original version "5.0.0.0" in "C:\Users\user\.nuget\packages\microsoft.web.webview2\1.0.2903.40\lib_manual\net5.0-windows10.0.17763.0\Microsoft.Web.WebView2.Wpf.dll" because AutoUnify is 'true'.
             Resolved file path is "C:\Program Files\dotnet\packs\Microsoft.NETCore.App.Ref\8.0.24\ref\net8.0\System.ComponentModel.Primitives.dll".
             Reference found at search path location "{RawFileName}".
             This reference is not "CopyLocal" because at least one source item had "Private" set to "false" and no source items had "Private" set to "true".
         Unified primary reference "System.ComponentModel.TypeConverter, Version=8.0.0.0, Culture=neutral, PublicKeyToken=b03f5f7f11d50a3a".
             Using this version instead of original version "4.2.1.0" in "C:\Users\user\.nuget\packages\microsoft.web.webview2\1.0.2903.40\lib_manual\netcoreapp3.0\Microsoft.Web.WebView2.WinForms.dll" because AutoUnify is 'true'.
             Using this version instead of original version "5.0.0.0" in "C:\Users\user\.nuget\packages\microsoft.web.webview2\1.0.2903.40\lib_manual\net5.0-windows10.0.17763.0\Microsoft.Web.WebView2.Wpf.dll" because AutoUnify is 'true'.
             Resolved file path is "C:\Program Files\dotnet\packs\Microsoft.NETCore.App.Ref\8.0.24\ref\net8.0\System.ComponentModel.TypeConverter.dll".
             Reference found at search path location "{RawFileName}".
             This reference is not "CopyLocal" because at least one source item had "Private" set to "false" and no source items had "Private" set to "true".
         Primary reference "System.ComponentModel, Version=8.0.0.0, Culture=neutral, PublicKeyToken=b03f5f7f11d50a3a".
             Resolved file path is "C:\Program Files\dotnet\packs\Microsoft.NETCore.App.Ref\8.0.24\ref\net8.0\System.ComponentModel.dll".
             Reference found at search path location "{RawFileName}".
             This reference is not "CopyLocal" because at least one source item had "Private" set to "false" and no source items had "Private" set to "true".
         Primary reference "System.Configuration, Version=4.0.0.0, Culture=neutral, PublicKeyToken=b03f5f7f11d50a3a".
             Resolved file path is "C:\Program Files\dotnet\packs\Microsoft.NETCore.App.Ref\8.0.24\ref\net8.0\System.Configuration.dll".
             Reference found at search path location "{RawFileName}".
             This reference is not "CopyLocal" because at least one source item had "Private" set to "false" and no source items had "Private" set to "true".
         Primary reference "System.Console, Version=8.0.0.0, Culture=neutral, PublicKeyToken=b03f5f7f11d50a3a".
             Resolved file path is "C:\Program Files\dotnet\packs\Microsoft.NETCore.App.Ref\8.0.24\ref\net8.0\System.Console.dll".
             Reference found at search path location "{RawFileName}".
             This reference is not "CopyLocal" because at least one source item had "Private" set to "false" and no source items had "Private" set to "true".
         Primary reference "System.Core, Version=4.0.0.0, Culture=neutral, PublicKeyToken=b77a5c561934e089".
             Resolved file path is "C:\Program Files\dotnet\packs\Microsoft.NETCore.App.Ref\8.0.24\ref\net8.0\System.Core.dll".
             Reference found at search path location "{RawFileName}".
             This reference is not "CopyLocal" because at least one source item had "Private" set to "false" and no source items had "Private" set to "true".
         Primary reference "System.Data.Common, Version=8.0.0.0, Culture=neutral, PublicKeyToken=b03f5f7f11d50a3a".
             Resolved file path is "C:\Program Files\dotnet\packs\Microsoft.NETCore.App.Ref\8.0.24\ref\net8.0\System.Data.Common.dll".
             Reference found at search path location "{RawFileName}".
             This reference is not "CopyLocal" because at least one source item had "Private" set to "false" and no source items had "Private" set to "true".
         Primary reference "System.Data.DataSetExtensions, Version=8.0.0.0, Culture=neutral, PublicKeyToken=b77a5c561934e089".
             Resolved file path is "C:\Program Files\dotnet\packs\Microsoft.NETCore.App.Ref\8.0.24\ref\net8.0\System.Data.DataSetExtensions.dll".
             Reference found at search path location "{RawFileName}".
             This reference is not "CopyLocal" because at least one source item had "Private" set to "false" and no source items had "Private" set to "true".
         Primary reference "System.Data, Version=4.0.0.0, Culture=neutral, PublicKeyToken=b77a5c561934e089".
             Resolved file path is "C:\Program Files\dotnet\packs\Microsoft.NETCore.App.Ref\8.0.24\ref\net8.0\System.Data.dll".
             Reference found at search path location "{RawFileName}".
             This reference is not "CopyLocal" because at least one source item had "Private" set to "false" and no source items had "Private" set to "true".
         Primary reference "System.Diagnostics.Contracts, Version=8.0.0.0, Culture=neutral, PublicKeyToken=b03f5f7f11d50a3a".
             Resolved file path is "C:\Program Files\dotnet\packs\Microsoft.NETCore.App.Ref\8.0.24\ref\net8.0\System.Diagnostics.Contracts.dll".
             Reference found at search path location "{RawFileName}".
             This reference is not "CopyLocal" because at least one source item had "Private" set to "false" and no source items had "Private" set to "true".
         Unified primary reference "System.Diagnostics.Debug, Version=8.0.0.0, Culture=neutral, PublicKeyToken=b03f5f7f11d50a3a".
             Using this version instead of original version "4.1.1.0" in "C:\Users\user\.nuget\packages\microsoft.web.webview2\1.0.2903.40\lib_manual\netcoreapp3.0\Microsoft.Web.WebView2.WinForms.dll" because AutoUnify is 'true'.
             Resolved file path is "C:\Program Files\dotnet\packs\Microsoft.NETCore.App.Ref\8.0.24\ref\net8.0\System.Diagnostics.Debug.dll".
             Reference found at search path location "{RawFileName}".
             This reference is not "CopyLocal" because at least one source item had "Private" set to "false" and no source items had "Private" set to "true".
         Primary reference "System.Diagnostics.DiagnosticSource, Version=8.0.0.0, Culture=neutral, PublicKeyToken=cc7b13ffcd2ddd51".
             Resolved file path is "C:\Program Files\dotnet\packs\Microsoft.NETCore.App.Ref\8.0.24\ref\net8.0\System.Diagnostics.DiagnosticSource.dll".
             Reference found at search path location "{RawFileName}".
             This reference is not "CopyLocal" because at least one source item had "Private" set to "false" and no source items had "Private" set to "true".
         Primary reference "System.Diagnostics.FileVersionInfo, Version=8.0.0.0, Culture=neutral, PublicKeyToken=b03f5f7f11d50a3a".
             Resolved file path is "C:\Program Files\dotnet\packs\Microsoft.NETCore.App.Ref\8.0.24\ref\net8.0\System.Diagnostics.FileVersionInfo.dll".
             Reference found at search path location "{RawFileName}".
             This reference is not "CopyLocal" because at least one source item had "Private" set to "false" and no source items had "Private" set to "true".
         Primary reference "System.Diagnostics.Process, Version=8.0.0.0, Culture=neutral, PublicKeyToken=b03f5f7f11d50a3a".
             Resolved file path is "C:\Program Files\dotnet\packs\Microsoft.NETCore.App.Ref\8.0.24\ref\net8.0\System.Diagnostics.Process.dll".
             Reference found at search path location "{RawFileName}".
             This reference is not "CopyLocal" because at least one source item had "Private" set to "false" and no source items had "Private" set to "true".
         Primary reference "System.Diagnostics.StackTrace, Version=8.0.0.0, Culture=neutral, PublicKeyToken=b03f5f7f11d50a3a".
             Resolved file path is "C:\Program Files\dotnet\packs\Microsoft.NETCore.App.Ref\8.0.24\ref\net8.0\System.Diagnostics.StackTrace.dll".
             Reference found at search path location "{RawFileName}".
             This reference is not "CopyLocal" because at least one source item had "Private" set to "false" and no source items had "Private" set to "true".
         Primary reference "System.Diagnostics.TextWriterTraceListener, Version=8.0.0.0, Culture=neutral, PublicKeyToken=b03f5f7f11d50a3a".
             Resolved file path is "C:\Program Files\dotnet\packs\Microsoft.NETCore.App.Ref\8.0.24\ref\net8.0\System.Diagnostics.TextWriterTraceListener.dll".
             Reference found at search path location "{RawFileName}".
             This reference is not "CopyLocal" because at least one source item had "Private" set to "false" and no source items had "Private" set to "true".
         Primary reference "System.Diagnostics.Tools, Version=8.0.0.0, Culture=neutral, PublicKeyToken=b03f5f7f11d50a3a".
             Resolved file path is "C:\Program Files\dotnet\packs\Microsoft.NETCore.App.Ref\8.0.24\ref\net8.0\System.Diagnostics.Tools.dll".
             Reference found at search path location "{RawFileName}".
             This reference is not "CopyLocal" because at least one source item had "Private" set to "false" and no source items had "Private" set to "true".
         Unified primary reference "System.Diagnostics.TraceSource, Version=8.0.0.0, Culture=neutral, PublicKeyToken=b03f5f7f11d50a3a".
             Using this version instead of original version "5.0.0.0" in "C:\Users\user\.nuget\packages\microsoft.web.webview2\1.0.2903.40\lib_manual\net5.0-windows10.0.17763.0\Microsoft.Web.WebView2.Wpf.dll" because AutoUnify is 'true'.
             Resolved file path is "C:\Program Files\dotnet\packs\Microsoft.NETCore.App.Ref\8.0.24\ref\net8.0\System.Diagnostics.TraceSource.dll".
             Reference found at search path location "{RawFileName}".
             This reference is not "CopyLocal" because at least one source item had "Private" set to "false" and no source items had "Private" set to "true".
         Primary reference "System.Diagnostics.Tracing, Version=8.0.0.0, Culture=neutral, PublicKeyToken=b03f5f7f11d50a3a".
             Resolved file path is "C:\Program Files\dotnet\packs\Microsoft.NETCore.App.Ref\8.0.24\ref\net8.0\System.Diagnostics.Tracing.dll".
             Reference found at search path location "{RawFileName}".
             This reference is not "CopyLocal" because at least one source item had "Private" set to "false" and no source items had "Private" set to "true".
         Unified primary reference "System.Drawing.Primitives, Version=8.0.0.0, Culture=neutral, PublicKeyToken=b03f5f7f11d50a3a".
             Using this version instead of original version "4.2.0.0" in "C:\Users\user\.nuget\packages\microsoft.web.webview2\1.0.2903.40\lib_manual\netcoreapp3.0\Microsoft.Web.WebView2.WinForms.dll" because AutoUnify is 'true'.
             Using this version instead of original version "5.0.0.0" in "C:\Users\user\.nuget\packages\microsoft.web.webview2\1.0.2903.40\lib_manual\net5.0-windows10.0.17763.0\Microsoft.Web.WebView2.Wpf.dll" because AutoUnify is 'true'.
             Resolved file path is "C:\Program Files\dotnet\packs\Microsoft.NETCore.App.Ref\8.0.24\ref\net8.0\System.Drawing.Primitives.dll".
             Reference found at search path location "{RawFileName}".
             This reference is not "CopyLocal" because at least one source item had "Private" set to "false" and no source items had "Private" set to "true".
         Primary reference "System.Drawing, Version=4.0.0.0, Culture=neutral, PublicKeyToken=b03f5f7f11d50a3a".
             Resolved file path is "C:\Program Files\dotnet\packs\Microsoft.NETCore.App.Ref\8.0.24\ref\net8.0\System.Drawing.dll".
             Reference found at search path location "{RawFileName}".
             This reference is not "CopyLocal" because at least one source item had "Private" set to "false" and no source items had "Private" set to "true".
         Primary reference "System.Dynamic.Runtime, Version=8.0.0.0, Culture=neutral, PublicKeyToken=b03f5f7f11d50a3a".
             Resolved file path is "C:\Program Files\dotnet\packs\Microsoft.NETCore.App.Ref\8.0.24\ref\net8.0\System.Dynamic.Runtime.dll".
             Reference found at search path location "{RawFileName}".
             This reference is not "CopyLocal" because at least one source item had "Private" set to "false" and no source items had "Private" set to "true".
         Primary reference "System.Formats.Asn1, Version=8.0.0.0, Culture=neutral, PublicKeyToken=cc7b13ffcd2ddd51".
             Resolved file path is "C:\Program Files\dotnet\packs\Microsoft.NETCore.App.Ref\8.0.24\ref\net8.0\System.Formats.Asn1.dll".
             Reference found at search path location "{RawFileName}".
             This reference is not "CopyLocal" because at least one source item had "Private" set to "false" and no source items had "Private" set to "true".
         Primary reference "System.Formats.Tar, Version=8.0.0.0, Culture=neutral, PublicKeyToken=cc7b13ffcd2ddd51".
             Resolved file path is "C:\Program Files\dotnet\packs\Microsoft.NETCore.App.Ref\8.0.24\ref\net8.0\System.Formats.Tar.dll".
             Reference found at search path location "{RawFileName}".
             This reference is not "CopyLocal" because at least one source item had "Private" set to "false" and no source items had "Private" set to "true".
         Primary reference "System.Globalization.Calendars, Version=8.0.0.0, Culture=neutral, PublicKeyToken=b03f5f7f11d50a3a".
             Resolved file path is "C:\Program Files\dotnet\packs\Microsoft.NETCore.App.Ref\8.0.24\ref\net8.0\System.Globalization.Calendars.dll".
             Reference found at search path location "{RawFileName}".
             This reference is not "CopyLocal" because at least one source item had "Private" set to "false" and no source items had "Private" set to "true".
         Primary reference "System.Globalization.Extensions, Version=8.0.0.0, Culture=neutral, PublicKeyToken=b03f5f7f11d50a3a".
             Resolved file path is "C:\Program Files\dotnet\packs\Microsoft.NETCore.App.Ref\8.0.24\ref\net8.0\System.Globalization.Extensions.dll".
             Reference found at search path location "{RawFileName}".
             This reference is not "CopyLocal" because at least one source item had "Private" set to "false" and no source items had "Private" set to "true".
         Primary reference "System.Globalization, Version=8.0.0.0, Culture=neutral, PublicKeyToken=b03f5f7f11d50a3a".
             Resolved file path is "C:\Program Files\dotnet\packs\Microsoft.NETCore.App.Ref\8.0.24\ref\net8.0\System.Globalization.dll".
             Reference found at search path location "{RawFileName}".
             This reference is not "CopyLocal" because at least one source item had "Private" set to "false" and no source items had "Private" set to "true".
         Primary reference "System.IO.Compression.Brotli, Version=8.0.0.0, Culture=neutral, PublicKeyToken=b77a5c561934e089".
             Resolved file path is "C:\Program Files\dotnet\packs\Microsoft.NETCore.App.Ref\8.0.24\ref\net8.0\System.IO.Compression.Brotli.dll".
             Reference found at search path location "{RawFileName}".
             This reference is not "CopyLocal" because at least one source item had "Private" set to "false" and no source items had "Private" set to "true".
         Primary reference "System.IO.Compression.FileSystem, Version=4.0.0.0, Culture=neutral, PublicKeyToken=b77a5c561934e089".
             Resolved file path is "C:\Program Files\dotnet\packs\Microsoft.NETCore.App.Ref\8.0.24\ref\net8.0\System.IO.Compression.FileSystem.dll".
             Reference found at search path location "{RawFileName}".
             This reference is not "CopyLocal" because at least one source item had "Private" set to "false" and no source items had "Private" set to "true".
         Primary reference "System.IO.Compression.ZipFile, Version=8.0.0.0, Culture=neutral, PublicKeyToken=b77a5c561934e089".
             Resolved file path is "C:\Program Files\dotnet\packs\Microsoft.NETCore.App.Ref\8.0.24\ref\net8.0\System.IO.Compression.ZipFile.dll".
             Reference found at search path location "{RawFileName}".
             This reference is not "CopyLocal" because at least one source item had "Private" set to "false" and no source items had "Private" set to "true".
         Primary reference "System.IO.Compression, Version=8.0.0.0, Culture=neutral, PublicKeyToken=b77a5c561934e089".
             Resolved file path is "C:\Program Files\dotnet\packs\Microsoft.NETCore.App.Ref\8.0.24\ref\net8.0\System.IO.Compression.dll".
             Reference found at search path location "{RawFileName}".
             This reference is not "CopyLocal" because at least one source item had "Private" set to "false" and no source items had "Private" set to "true".
         Primary reference "System.IO.FileSystem.AccessControl, Version=8.0.0.0, Culture=neutral, PublicKeyToken=b03f5f7f11d50a3a".
             Resolved file path is "C:\Program Files\dotnet\packs\Microsoft.NETCore.App.Ref\8.0.24\ref\net8.0\System.IO.FileSystem.AccessControl.dll".
             Reference found at search path location "{RawFileName}".
             This reference is not "CopyLocal" because at least one source item had "Private" set to "false" and no source items had "Private" set to "true".
         Primary reference "System.IO.FileSystem.DriveInfo, Version=8.0.0.0, Culture=neutral, PublicKeyToken=b03f5f7f11d50a3a".
             Resolved file path is "C:\Program Files\dotnet\packs\Microsoft.NETCore.App.Ref\8.0.24\ref\net8.0\System.IO.FileSystem.DriveInfo.dll".
             Reference found at search path location "{RawFileName}".
             This reference is not "CopyLocal" because at least one source item had "Private" set to "false" and no source items had "Private" set to "true".
         Primary reference "System.IO.FileSystem.Primitives, Version=8.0.0.0, Culture=neutral, PublicKeyToken=b03f5f7f11d50a3a".
             Resolved file path is "C:\Program Files\dotnet\packs\Microsoft.NETCore.App.Ref\8.0.24\ref\net8.0\System.IO.FileSystem.Primitives.dll".
             Reference found at search path location "{RawFileName}".
             This reference is not "CopyLocal" because at least one source item had "Private" set to "false" and no source items had "Private" set to "true".
         Primary reference "System.IO.FileSystem.Watcher, Version=8.0.0.0, Culture=neutral, PublicKeyToken=b03f5f7f11d50a3a".
             Resolved file path is "C:\Program Files\dotnet\packs\Microsoft.NETCore.App.Ref\8.0.24\ref\net8.0\System.IO.FileSystem.Watcher.dll".
             Reference found at search path location "{RawFileName}".
             This reference is not "CopyLocal" because at least one source item had "Private" set to "false" and no source items had "Private" set to "true".
         Primary reference "System.IO.FileSystem, Version=8.0.0.0, Culture=neutral, PublicKeyToken=b03f5f7f11d50a3a".
             Resolved file path is "C:\Program Files\dotnet\packs\Microsoft.NETCore.App.Ref\8.0.24\ref\net8.0\System.IO.FileSystem.dll".
             Reference found at search path location "{RawFileName}".
             This reference is not "CopyLocal" because at least one source item had "Private" set to "false" and no source items had "Private" set to "true".
         Primary reference "System.IO.IsolatedStorage, Version=8.0.0.0, Culture=neutral, PublicKeyToken=b03f5f7f11d50a3a".
             Resolved file path is "C:\Program Files\dotnet\packs\Microsoft.NETCore.App.Ref\8.0.24\ref\net8.0\System.IO.IsolatedStorage.dll".
             Reference found at search path location "{RawFileName}".
             This reference is not "CopyLocal" because at least one source item had "Private" set to "false" and no source items had "Private" set to "true".
         Primary reference "System.IO.MemoryMappedFiles, Version=8.0.0.0, Culture=neutral, PublicKeyToken=b03f5f7f11d50a3a".
             Resolved file path is "C:\Program Files\dotnet\packs\Microsoft.NETCore.App.Ref\8.0.24\ref\net8.0\System.IO.MemoryMappedFiles.dll".
             Reference found at search path location "{RawFileName}".
             This reference is not "CopyLocal" because at least one source item had "Private" set to "false" and no source items had "Private" set to "true".
         Primary reference "System.IO.Pipes.AccessControl, Version=8.0.0.0, Culture=neutral, PublicKeyToken=b03f5f7f11d50a3a".
             Resolved file path is "C:\Program Files\dotnet\packs\Microsoft.NETCore.App.Ref\8.0.24\ref\net8.0\System.IO.Pipes.AccessControl.dll".
             Reference found at search path location "{RawFileName}".
             This reference is not "CopyLocal" because at least one source item had "Private" set to "false" and no source items had "Private" set to "true".
         Primary reference "System.IO.Pipes, Version=8.0.0.0, Culture=neutral, PublicKeyToken=b03f5f7f11d50a3a".
             Resolved file path is "C:\Program Files\dotnet\packs\Microsoft.NETCore.App.Ref\8.0.24\ref\net8.0\System.IO.Pipes.dll".
             Reference found at search path location "{RawFileName}".
             This reference is not "CopyLocal" because at least one source item had "Private" set to "false" and no source items had "Private" set to "true".
         Primary reference "System.IO.UnmanagedMemoryStream, Version=8.0.0.0, Culture=neutral, PublicKeyToken=b03f5f7f11d50a3a".
             Resolved file path is "C:\Program Files\dotnet\packs\Microsoft.NETCore.App.Ref\8.0.24\ref\net8.0\System.IO.UnmanagedMemoryStream.dll".
             Reference found at search path location "{RawFileName}".
             This reference is not "CopyLocal" because at least one source item had "Private" set to "false" and no source items had "Private" set to "true".
         Primary reference "System.IO, Version=8.0.0.0, Culture=neutral, PublicKeyToken=b03f5f7f11d50a3a".
             Resolved file path is "C:\Program Files\dotnet\packs\Microsoft.NETCore.App.Ref\8.0.24\ref\net8.0\System.IO.dll".
             Reference found at search path location "{RawFileName}".
             This reference is not "CopyLocal" because at least one source item had "Private" set to "false" and no source items had "Private" set to "true".
         Primary reference "System.Linq.Expressions, Version=8.0.0.0, Culture=neutral, PublicKeyToken=b03f5f7f11d50a3a".
             Resolved file path is "C:\Program Files\dotnet\packs\Microsoft.NETCore.App.Ref\8.0.24\ref\net8.0\System.Linq.Expressions.dll".
             Reference found at search path location "{RawFileName}".
             This reference is not "CopyLocal" because at least one source item had "Private" set to "false" and no source items had "Private" set to "true".
         Primary reference "System.Linq.Parallel, Version=8.0.0.0, Culture=neutral, PublicKeyToken=b03f5f7f11d50a3a".
             Resolved file path is "C:\Program Files\dotnet\packs\Microsoft.NETCore.App.Ref\8.0.24\ref\net8.0\System.Linq.Parallel.dll".
             Reference found at search path location "{RawFileName}".
             This reference is not "CopyLocal" because at least one source item had "Private" set to "false" and no source items had "Private" set to "true".
         Primary reference "System.Linq.Queryable, Version=8.0.0.0, Culture=neutral, PublicKeyToken=b03f5f7f11d50a3a".
             Resolved file path is "C:\Program Files\dotnet\packs\Microsoft.NETCore.App.Ref\8.0.24\ref\net8.0\System.Linq.Queryable.dll".
             Reference found at search path location "{RawFileName}".
             This reference is not "CopyLocal" because at least one source item had "Private" set to "false" and no source items had "Private" set to "true".
         Primary reference "System.Linq, Version=8.0.0.0, Culture=neutral, PublicKeyToken=b03f5f7f11d50a3a".
             Resolved file path is "C:\Program Files\dotnet\packs\Microsoft.NETCore.App.Ref\8.0.24\ref\net8.0\System.Linq.dll".
             Reference found at search path location "{RawFileName}".
             This reference is not "CopyLocal" because at least one source item had "Private" set to "false" and no source items had "Private" set to "true".
         Primary reference "System.Memory, Version=8.0.0.0, Culture=neutral, PublicKeyToken=cc7b13ffcd2ddd51".
             Resolved file path is "C:\Program Files\dotnet\packs\Microsoft.NETCore.App.Ref\8.0.24\ref\net8.0\System.Memory.dll".
             Reference found at search path location "{RawFileName}".
             This reference is not "CopyLocal" because at least one source item had "Private" set to "false" and no source items had "Private" set to "true".
         Primary reference "System.Net.Http.Json, Version=8.0.0.0, Culture=neutral, PublicKeyToken=cc7b13ffcd2ddd51".
             Resolved file path is "C:\Program Files\dotnet\packs\Microsoft.NETCore.App.Ref\8.0.24\ref\net8.0\System.Net.Http.Json.dll".
             Reference found at search path location "{RawFileName}".
             This reference is not "CopyLocal" because at least one source item had "Private" set to "false" and no source items had "Private" set to "true".
         Primary reference "System.Net.Http, Version=8.0.0.0, Culture=neutral, PublicKeyToken=b03f5f7f11d50a3a".
             Resolved file path is "C:\Program Files\dotnet\packs\Microsoft.NETCore.App.Ref\8.0.24\ref\net8.0\System.Net.Http.dll".
             Reference found at search path location "{RawFileName}".
             This reference is not "CopyLocal" because at least one source item had "Private" set to "false" and no source items had "Private" set to "true".
         Primary reference "System.Net.HttpListener, Version=8.0.0.0, Culture=neutral, PublicKeyToken=cc7b13ffcd2ddd51".
             Resolved file path is "C:\Program Files\dotnet\packs\Microsoft.NETCore.App.Ref\8.0.24\ref\net8.0\System.Net.HttpListener.dll".
             Reference found at search path location "{RawFileName}".
             This reference is not "CopyLocal" because at least one source item had "Private" set to "false" and no source items had "Private" set to "true".
         Primary reference "System.Net.Mail, Version=8.0.0.0, Culture=neutral, PublicKeyToken=cc7b13ffcd2ddd51".
             Resolved file path is "C:\Program Files\dotnet\packs\Microsoft.NETCore.App.Ref\8.0.24\ref\net8.0\System.Net.Mail.dll".
             Reference found at search path location "{RawFileName}".
             This reference is not "CopyLocal" because at least one source item had "Private" set to "false" and no source items had "Private" set to "true".
         Primary reference "System.Net.NameResolution, Version=8.0.0.0, Culture=neutral, PublicKeyToken=b03f5f7f11d50a3a".
             Resolved file path is "C:\Program Files\dotnet\packs\Microsoft.NETCore.App.Ref\8.0.24\ref\net8.0\System.Net.NameResolution.dll".
             Reference found at search path location "{RawFileName}".
             This reference is not "CopyLocal" because at least one source item had "Private" set to "false" and no source items had "Private" set to "true".
         Primary reference "System.Net.NetworkInformation, Version=8.0.0.0, Culture=neutral, PublicKeyToken=b03f5f7f11d50a3a".
             Resolved file path is "C:\Program Files\dotnet\packs\Microsoft.NETCore.App.Ref\8.0.24\ref\net8.0\System.Net.NetworkInformation.dll".
             Reference found at search path location "{RawFileName}".
             This reference is not "CopyLocal" because at least one source item had "Private" set to "false" and no source items had "Private" set to "true".
         Primary reference "System.Net.Ping, Version=8.0.0.0, Culture=neutral, PublicKeyToken=b03f5f7f11d50a3a".
             Resolved file path is "C:\Program Files\dotnet\packs\Microsoft.NETCore.App.Ref\8.0.24\ref\net8.0\System.Net.Ping.dll".
             Reference found at search path location "{RawFileName}".
             This reference is not "CopyLocal" because at least one source item had "Private" set to "false" and no source items had "Private" set to "true".
         Primary reference "System.Net.Primitives, Version=8.0.0.0, Culture=neutral, PublicKeyToken=b03f5f7f11d50a3a".
             Resolved file path is "C:\Program Files\dotnet\packs\Microsoft.NETCore.App.Ref\8.0.24\ref\net8.0\System.Net.Primitives.dll".
             Reference found at search path location "{RawFileName}".
             This reference is not "CopyLocal" because at least one source item had "Private" set to "false" and no source items had "Private" set to "true".
         Primary reference "System.Net.Quic, Version=8.0.0.0, Culture=neutral, PublicKeyToken=b03f5f7f11d50a3a".
             Resolved file path is "C:\Program Files\dotnet\packs\Microsoft.NETCore.App.Ref\8.0.24\ref\net8.0\System.Net.Quic.dll".
             Reference found at search path location "{RawFileName}".
             This reference is not "CopyLocal" because at least one source item had "Private" set to "false" and no source items had "Private" set to "true".
         Primary reference "System.Net.Requests, Version=8.0.0.0, Culture=neutral, PublicKeyToken=b03f5f7f11d50a3a".
             Resolved file path is "C:\Program Files\dotnet\packs\Microsoft.NETCore.App.Ref\8.0.24\ref\net8.0\System.Net.Requests.dll".
             Reference found at search path location "{RawFileName}".
             This reference is not "CopyLocal" because at least one source item had "Private" set to "false" and no source items had "Private" set to "true".
         Primary reference "System.Net.Security, Version=8.0.0.0, Culture=neutral, PublicKeyToken=b03f5f7f11d50a3a".
             Resolved file path is "C:\Program Files\dotnet\packs\Microsoft.NETCore.App.Ref\8.0.24\ref\net8.0\System.Net.Security.dll".
             Reference found at search path location "{RawFileName}".
             This reference is not "CopyLocal" because at least one source item had "Private" set to "false" and no source items had "Private" set to "true".
         Primary reference "System.Net.ServicePoint, Version=8.0.0.0, Culture=neutral, PublicKeyToken=cc7b13ffcd2ddd51".
             Resolved file path is "C:\Program Files\dotnet\packs\Microsoft.NETCore.App.Ref\8.0.24\ref\net8.0\System.Net.ServicePoint.dll".
             Reference found at search path location "{RawFileName}".
             This reference is not "CopyLocal" because at least one source item had "Private" set to "false" and no source items had "Private" set to "true".
         Primary reference "System.Net.Sockets, Version=8.0.0.0, Culture=neutral, PublicKeyToken=b03f5f7f11d50a3a".
             Resolved file path is "C:\Program Files\dotnet\packs\Microsoft.NETCore.App.Ref\8.0.24\ref\net8.0\System.Net.Sockets.dll".
             Reference found at search path location "{RawFileName}".
             This reference is not "CopyLocal" because at least one source item had "Private" set to "false" and no source items had "Private" set to "true".
         Primary reference "System.Net.WebClient, Version=8.0.0.0, Culture=neutral, PublicKeyToken=cc7b13ffcd2ddd51".
             Resolved file path is "C:\Program Files\dotnet\packs\Microsoft.NETCore.App.Ref\8.0.24\ref\net8.0\System.Net.WebClient.dll".
             Reference found at search path location "{RawFileName}".
             This reference is not "CopyLocal" because at least one source item had "Private" set to "false" and no source items had "Private" set to "true".
         Primary reference "System.Net.WebHeaderCollection, Version=8.0.0.0, Culture=neutral, PublicKeyToken=b03f5f7f11d50a3a".
             Resolved file path is "C:\Program Files\dotnet\packs\Microsoft.NETCore.App.Ref\8.0.24\ref\net8.0\System.Net.WebHeaderCollection.dll".
             Reference found at search path location "{RawFileName}".
             This reference is not "CopyLocal" because at least one source item had "Private" set to "false" and no source items had "Private" set to "true".
         Primary reference "System.Net.WebProxy, Version=8.0.0.0, Culture=neutral, PublicKeyToken=cc7b13ffcd2ddd51".
             Resolved file path is "C:\Program Files\dotnet\packs\Microsoft.NETCore.App.Ref\8.0.24\ref\net8.0\System.Net.WebProxy.dll".
             Reference found at search path location "{RawFileName}".
             This reference is not "CopyLocal" because at least one source item had "Private" set to "false" and no source items had "Private" set to "true".
         Primary reference "System.Net.WebSockets.Client, Version=8.0.0.0, Culture=neutral, PublicKeyToken=b03f5f7f11d50a3a".
             Resolved file path is "C:\Program Files\dotnet\packs\Microsoft.NETCore.App.Ref\8.0.24\ref\net8.0\System.Net.WebSockets.Client.dll".
             Reference found at search path location "{RawFileName}".
             This reference is not "CopyLocal" because at least one source item had "Private" set to "false" and no source items had "Private" set to "true".
         Primary reference "System.Net.WebSockets, Version=8.0.0.0, Culture=neutral, PublicKeyToken=b03f5f7f11d50a3a".
             Resolved file path is "C:\Program Files\dotnet\packs\Microsoft.NETCore.App.Ref\8.0.24\ref\net8.0\System.Net.WebSockets.dll".
             Reference found at search path location "{RawFileName}".
             This reference is not "CopyLocal" because at least one source item had "Private" set to "false" and no source items had "Private" set to "true".
         Primary reference "System.Net, Version=4.0.0.0, Culture=neutral, PublicKeyToken=b03f5f7f11d50a3a".
             Resolved file path is "C:\Program Files\dotnet\packs\Microsoft.NETCore.App.Ref\8.0.24\ref\net8.0\System.Net.dll".
             Reference found at search path location "{RawFileName}".
             This reference is not "CopyLocal" because at least one source item had "Private" set to "false" and no source items had "Private" set to "true".
         Primary reference "System.Numerics.Vectors, Version=8.0.0.0, Culture=neutral, PublicKeyToken=b03f5f7f11d50a3a".
             Resolved file path is "C:\Program Files\dotnet\packs\Microsoft.NETCore.App.Ref\8.0.24\ref\net8.0\System.Numerics.Vectors.dll".
             Reference found at search path location "{RawFileName}".
             This reference is not "CopyLocal" because at least one source item had "Private" set to "false" and no source items had "Private" set to "true".
         Primary reference "System.Numerics, Version=4.0.0.0, Culture=neutral, PublicKeyToken=b77a5c561934e089".
             Resolved file path is "C:\Program Files\dotnet\packs\Microsoft.NETCore.App.Ref\8.0.24\ref\net8.0\System.Numerics.dll".
             Reference found at search path location "{RawFileName}".
             This reference is not "CopyLocal" because at least one source item had "Private" set to "false" and no source items had "Private" set to "true".
         Primary reference "System.ObjectModel, Version=8.0.0.0, Culture=neutral, PublicKeyToken=b03f5f7f11d50a3a".
             Resolved file path is "C:\Program Files\dotnet\packs\Microsoft.NETCore.App.Ref\8.0.24\ref\net8.0\System.ObjectModel.dll".
             Reference found at search path location "{RawFileName}".
             This reference is not "CopyLocal" because at least one source item had "Private" set to "false" and no source items had "Private" set to "true".
         Primary reference "System.Reflection.DispatchProxy, Version=8.0.0.0, Culture=neutral, PublicKeyToken=b03f5f7f11d50a3a".
             Resolved file path is "C:\Program Files\dotnet\packs\Microsoft.NETCore.App.Ref\8.0.24\ref\net8.0\System.Reflection.DispatchProxy.dll".
             Reference found at search path location "{RawFileName}".
             This reference is not "CopyLocal" because at least one source item had "Private" set to "false" and no source items had "Private" set to "true".
         Primary reference "System.Reflection.Emit.ILGeneration, Version=8.0.0.0, Culture=neutral, PublicKeyToken=b03f5f7f11d50a3a".
             Resolved file path is "C:\Program Files\dotnet\packs\Microsoft.NETCore.App.Ref\8.0.24\ref\net8.0\System.Reflection.Emit.ILGeneration.dll".
             Reference found at search path location "{RawFileName}".
             This reference is not "CopyLocal" because at least one source item had "Private" set to "false" and no source items had "Private" set to "true".
         Primary reference "System.Reflection.Emit.Lightweight, Version=8.0.0.0, Culture=neutral, PublicKeyToken=b03f5f7f11d50a3a".
             Resolved file path is "C:\Program Files\dotnet\packs\Microsoft.NETCore.App.Ref\8.0.24\ref\net8.0\System.Reflection.Emit.Lightweight.dll".
             Reference found at search path location "{RawFileName}".
             This reference is not "CopyLocal" because at least one source item had "Private" set to "false" and no source items had "Private" set to "true".
         Primary reference "System.Reflection.Emit, Version=8.0.0.0, Culture=neutral, PublicKeyToken=b03f5f7f11d50a3a".
             Resolved file path is "C:\Program Files\dotnet\packs\Microsoft.NETCore.App.Ref\8.0.24\ref\net8.0\System.Reflection.Emit.dll".
             Reference found at search path location "{RawFileName}".
             This reference is not "CopyLocal" because at least one source item had "Private" set to "false" and no source items had "Private" set to "true".
         Primary reference "System.Reflection.Extensions, Version=8.0.0.0, Culture=neutral, PublicKeyToken=b03f5f7f11d50a3a".
             Resolved file path is "C:\Program Files\dotnet\packs\Microsoft.NETCore.App.Ref\8.0.24\ref\net8.0\System.Reflection.Extensions.dll".
             Reference found at search path location "{RawFileName}".
             This reference is not "CopyLocal" because at least one source item had "Private" set to "false" and no source items had "Private" set to "true".
         Primary reference "System.Reflection.Metadata, Version=8.0.0.0, Culture=neutral, PublicKeyToken=b03f5f7f11d50a3a".
             Resolved file path is "C:\Program Files\dotnet\packs\Microsoft.NETCore.App.Ref\8.0.24\ref\net8.0\System.Reflection.Metadata.dll".
             Reference found at search path location "{RawFileName}".
             This reference is not "CopyLocal" because at least one source item had "Private" set to "false" and no source items had "Private" set to "true".
         Primary reference "System.Reflection.Primitives, Version=8.0.0.0, Culture=neutral, PublicKeyToken=b03f5f7f11d50a3a".
             Resolved file path is "C:\Program Files\dotnet\packs\Microsoft.NETCore.App.Ref\8.0.24\ref\net8.0\System.Reflection.Primitives.dll".
             Reference found at search path location "{RawFileName}".
             This reference is not "CopyLocal" because at least one source item had "Private" set to "false" and no source items had "Private" set to "true".
         Primary reference "System.Reflection.TypeExtensions, Version=8.0.0.0, Culture=neutral, PublicKeyToken=b03f5f7f11d50a3a".
             Resolved file path is "C:\Program Files\dotnet\packs\Microsoft.NETCore.App.Ref\8.0.24\ref\net8.0\System.Reflection.TypeExtensions.dll".
             Reference found at search path location "{RawFileName}".
             This reference is not "CopyLocal" because at least one source item had "Private" set to "false" and no source items had "Private" set to "true".
         Primary reference "System.Reflection, Version=8.0.0.0, Culture=neutral, PublicKeyToken=b03f5f7f11d50a3a".
             Resolved file path is "C:\Program Files\dotnet\packs\Microsoft.NETCore.App.Ref\8.0.24\ref\net8.0\System.Reflection.dll".
             Reference found at search path location "{RawFileName}".
             This reference is not "CopyLocal" because at least one source item had "Private" set to "false" and no source items had "Private" set to "true".
         Primary reference "System.Resources.Reader, Version=8.0.0.0, Culture=neutral, PublicKeyToken=b03f5f7f11d50a3a".
             Resolved file path is "C:\Program Files\dotnet\packs\Microsoft.NETCore.App.Ref\8.0.24\ref\net8.0\System.Resources.Reader.dll".
             Reference found at search path location "{RawFileName}".
             This reference is not "CopyLocal" because at least one source item had "Private" set to "false" and no source items had "Private" set to "true".
         Primary reference "System.Resources.ResourceManager, Version=8.0.0.0, Culture=neutral, PublicKeyToken=b03f5f7f11d50a3a".
             Resolved file path is "C:\Program Files\dotnet\packs\Microsoft.NETCore.App.Ref\8.0.24\ref\net8.0\System.Resources.ResourceManager.dll".
             Reference found at search path location "{RawFileName}".
             This reference is not "CopyLocal" because at least one source item had "Private" set to "false" and no source items had "Private" set to "true".
         Primary reference "System.Resources.Writer, Version=8.0.0.0, Culture=neutral, PublicKeyToken=b03f5f7f11d50a3a".
             Resolved file path is "C:\Program Files\dotnet\packs\Microsoft.NETCore.App.Ref\8.0.24\ref\net8.0\System.Resources.Writer.dll".
             Reference found at search path location "{RawFileName}".
             This reference is not "CopyLocal" because at least one source item had "Private" set to "false" and no source items had "Private" set to "true".
         Primary reference "System.Runtime.CompilerServices.Unsafe, Version=8.0.0.0, Culture=neutral, PublicKeyToken=b03f5f7f11d50a3a".
             Resolved file path is "C:\Program Files\dotnet\packs\Microsoft.NETCore.App.Ref\8.0.24\ref\net8.0\System.Runtime.CompilerServices.Unsafe.dll".
             Reference found at search path location "{RawFileName}".
             This reference is not "CopyLocal" because at least one source item had "Private" set to "false" and no source items had "Private" set to "true".
         Primary reference "System.Runtime.CompilerServices.VisualC, Version=8.0.0.0, Culture=neutral, PublicKeyToken=b03f5f7f11d50a3a".
             Resolved file path is "C:\Program Files\dotnet\packs\Microsoft.NETCore.App.Ref\8.0.24\ref\net8.0\System.Runtime.CompilerServices.VisualC.dll".
             Reference found at search path location "{RawFileName}".
             This reference is not "CopyLocal" because at least one source item had "Private" set to "false" and no source items had "Private" set to "true".
         Unified primary reference "System.Runtime.Extensions, Version=8.0.0.0, Culture=neutral, PublicKeyToken=b03f5f7f11d50a3a".
             Using this version instead of original version "4.2.1.0" in "C:\Users\user\.nuget\packages\microsoft.web.webview2\1.0.2903.40\lib_manual\netcoreapp3.0\Microsoft.Web.WebView2.WinForms.dll" because AutoUnify is 'true'.
             Resolved file path is "C:\Program Files\dotnet\packs\Microsoft.NETCore.App.Ref\8.0.24\ref\net8.0\System.Runtime.Extensions.dll".
             Reference found at search path location "{RawFileName}".
             This reference is not "CopyLocal" because at least one source item had "Private" set to "false" and no source items had "Private" set to "true".
         Primary reference "System.Runtime.Handles, Version=8.0.0.0, Culture=neutral, PublicKeyToken=b03f5f7f11d50a3a".
             Resolved file path is "C:\Program Files\dotnet\packs\Microsoft.NETCore.App.Ref\8.0.24\ref\net8.0\System.Runtime.Handles.dll".
             Reference found at search path location "{RawFileName}".
             This reference is not "CopyLocal" because at least one source item had "Private" set to "false" and no source items had "Private" set to "true".
         Primary reference "System.Runtime.InteropServices.JavaScript, Version=8.0.0.0, Culture=neutral, PublicKeyToken=b03f5f7f11d50a3a".
             Resolved file path is "C:\Program Files\dotnet\packs\Microsoft.NETCore.App.Ref\8.0.24\ref\net8.0\System.Runtime.InteropServices.JavaScript.dll".
             Reference found at search path location "{RawFileName}".
             This reference is not "CopyLocal" because at least one source item had "Private" set to "false" and no source items had "Private" set to "true".
         Primary reference "System.Runtime.InteropServices.RuntimeInformation, Version=8.0.0.0, Culture=neutral, PublicKeyToken=b03f5f7f11d50a3a".
             Resolved file path is "C:\Program Files\dotnet\packs\Microsoft.NETCore.App.Ref\8.0.24\ref\net8.0\System.Runtime.InteropServices.RuntimeInformation.dll".
             Reference found at search path location "{RawFileName}".
             This reference is not "CopyLocal" because at least one source item had "Private" set to "false" and no source items had "Private" set to "true".
         Unified primary reference "System.Runtime.InteropServices, Version=8.0.0.0, Culture=neutral, PublicKeyToken=b03f5f7f11d50a3a".
             Using this version instead of original version "5.0.0.0" in "C:\Users\user\.nuget\packages\microsoft.web.webview2\1.0.2903.40\lib_manual\net5.0-windows10.0.17763.0\Microsoft.Web.WebView2.Wpf.dll" because AutoUnify is 'true'.
             Resolved file path is "C:\Program Files\dotnet\packs\Microsoft.NETCore.App.Ref\8.0.24\ref\net8.0\System.Runtime.InteropServices.dll".
             Reference found at search path location "{RawFileName}".
             This reference is not "CopyLocal" because at least one source item had "Private" set to "false" and no source items had "Private" set to "true".
         Primary reference "System.Runtime.Intrinsics, Version=8.0.0.0, Culture=neutral, PublicKeyToken=cc7b13ffcd2ddd51".
             Resolved file path is "C:\Program Files\dotnet\packs\Microsoft.NETCore.App.Ref\8.0.24\ref\net8.0\System.Runtime.Intrinsics.dll".
             Reference found at search path location "{RawFileName}".
             This reference is not "CopyLocal" because at least one source item had "Private" set to "false" and no source items had "Private" set to "true".
         Primary reference "System.Runtime.Loader, Version=8.0.0.0, Culture=neutral, PublicKeyToken=b03f5f7f11d50a3a".
             Resolved file path is "C:\Program Files\dotnet\packs\Microsoft.NETCore.App.Ref\8.0.24\ref\net8.0\System.Runtime.Loader.dll".
             Reference found at search path location "{RawFileName}".
             This reference is not "CopyLocal" because at least one source item had "Private" set to "false" and no source items had "Private" set to "true".
         Primary reference "System.Runtime.Numerics, Version=8.0.0.0, Culture=neutral, PublicKeyToken=b03f5f7f11d50a3a".
             Resolved file path is "C:\Program Files\dotnet\packs\Microsoft.NETCore.App.Ref\8.0.24\ref\net8.0\System.Runtime.Numerics.dll".
             Reference found at search path location "{RawFileName}".
             This reference is not "CopyLocal" because at least one source item had "Private" set to "false" and no source items had "Private" set to "true".
         Primary reference "System.Runtime.Serialization.Formatters, Version=8.0.0.0, Culture=neutral, PublicKeyToken=b03f5f7f11d50a3a".
             Resolved file path is "C:\Program Files\dotnet\packs\Microsoft.NETCore.App.Ref\8.0.24\ref\net8.0\System.Runtime.Serialization.Formatters.dll".
             Reference found at search path location "{RawFileName}".
             This reference is not "CopyLocal" because at least one source item had "Private" set to "false" and no source items had "Private" set to "true".
         Primary reference "System.Runtime.Serialization.Json, Version=8.0.0.0, Culture=neutral, PublicKeyToken=b03f5f7f11d50a3a".
             Resolved file path is "C:\Program Files\dotnet\packs\Microsoft.NETCore.App.Ref\8.0.24\ref\net8.0\System.Runtime.Serialization.Json.dll".
             Reference found at search path location "{RawFileName}".
             This reference is not "CopyLocal" because at least one source item had "Private" set to "false" and no source items had "Private" set to "true".
         Primary reference "System.Runtime.Serialization.Primitives, Version=8.0.0.0, Culture=neutral, PublicKeyToken=b03f5f7f11d50a3a".
             Resolved file path is "C:\Program Files\dotnet\packs\Microsoft.NETCore.App.Ref\8.0.24\ref\net8.0\System.Runtime.Serialization.Primitives.dll".
             Reference found at search path location "{RawFileName}".
             This reference is not "CopyLocal" because at least one source item had "Private" set to "false" and no source items had "Private" set to "true".
         Primary reference "System.Runtime.Serialization.Xml, Version=8.0.0.0, Culture=neutral, PublicKeyToken=b03f5f7f11d50a3a".
             Resolved file path is "C:\Program Files\dotnet\packs\Microsoft.NETCore.App.Ref\8.0.24\ref\net8.0\System.Runtime.Serialization.Xml.dll".
             Reference found at search path location "{RawFileName}".
             This reference is not "CopyLocal" because at least one source item had "Private" set to "false" and no source items had "Private" set to "true".
         Primary reference "System.Runtime.Serialization, Version=4.0.0.0, Culture=neutral, PublicKeyToken=b77a5c561934e089".
             Resolved file path is "C:\Program Files\dotnet\packs\Microsoft.NETCore.App.Ref\8.0.24\ref\net8.0\System.Runtime.Serialization.dll".
             Reference found at search path location "{RawFileName}".
             This reference is not "CopyLocal" because at least one source item had "Private" set to "false" and no source items had "Private" set to "true".
         Unified primary reference "System.Runtime, Version=8.0.0.0, Culture=neutral, PublicKeyToken=b03f5f7f11d50a3a".
             Using this version instead of original version "4.2.1.0" in "C:\Users\user\.nuget\packages\microsoft.web.webview2\1.0.2903.40\lib_manual\netcoreapp3.0\Microsoft.Web.WebView2.WinForms.dll" because AutoUnify is 'true'.
             Using this version instead of original version "5.0.0.0" in "C:\Users\user\.nuget\packages\microsoft.web.webview2\1.0.2903.40\lib_manual\net5.0-windows10.0.17763.0\Microsoft.Web.WebView2.Wpf.dll" because AutoUnify is 'true'.
             Resolved file path is "C:\Program Files\dotnet\packs\Microsoft.NETCore.App.Ref\8.0.24\ref\net8.0\System.Runtime.dll".
             Reference found at search path location "{RawFileName}".
             This reference is not "CopyLocal" because at least one source item had "Private" set to "false" and no source items had "Private" set to "true".
         Primary reference "System.Security.AccessControl, Version=8.0.0.0, Culture=neutral, PublicKeyToken=b03f5f7f11d50a3a".
             Resolved file path is "C:\Program Files\dotnet\packs\Microsoft.NETCore.App.Ref\8.0.24\ref\net8.0\System.Security.AccessControl.dll".
             Reference found at search path location "{RawFileName}".
             This reference is not "CopyLocal" because at least one source item had "Private" set to "false" and no source items had "Private" set to "true".
         Primary reference "System.Security.Claims, Version=8.0.0.0, Culture=neutral, PublicKeyToken=b03f5f7f11d50a3a".
             Resolved file path is "C:\Program Files\dotnet\packs\Microsoft.NETCore.App.Ref\8.0.24\ref\net8.0\System.Security.Claims.dll".
             Reference found at search path location "{RawFileName}".
             This reference is not "CopyLocal" because at least one source item had "Private" set to "false" and no source items had "Private" set to "true".
         Primary reference "System.Security.Cryptography.Algorithms, Version=8.0.0.0, Culture=neutral, PublicKeyToken=b03f5f7f11d50a3a".
             Resolved file path is "C:\Program Files\dotnet\packs\Microsoft.NETCore.App.Ref\8.0.24\ref\net8.0\System.Security.Cryptography.Algorithms.dll".
             Reference found at search path location "{RawFileName}".
             This reference is not "CopyLocal" because at least one source item had "Private" set to "false" and no source items had "Private" set to "true".
         Primary reference "System.Security.Cryptography.Cng, Version=8.0.0.0, Culture=neutral, PublicKeyToken=b03f5f7f11d50a3a".
             Resolved file path is "C:\Program Files\dotnet\packs\Microsoft.NETCore.App.Ref\8.0.24\ref\net8.0\System.Security.Cryptography.Cng.dll".
             Reference found at search path location "{RawFileName}".
             This reference is not "CopyLocal" because at least one source item had "Private" set to "false" and no source items had "Private" set to "true".
         Primary reference "System.Security.Cryptography.Csp, Version=8.0.0.0, Culture=neutral, PublicKeyToken=b03f5f7f11d50a3a".
             Resolved file path is "C:\Program Files\dotnet\packs\Microsoft.NETCore.App.Ref\8.0.24\ref\net8.0\System.Security.Cryptography.Csp.dll".
             Reference found at search path location "{RawFileName}".
             This reference is not "CopyLocal" because at least one source item had "Private" set to "false" and no source items had "Private" set to "true".
         Primary reference "System.Security.Cryptography.Encoding, Version=8.0.0.0, Culture=neutral, PublicKeyToken=b03f5f7f11d50a3a".
             Resolved file path is "C:\Program Files\dotnet\packs\Microsoft.NETCore.App.Ref\8.0.24\ref\net8.0\System.Security.Cryptography.Encoding.dll".
             Reference found at search path location "{RawFileName}".
             This reference is not "CopyLocal" because at least one source item had "Private" set to "false" and no source items had "Private" set to "true".
         Primary reference "System.Security.Cryptography.OpenSsl, Version=8.0.0.0, Culture=neutral, PublicKeyToken=b03f5f7f11d50a3a".
             Resolved file path is "C:\Program Files\dotnet\packs\Microsoft.NETCore.App.Ref\8.0.24\ref\net8.0\System.Security.Cryptography.OpenSsl.dll".
             Reference found at search path location "{RawFileName}".
             This reference is not "CopyLocal" because at least one source item had "Private" set to "false" and no source items had "Private" set to "true".
         Primary reference "System.Security.Cryptography.Primitives, Version=8.0.0.0, Culture=neutral, PublicKeyToken=b03f5f7f11d50a3a".
             Resolved file path is "C:\Program Files\dotnet\packs\Microsoft.NETCore.App.Ref\8.0.24\ref\net8.0\System.Security.Cryptography.Primitives.dll".
             Reference found at search path location "{RawFileName}".
             This reference is not "CopyLocal" because at least one source item had "Private" set to "false" and no source items had "Private" set to "true".
         Primary reference "System.Security.Cryptography.X509Certificates, Version=8.0.0.0, Culture=neutral, PublicKeyToken=b03f5f7f11d50a3a".
             Resolved file path is "C:\Program Files\dotnet\packs\Microsoft.NETCore.App.Ref\8.0.24\ref\net8.0\System.Security.Cryptography.X509Certificates.dll".
             Reference found at search path location "{RawFileName}".
             This reference is not "CopyLocal" because at least one source item had "Private" set to "false" and no source items had "Private" set to "true".
         Primary reference "System.Security.Cryptography, Version=8.0.0.0, Culture=neutral, PublicKeyToken=b03f5f7f11d50a3a".
             Resolved file path is "C:\Program Files\dotnet\packs\Microsoft.NETCore.App.Ref\8.0.24\ref\net8.0\System.Security.Cryptography.dll".
             Reference found at search path location "{RawFileName}".
             This reference is not "CopyLocal" because at least one source item had "Private" set to "false" and no source items had "Private" set to "true".
         Primary reference "System.Security.Principal.Windows, Version=8.0.0.0, Culture=neutral, PublicKeyToken=b03f5f7f11d50a3a".
             Resolved file path is "C:\Program Files\dotnet\packs\Microsoft.NETCore.App.Ref\8.0.24\ref\net8.0\System.Security.Principal.Windows.dll".
             Reference found at search path location "{RawFileName}".
             This reference is not "CopyLocal" because at least one source item had "Private" set to "false" and no source items had "Private" set to "true".
         Primary reference "System.Security.Principal, Version=8.0.0.0, Culture=neutral, PublicKeyToken=b03f5f7f11d50a3a".
             Resolved file path is "C:\Program Files\dotnet\packs\Microsoft.NETCore.App.Ref\8.0.24\ref\net8.0\System.Security.Principal.dll".
             Reference found at search path location "{RawFileName}".
             This reference is not "CopyLocal" because at least one source item had "Private" set to "false" and no source items had "Private" set to "true".
         Primary reference "System.Security.SecureString, Version=8.0.0.0, Culture=neutral, PublicKeyToken=b03f5f7f11d50a3a".
             Resolved file path is "C:\Program Files\dotnet\packs\Microsoft.NETCore.App.Ref\8.0.24\ref\net8.0\System.Security.SecureString.dll".
             Reference found at search path location "{RawFileName}".
             This reference is not "CopyLocal" because at least one source item had "Private" set to "false" and no source items had "Private" set to "true".
         Primary reference "System.Security, Version=4.0.0.0, Culture=neutral, PublicKeyToken=b03f5f7f11d50a3a".
             Resolved file path is "C:\Program Files\dotnet\packs\Microsoft.NETCore.App.Ref\8.0.24\ref\net8.0\System.Security.dll".
             Reference found at search path location "{RawFileName}".
             This reference is not "CopyLocal" because at least one source item had "Private" set to "false" and no source items had "Private" set to "true".
         Primary reference "System.ServiceModel.Web, Version=4.0.0.0, Culture=neutral, PublicKeyToken=31bf3856ad364e35".
             Resolved file path is "C:\Program Files\dotnet\packs\Microsoft.NETCore.App.Ref\8.0.24\ref\net8.0\System.ServiceModel.Web.dll".
             Reference found at search path location "{RawFileName}".
             This reference is not "CopyLocal" because at least one source item had "Private" set to "false" and no source items had "Private" set to "true".
         Primary reference "System.ServiceProcess, Version=4.0.0.0, Culture=neutral, PublicKeyToken=b03f5f7f11d50a3a".
             Resolved file path is "C:\Program Files\dotnet\packs\Microsoft.NETCore.App.Ref\8.0.24\ref\net8.0\System.ServiceProcess.dll".
             Reference found at search path location "{RawFileName}".
             This reference is not "CopyLocal" because at least one source item had "Private" set to "false" and no source items had "Private" set to "true".
         Primary reference "System.Text.Encoding.CodePages, Version=8.0.0.0, Culture=neutral, PublicKeyToken=b03f5f7f11d50a3a".
             Resolved file path is "C:\Program Files\dotnet\packs\Microsoft.NETCore.App.Ref\8.0.24\ref\net8.0\System.Text.Encoding.CodePages.dll".
             Reference found at search path location "{RawFileName}".
             This reference is not "CopyLocal" because at least one source item had "Private" set to "false" and no source items had "Private" set to "true".
         Primary reference "System.Text.Encoding.Extensions, Version=8.0.0.0, Culture=neutral, PublicKeyToken=b03f5f7f11d50a3a".
             Resolved file path is "C:\Program Files\dotnet\packs\Microsoft.NETCore.App.Ref\8.0.24\ref\net8.0\System.Text.Encoding.Extensions.dll".
             Reference found at search path location "{RawFileName}".
             This reference is not "CopyLocal" because at least one source item had "Private" set to "false" and no source items had "Private" set to "true".
         Primary reference "System.Text.Encoding, Version=8.0.0.0, Culture=neutral, PublicKeyToken=b03f5f7f11d50a3a".
             Resolved file path is "C:\Program Files\dotnet\packs\Microsoft.NETCore.App.Ref\8.0.24\ref\net8.0\System.Text.Encoding.dll".
             Reference found at search path location "{RawFileName}".
             This reference is not "CopyLocal" because at least one source item had "Private" set to "false" and no source items had "Private" set to "true".
         Primary reference "System.Text.Encodings.Web, Version=8.0.0.0, Culture=neutral, PublicKeyToken=cc7b13ffcd2ddd51".
             Resolved file path is "C:\Program Files\dotnet\packs\Microsoft.NETCore.App.Ref\8.0.24\ref\net8.0\System.Text.Encodings.Web.dll".
             Reference found at search path location "{RawFileName}".
             This reference is not "CopyLocal" because at least one source item had "Private" set to "false" and no source items had "Private" set to "true".
         Primary reference "System.Text.Json, Version=8.0.0.0, Culture=neutral, PublicKeyToken=cc7b13ffcd2ddd51".
             Resolved file path is "C:\Program Files\dotnet\packs\Microsoft.NETCore.App.Ref\8.0.24\ref\net8.0\System.Text.Json.dll".
             Reference found at search path location "{RawFileName}".
             This reference is not "CopyLocal" because at least one source item had "Private" set to "false" and no source items had "Private" set to "true".
         Primary reference "System.Text.RegularExpressions, Version=8.0.0.0, Culture=neutral, PublicKeyToken=b03f5f7f11d50a3a".
             Resolved file path is "C:\Program Files\dotnet\packs\Microsoft.NETCore.App.Ref\8.0.24\ref\net8.0\System.Text.RegularExpressions.dll".
             Reference found at search path location "{RawFileName}".
             This reference is not "CopyLocal" because at least one source item had "Private" set to "false" and no source items had "Private" set to "true".
         Primary reference "System.Threading.Channels, Version=8.0.0.0, Culture=neutral, PublicKeyToken=cc7b13ffcd2ddd51".
             Resolved file path is "C:\Program Files\dotnet\packs\Microsoft.NETCore.App.Ref\8.0.24\ref\net8.0\System.Threading.Channels.dll".
             Reference found at search path location "{RawFileName}".
             This reference is not "CopyLocal" because at least one source item had "Private" set to "false" and no source items had "Private" set to "true".
         Primary reference "System.Threading.Overlapped, Version=8.0.0.0, Culture=neutral, PublicKeyToken=b03f5f7f11d50a3a".
             Resolved file path is "C:\Program Files\dotnet\packs\Microsoft.NETCore.App.Ref\8.0.24\ref\net8.0\System.Threading.Overlapped.dll".
             Reference found at search path location "{RawFileName}".
             This reference is not "CopyLocal" because at least one source item had "Private" set to "false" and no source items had "Private" set to "true".
         Primary reference "System.Threading.Tasks.Dataflow, Version=8.0.0.0, Culture=neutral, PublicKeyToken=b03f5f7f11d50a3a".
             Resolved file path is "C:\Program Files\dotnet\packs\Microsoft.NETCore.App.Ref\8.0.24\ref\net8.0\System.Threading.Tasks.Dataflow.dll".
             Reference found at search path location "{RawFileName}".
             This reference is not "CopyLocal" because at least one source item had "Private" set to "false" and no source items had "Private" set to "true".
         Primary reference "System.Threading.Tasks.Extensions, Version=8.0.0.0, Culture=neutral, PublicKeyToken=cc7b13ffcd2ddd51".
             Resolved file path is "C:\Program Files\dotnet\packs\Microsoft.NETCore.App.Ref\8.0.24\ref\net8.0\System.Threading.Tasks.Extensions.dll".
             Reference found at search path location "{RawFileName}".
             This reference is not "CopyLocal" because at least one source item had "Private" set to "false" and no source items had "Private" set to "true".
         Primary reference "System.Threading.Tasks.Parallel, Version=8.0.0.0, Culture=neutral, PublicKeyToken=b03f5f7f11d50a3a".
             Resolved file path is "C:\Program Files\dotnet\packs\Microsoft.NETCore.App.Ref\8.0.24\ref\net8.0\System.Threading.Tasks.Parallel.dll".
             Reference found at search path location "{RawFileName}".
             This reference is not "CopyLocal" because at least one source item had "Private" set to "false" and no source items had "Private" set to "true".
         Unified primary reference "System.Threading.Tasks, Version=8.0.0.0, Culture=neutral, PublicKeyToken=b03f5f7f11d50a3a".
             Using this version instead of original version "4.1.1.0" in "C:\Users\user\.nuget\packages\microsoft.web.webview2\1.0.2903.40\lib_manual\netcoreapp3.0\Microsoft.Web.WebView2.WinForms.dll" because AutoUnify is 'true'.
             Resolved file path is "C:\Program Files\dotnet\packs\Microsoft.NETCore.App.Ref\8.0.24\ref\net8.0\System.Threading.Tasks.dll".
             Reference found at search path location "{RawFileName}".
             This reference is not "CopyLocal" because at least one source item had "Private" set to "false" and no source items had "Private" set to "true".
         Primary reference "System.Threading.Thread, Version=8.0.0.0, Culture=neutral, PublicKeyToken=b03f5f7f11d50a3a".
             Resolved file path is "C:\Program Files\dotnet\packs\Microsoft.NETCore.App.Ref\8.0.24\ref\net8.0\System.Threading.Thread.dll".
             Reference found at search path location "{RawFileName}".
             This reference is not "CopyLocal" because at least one source item had "Private" set to "false" and no source items had "Private" set to "true".
         Primary reference "System.Threading.ThreadPool, Version=8.0.0.0, Culture=neutral, PublicKeyToken=b03f5f7f11d50a3a".
             Resolved file path is "C:\Program Files\dotnet\packs\Microsoft.NETCore.App.Ref\8.0.24\ref\net8.0\System.Threading.ThreadPool.dll".
             Reference found at search path location "{RawFileName}".
             This reference is not "CopyLocal" because at least one source item had "Private" set to "false" and no source items had "Private" set to "true".
         Primary reference "System.Threading.Timer, Version=8.0.0.0, Culture=neutral, PublicKeyToken=b03f5f7f11d50a3a".
             Resolved file path is "C:\Program Files\dotnet\packs\Microsoft.NETCore.App.Ref\8.0.24\ref\net8.0\System.Threading.Timer.dll".
             Reference found at search path location "{RawFileName}".
             This reference is not "CopyLocal" because at least one source item had "Private" set to "false" and no source items had "Private" set to "true".
         Unified primary reference "System.Threading, Version=8.0.0.0, Culture=neutral, PublicKeyToken=b03f5f7f11d50a3a".
             Using this version instead of original version "4.1.1.0" in "C:\Users\user\.nuget\packages\microsoft.web.webview2\1.0.2903.40\lib_manual\netcoreapp3.0\Microsoft.Web.WebView2.WinForms.dll" because AutoUnify is 'true'.
             Using this version instead of original version "5.0.0.0" in "C:\Users\user\.nuget\packages\microsoft.web.webview2\1.0.2903.40\lib_manual\net5.0-windows10.0.17763.0\Microsoft.Web.WebView2.Wpf.dll" because AutoUnify is 'true'.
             Resolved file path is "C:\Program Files\dotnet\packs\Microsoft.NETCore.App.Ref\8.0.24\ref\net8.0\System.Threading.dll".
             Reference found at search path location "{RawFileName}".
             This reference is not "CopyLocal" because at least one source item had "Private" set to "false" and no source items had "Private" set to "true".
         Primary reference "System.Transactions.Local, Version=8.0.0.0, Culture=neutral, PublicKeyToken=cc7b13ffcd2ddd51".
             Resolved file path is "C:\Program Files\dotnet\packs\Microsoft.NETCore.App.Ref\8.0.24\ref\net8.0\System.Transactions.Local.dll".
             Reference found at search path location "{RawFileName}".
             This reference is not "CopyLocal" because at least one source item had "Private" set to "false" and no source items had "Private" set to "true".
         Primary reference "System.Transactions, Version=4.0.0.0, Culture=neutral, PublicKeyToken=b77a5c561934e089".
             Resolved file path is "C:\Program Files\dotnet\packs\Microsoft.NETCore.App.Ref\8.0.24\ref\net8.0\System.Transactions.dll".
             Reference found at search path location "{RawFileName}".
             This reference is not "CopyLocal" because at least one source item had "Private" set to "false" and no source items had "Private" set to "true".
         Primary reference "System.ValueTuple, Version=8.0.0.0, Culture=neutral, PublicKeyToken=cc7b13ffcd2ddd51".
             Resolved file path is "C:\Program Files\dotnet\packs\Microsoft.NETCore.App.Ref\8.0.24\ref\net8.0\System.ValueTuple.dll".
             Reference found at search path location "{RawFileName}".
             This reference is not "CopyLocal" because at least one source item had "Private" set to "false" and no source items had "Private" set to "true".
         Primary reference "System.Web.HttpUtility, Version=8.0.0.0, Culture=neutral, PublicKeyToken=cc7b13ffcd2ddd51".
             Resolved file path is "C:\Program Files\dotnet\packs\Microsoft.NETCore.App.Ref\8.0.24\ref\net8.0\System.Web.HttpUtility.dll".
             Reference found at search path location "{RawFileName}".
             This reference is not "CopyLocal" because at least one source item had "Private" set to "false" and no source items had "Private" set to "true".
         Primary reference "System.Web, Version=4.0.0.0, Culture=neutral, PublicKeyToken=b03f5f7f11d50a3a".
             Resolved file path is "C:\Program Files\dotnet\packs\Microsoft.NETCore.App.Ref\8.0.24\ref\net8.0\System.Web.dll".
             Reference found at search path location "{RawFileName}".
             This reference is not "CopyLocal" because at least one source item had "Private" set to "false" and no source items had "Private" set to "true".
         Primary reference "System.Windows, Version=4.0.0.0, Culture=neutral, PublicKeyToken=b03f5f7f11d50a3a".
             Resolved file path is "C:\Program Files\dotnet\packs\Microsoft.NETCore.App.Ref\8.0.24\ref\net8.0\System.Windows.dll".
             Reference found at search path location "{RawFileName}".
             This reference is not "CopyLocal" because at least one source item had "Private" set to "false" and no source items had "Private" set to "true".
         Primary reference "System.Xml.Linq, Version=4.0.0.0, Culture=neutral, PublicKeyToken=b77a5c561934e089".
             Resolved file path is "C:\Program Files\dotnet\packs\Microsoft.NETCore.App.Ref\8.0.24\ref\net8.0\System.Xml.Linq.dll".
             Reference found at search path location "{RawFileName}".
             This reference is not "CopyLocal" because at least one source item had "Private" set to "false" and no source items had "Private" set to "true".
         Primary reference "System.Xml.ReaderWriter, Version=8.0.0.0, Culture=neutral, PublicKeyToken=b03f5f7f11d50a3a".
             Resolved file path is "C:\Program Files\dotnet\packs\Microsoft.NETCore.App.Ref\8.0.24\ref\net8.0\System.Xml.ReaderWriter.dll".
             Reference found at search path location "{RawFileName}".
             This reference is not "CopyLocal" because at least one source item had "Private" set to "false" and no source items had "Private" set to "true".
         Primary reference "System.Xml.Serialization, Version=4.0.0.0, Culture=neutral, PublicKeyToken=b77a5c561934e089".
             Resolved file path is "C:\Program Files\dotnet\packs\Microsoft.NETCore.App.Ref\8.0.24\ref\net8.0\System.Xml.Serialization.dll".
             Reference found at search path location "{RawFileName}".
             This reference is not "CopyLocal" because at least one source item had "Private" set to "false" and no source items had "Private" set to "true".
         Primary reference "System.Xml.XDocument, Version=8.0.0.0, Culture=neutral, PublicKeyToken=b03f5f7f11d50a3a".
             Resolved file path is "C:\Program Files\dotnet\packs\Microsoft.NETCore.App.Ref\8.0.24\ref\net8.0\System.Xml.XDocument.dll".
             Reference found at search path location "{RawFileName}".
             This reference is not "CopyLocal" because at least one source item had "Private" set to "false" and no source items had "Private" set to "true".
         Primary reference "System.Xml.XPath.XDocument, Version=8.0.0.0, Culture=neutral, PublicKeyToken=b03f5f7f11d50a3a".
             Resolved file path is "C:\Program Files\dotnet\packs\Microsoft.NETCore.App.Ref\8.0.24\ref\net8.0\System.Xml.XPath.XDocument.dll".
             Reference found at search path location "{RawFileName}".
             This reference is not "CopyLocal" because at least one source item had "Private" set to "false" and no source items had "Private" set to "true".
         Primary reference "System.Xml.XPath, Version=8.0.0.0, Culture=neutral, PublicKeyToken=b03f5f7f11d50a3a".
             Resolved file path is "C:\Program Files\dotnet\packs\Microsoft.NETCore.App.Ref\8.0.24\ref\net8.0\System.Xml.XPath.dll".
             Reference found at search path location "{RawFileName}".
             This reference is not "CopyLocal" because at least one source item had "Private" set to "false" and no source items had "Private" set to "true".
         Primary reference "System.Xml.XmlDocument, Version=8.0.0.0, Culture=neutral, PublicKeyToken=b03f5f7f11d50a3a".
             Resolved file path is "C:\Program Files\dotnet\packs\Microsoft.NETCore.App.Ref\8.0.24\ref\net8.0\System.Xml.XmlDocument.dll".
             Reference found at search path location "{RawFileName}".
             This reference is not "CopyLocal" because at least one source item had "Private" set to "false" and no source items had "Private" set to "true".
         Primary reference "System.Xml.XmlSerializer, Version=8.0.0.0, Culture=neutral, PublicKeyToken=b03f5f7f11d50a3a".
             Resolved file path is "C:\Program Files\dotnet\packs\Microsoft.NETCore.App.Ref\8.0.24\ref\net8.0\System.Xml.XmlSerializer.dll".
             Reference found at search path location "{RawFileName}".
             This reference is not "CopyLocal" because at least one source item had "Private" set to "false" and no source items had "Private" set to "true".
         Primary reference "System.Xml, Version=4.0.0.0, Culture=neutral, PublicKeyToken=b77a5c561934e089".
             Resolved file path is "C:\Program Files\dotnet\packs\Microsoft.NETCore.App.Ref\8.0.24\ref\net8.0\System.Xml.dll".
             Reference found at search path location "{RawFileName}".
             This reference is not "CopyLocal" because at least one source item had "Private" set to "false" and no source items had "Private" set to "true".
         Primary reference "System, Version=4.0.0.0, Culture=neutral, PublicKeyToken=b77a5c561934e089".
             Resolved file path is "C:\Program Files\dotnet\packs\Microsoft.NETCore.App.Ref\8.0.24\ref\net8.0\System.dll".
             Reference found at search path location "{RawFileName}".
             This reference is not "CopyLocal" because at least one source item had "Private" set to "false" and no source items had "Private" set to "true".
         Primary reference "mscorlib, Version=4.0.0.0, Culture=neutral, PublicKeyToken=b77a5c561934e089".
             Resolved file path is "C:\Program Files\dotnet\packs\Microsoft.NETCore.App.Ref\8.0.24\ref\net8.0\mscorlib.dll".
             Reference found at search path location "{RawFileName}".
             This reference is not "CopyLocal" because at least one source item had "Private" set to "false" and no source items had "Private" set to "true".
         Primary reference "netstandard, Version=2.1.0.0, Culture=neutral, PublicKeyToken=cc7b13ffcd2ddd51".
             Resolved file path is "C:\Program Files\dotnet\packs\Microsoft.NETCore.App.Ref\8.0.24\ref\net8.0\netstandard.dll".
             Reference found at search path location "{RawFileName}".
             This reference is not "CopyLocal" because at least one source item had "Private" set to "false" and no source items had "Private" set to "true".
         Primary reference "Accessibility, Version=4.0.0.0, Culture=neutral, PublicKeyToken=31bf3856ad364e35".
             Resolved file path is "C:\Program Files\dotnet\packs\Microsoft.WindowsDesktop.App.Ref\8.0.24\ref\net8.0\Accessibility.dll".
             Reference found at search path location "{RawFileName}".
             This reference is not "CopyLocal" because at least one source item had "Private" set to "false" and no source items had "Private" set to "true".
         Primary reference "Microsoft.Win32.Registry.AccessControl, Version=8.0.0.0, Culture=neutral, PublicKeyToken=b03f5f7f11d50a3a".
             Resolved file path is "C:\Program Files\dotnet\packs\Microsoft.WindowsDesktop.App.Ref\8.0.24\ref\net8.0\Microsoft.Win32.Registry.AccessControl.dll".
             Reference found at search path location "{RawFileName}".
             This reference is not "CopyLocal" because at least one source item had "Private" set to "false" and no source items had "Private" set to "true".
         Primary reference "Microsoft.Win32.SystemEvents, Version=8.0.0.0, Culture=neutral, PublicKeyToken=cc7b13ffcd2ddd51".
             Resolved file path is "C:\Program Files\dotnet\packs\Microsoft.WindowsDesktop.App.Ref\8.0.24\ref\net8.0\Microsoft.Win32.SystemEvents.dll".
             Reference found at search path location "{RawFileName}".
             This reference is not "CopyLocal" because at least one source item had "Private" set to "false" and no source items had "Private" set to "true".
         Unified primary reference "PresentationCore, Version=8.0.0.0, Culture=neutral, PublicKeyToken=31bf3856ad364e35".
             Using this version instead of original version "5.0.0.0" in "C:\Users\user\.nuget\packages\microsoft.web.webview2\1.0.2903.40\lib_manual\net5.0-windows10.0.17763.0\Microsoft.Web.WebView2.Wpf.dll" because AutoUnify is 'true'.
             Resolved file path is "C:\Program Files\dotnet\packs\Microsoft.WindowsDesktop.App.Ref\8.0.24\ref\net8.0\PresentationCore.dll".
             Reference found at search path location "{RawFileName}".
             This reference is not "CopyLocal" because at least one source item had "Private" set to "false" and no source items had "Private" set to "true".
         Primary reference "PresentationFramework.Aero, Version=8.0.0.0, Culture=neutral, PublicKeyToken=31bf3856ad364e35".
             Resolved file path is "C:\Program Files\dotnet\packs\Microsoft.WindowsDesktop.App.Ref\8.0.24\ref\net8.0\PresentationFramework.Aero.dll".
             Reference found at search path location "{RawFileName}".
             This reference is not "CopyLocal" because at least one source item had "Private" set to "false" and no source items had "Private" set to "true".
         Primary reference "PresentationFramework.Aero2, Version=8.0.0.0, Culture=neutral, PublicKeyToken=31bf3856ad364e35".
             Resolved file path is "C:\Program Files\dotnet\packs\Microsoft.WindowsDesktop.App.Ref\8.0.24\ref\net8.0\PresentationFramework.Aero2.dll".
             Reference found at search path location "{RawFileName}".
             This reference is not "CopyLocal" because at least one source item had "Private" set to "false" and no source items had "Private" set to "true".
         Primary reference "PresentationFramework.AeroLite, Version=8.0.0.0, Culture=neutral, PublicKeyToken=31bf3856ad364e35".
             Resolved file path is "C:\Program Files\dotnet\packs\Microsoft.WindowsDesktop.App.Ref\8.0.24\ref\net8.0\PresentationFramework.AeroLite.dll".
             Reference found at search path location "{RawFileName}".
             This reference is not "CopyLocal" because at least one source item had "Private" set to "false" and no source items had "Private" set to "true".
         Primary reference "PresentationFramework.Classic, Version=8.0.0.0, Culture=neutral, PublicKeyToken=31bf3856ad364e35".
             Resolved file path is "C:\Program Files\dotnet\packs\Microsoft.WindowsDesktop.App.Ref\8.0.24\ref\net8.0\PresentationFramework.Classic.dll".
             Reference found at search path location "{RawFileName}".
             This reference is not "CopyLocal" because at least one source item had "Private" set to "false" and no source items had "Private" set to "true".
         Primary reference "PresentationFramework.Luna, Version=8.0.0.0, Culture=neutral, PublicKeyToken=31bf3856ad364e35".
             Resolved file path is "C:\Program Files\dotnet\packs\Microsoft.WindowsDesktop.App.Ref\8.0.24\ref\net8.0\PresentationFramework.Luna.dll".
             Reference found at search path location "{RawFileName}".
             This reference is not "CopyLocal" because at least one source item had "Private" set to "false" and no source items had "Private" set to "true".
         Primary reference "PresentationFramework.Royale, Version=8.0.0.0, Culture=neutral, PublicKeyToken=31bf3856ad364e35".
             Resolved file path is "C:\Program Files\dotnet\packs\Microsoft.WindowsDesktop.App.Ref\8.0.24\ref\net8.0\PresentationFramework.Royale.dll".
             Reference found at search path location "{RawFileName}".
             This reference is not "CopyLocal" because at least one source item had "Private" set to "false" and no source items had "Private" set to "true".
         Unified primary reference "PresentationFramework, Version=8.0.0.0, Culture=neutral, PublicKeyToken=31bf3856ad364e35".
             Using this version instead of original version "5.0.0.0" in "C:\Users\user\.nuget\packages\microsoft.web.webview2\1.0.2903.40\lib_manual\net5.0-windows10.0.17763.0\Microsoft.Web.WebView2.Wpf.dll" because AutoUnify is 'true'.
             Resolved file path is "C:\Program Files\dotnet\packs\Microsoft.WindowsDesktop.App.Ref\8.0.24\ref\net8.0\PresentationFramework.dll".
             Reference found at search path location "{RawFileName}".
             This reference is not "CopyLocal" because at least one source item had "Private" set to "false" and no source items had "Private" set to "true".
         Primary reference "PresentationUI, Version=8.0.0.0, Culture=neutral, PublicKeyToken=b77a5c561934e089".
             Resolved file path is "C:\Program Files\dotnet\packs\Microsoft.WindowsDesktop.App.Ref\8.0.24\ref\net8.0\PresentationUI.dll".
             Reference found at search path location "{RawFileName}".
             This reference is not "CopyLocal" because at least one source item had "Private" set to "false" and no source items had "Private" set to "true".
         Primary reference "ReachFramework, Version=8.0.0.0, Culture=neutral, PublicKeyToken=31bf3856ad364e35".
             Resolved file path is "C:\Program Files\dotnet\packs\Microsoft.WindowsDesktop.App.Ref\8.0.24\ref\net8.0\ReachFramework.dll".
             Reference found at search path location "{RawFileName}".
             This reference is not "CopyLocal" because at least one source item had "Private" set to "false" and no source items had "Private" set to "true".
         Primary reference "System.CodeDom, Version=8.0.0.0, Culture=neutral, PublicKeyToken=cc7b13ffcd2ddd51".
             Resolved file path is "C:\Program Files\dotnet\packs\Microsoft.WindowsDesktop.App.Ref\8.0.24\ref\net8.0\System.CodeDom.dll".
             Reference found at search path location "{RawFileName}".
             This reference is not "CopyLocal" because at least one source item had "Private" set to "false" and no source items had "Private" set to "true".
         Primary reference "System.Configuration.ConfigurationManager, Version=8.0.0.0, Culture=neutral, PublicKeyToken=cc7b13ffcd2ddd51".
             Resolved file path is "C:\Program Files\dotnet\packs\Microsoft.WindowsDesktop.App.Ref\8.0.24\ref\net8.0\System.Configuration.ConfigurationManager.dll".
             Reference found at search path location "{RawFileName}".
             This reference is not "CopyLocal" because at least one source item had "Private" set to "false" and no source items had "Private" set to "true".
         Primary reference "System.Diagnostics.EventLog, Version=8.0.0.0, Culture=neutral, PublicKeyToken=cc7b13ffcd2ddd51".
             Resolved file path is "C:\Program Files\dotnet\packs\Microsoft.WindowsDesktop.App.Ref\8.0.24\ref\net8.0\System.Diagnostics.EventLog.dll".
             Reference found at search path location "{RawFileName}".
             This reference is not "CopyLocal" because at least one source item had "Private" set to "false" and no source items had "Private" set to "true".
         Primary reference "System.Diagnostics.PerformanceCounter, Version=8.0.0.0, Culture=neutral, PublicKeyToken=cc7b13ffcd2ddd51".
             Resolved file path is "C:\Program Files\dotnet\packs\Microsoft.WindowsDesktop.App.Ref\8.0.24\ref\net8.0\System.Diagnostics.PerformanceCounter.dll".
             Reference found at search path location "{RawFileName}".
             This reference is not "CopyLocal" because at least one source item had "Private" set to "false" and no source items had "Private" set to "true".
         Primary reference "System.DirectoryServices, Version=8.0.0.0, Culture=neutral, PublicKeyToken=b03f5f7f11d50a3a".
             Resolved file path is "C:\Program Files\dotnet\packs\Microsoft.WindowsDesktop.App.Ref\8.0.24\ref\net8.0\System.DirectoryServices.dll".
             Reference found at search path location "{RawFileName}".
             This reference is not "CopyLocal" because at least one source item had "Private" set to "false" and no source items had "Private" set to "true".
         Primary reference "System.IO.Packaging, Version=8.0.0.0, Culture=neutral, PublicKeyToken=b03f5f7f11d50a3a".
             Resolved file path is "C:\Program Files\dotnet\packs\Microsoft.WindowsDesktop.App.Ref\8.0.24\ref\net8.0\System.IO.Packaging.dll".
             Reference found at search path location "{RawFileName}".
             This reference is not "CopyLocal" because at least one source item had "Private" set to "false" and no source items had "Private" set to "true".
         Primary reference "System.Printing, Version=8.0.0.0, Culture=neutral, PublicKeyToken=31bf3856ad364e35".
             Resolved file path is "C:\Program Files\dotnet\packs\Microsoft.WindowsDesktop.App.Ref\8.0.24\ref\net8.0\System.Printing.dll".
             Reference found at search path location "{RawFileName}".
             This reference is not "CopyLocal" because at least one source item had "Private" set to "false" and no source items had "Private" set to "true".
         Primary reference "System.Resources.Extensions, Version=8.0.0.0, Culture=neutral, PublicKeyToken=cc7b13ffcd2ddd51".
             Resolved file path is "C:\Program Files\dotnet\packs\Microsoft.WindowsDesktop.App.Ref\8.0.24\ref\net8.0\System.Resources.Extensions.dll".
             Reference found at search path location "{RawFileName}".
             This reference is not "CopyLocal" because at least one source item had "Private" set to "false" and no source items had "Private" set to "true".
         Primary reference "System.Security.Cryptography.Pkcs, Version=8.0.0.0, Culture=neutral, PublicKeyToken=b03f5f7f11d50a3a".
             Resolved file path is "C:\Program Files\dotnet\packs\Microsoft.WindowsDesktop.App.Ref\8.0.24\ref\net8.0\System.Security.Cryptography.Pkcs.dll".
             Reference found at search path location "{RawFileName}".
             This reference is not "CopyLocal" because at least one source item had "Private" set to "false" and no source items had "Private" set to "true".
         Primary reference "System.Security.Cryptography.ProtectedData, Version=8.0.0.0, Culture=neutral, PublicKeyToken=b03f5f7f11d50a3a".
             Resolved file path is "C:\Program Files\dotnet\packs\Microsoft.WindowsDesktop.App.Ref\8.0.24\ref\net8.0\System.Security.Cryptography.ProtectedData.dll".
             Reference found at search path location "{RawFileName}".
             This reference is not "CopyLocal" because at least one source item had "Private" set to "false" and no source items had "Private" set to "true".
         Primary reference "System.Security.Cryptography.Xml, Version=8.0.0.0, Culture=neutral, PublicKeyToken=cc7b13ffcd2ddd51".
             Resolved file path is "C:\Program Files\dotnet\packs\Microsoft.WindowsDesktop.App.Ref\8.0.24\ref\net8.0\System.Security.Cryptography.Xml.dll".
             Reference found at search path location "{RawFileName}".
             This reference is not "CopyLocal" because at least one source item had "Private" set to "false" and no source items had "Private" set to "true".
         Primary reference "System.Security.Permissions, Version=8.0.0.0, Culture=neutral, PublicKeyToken=cc7b13ffcd2ddd51".
             Resolved file path is "C:\Program Files\dotnet\packs\Microsoft.WindowsDesktop.App.Ref\8.0.24\ref\net8.0\System.Security.Permissions.dll".
             Reference found at search path location "{RawFileName}".
             This reference is not "CopyLocal" because at least one source item had "Private" set to "false" and no source items had "Private" set to "true".
         Primary reference "System.Threading.AccessControl, Version=8.0.0.0, Culture=neutral, PublicKeyToken=b03f5f7f11d50a3a".
             Resolved file path is "C:\Program Files\dotnet\packs\Microsoft.WindowsDesktop.App.Ref\8.0.24\ref\net8.0\System.Threading.AccessControl.dll".
             Reference found at search path location "{RawFileName}".
             This reference is not "CopyLocal" because at least one source item had "Private" set to "false" and no source items had "Private" set to "true".
         Primary reference "System.Windows.Controls.Ribbon, Version=8.0.0.0, Culture=neutral, PublicKeyToken=b77a5c561934e089".
             Resolved file path is "C:\Program Files\dotnet\packs\Microsoft.WindowsDesktop.App.Ref\8.0.24\ref\net8.0\System.Windows.Controls.Ribbon.dll".
             Reference found at search path location "{RawFileName}".
             This reference is not "CopyLocal" because at least one source item had "Private" set to "false" and no source items had "Private" set to "true".
         Primary reference "System.Windows.Extensions, Version=8.0.0.0, Culture=neutral, PublicKeyToken=cc7b13ffcd2ddd51".
             Resolved file path is "C:\Program Files\dotnet\packs\Microsoft.WindowsDesktop.App.Ref\8.0.24\ref\net8.0\System.Windows.Extensions.dll".
             Reference found at search path location "{RawFileName}".
             This reference is not "CopyLocal" because at least one source item had "Private" set to "false" and no source items had "Private" set to "true".
         Primary reference "System.Windows.Input.Manipulations, Version=8.0.0.0, Culture=neutral, PublicKeyToken=b77a5c561934e089".
             Resolved file path is "C:\Program Files\dotnet\packs\Microsoft.WindowsDesktop.App.Ref\8.0.24\ref\net8.0\System.Windows.Input.Manipulations.dll".
             Reference found at search path location "{RawFileName}".
             This reference is not "CopyLocal" because at least one source item had "Private" set to "false" and no source items had "Private" set to "true".
         Primary reference "System.Windows.Presentation, Version=8.0.0.0, Culture=neutral, PublicKeyToken=b77a5c561934e089".
             Resolved file path is "C:\Program Files\dotnet\packs\Microsoft.WindowsDesktop.App.Ref\8.0.24\ref\net8.0\System.Windows.Presentation.dll".
             Reference found at search path location "{RawFileName}".
             This reference is not "CopyLocal" because at least one source item had "Private" set to "false" and no source items had "Private" set to "true".
         Primary reference "System.Xaml, Version=8.0.0.0, Culture=neutral, PublicKeyToken=b77a5c561934e089".
             Resolved file path is "C:\Program Files\dotnet\packs\Microsoft.WindowsDesktop.App.Ref\8.0.24\ref\net8.0\System.Xaml.dll".
             Reference found at search path location "{RawFileName}".
             This reference is not "CopyLocal" because at least one source item had "Private" set to "false" and no source items had "Private" set to "true".
         Primary reference "UIAutomationClient, Version=8.0.0.0, Culture=neutral, PublicKeyToken=31bf3856ad364e35".
             Resolved file path is "C:\Program Files\dotnet\packs\Microsoft.WindowsDesktop.App.Ref\8.0.24\ref\net8.0\UIAutomationClient.dll".
             Reference found at search path location "{RawFileName}".
             This reference is not "CopyLocal" because at least one source item had "Private" set to "false" and no source items had "Private" set to "true".
         Primary reference "UIAutomationClientSideProviders, Version=8.0.0.0, Culture=neutral, PublicKeyToken=b77a5c561934e089".
             Resolved file path is "C:\Program Files\dotnet\packs\Microsoft.WindowsDesktop.App.Ref\8.0.24\ref\net8.0\UIAutomationClientSideProviders.dll".
             Reference found at search path location "{RawFileName}".
             This reference is not "CopyLocal" because at least one source item had "Private" set to "false" and no source items had "Private" set to "true".
         Primary reference "UIAutomationProvider, Version=8.0.0.0, Culture=neutral, PublicKeyToken=31bf3856ad364e35".
             Resolved file path is "C:\Program Files\dotnet\packs\Microsoft.WindowsDesktop.App.Ref\8.0.24\ref\net8.0\UIAutomationProvider.dll".
             Reference found at search path location "{RawFileName}".
             This reference is not "CopyLocal" because at least one source item had "Private" set to "false" and no source items had "Private" set to "true".
         Primary reference "UIAutomationTypes, Version=8.0.0.0, Culture=neutral, PublicKeyToken=31bf3856ad364e35".
             Resolved file path is "C:\Program Files\dotnet\packs\Microsoft.WindowsDesktop.App.Ref\8.0.24\ref\net8.0\UIAutomationTypes.dll".
             Reference found at search path location "{RawFileName}".
             This reference is not "CopyLocal" because at least one source item had "Private" set to "false" and no source items had "Private" set to "true".
         Unified primary reference "WindowsBase, Version=8.0.0.0, Culture=neutral, PublicKeyToken=31bf3856ad364e35".
             Using this version instead of original version "5.0.0.0" in "C:\Users\user\.nuget\packages\microsoft.web.webview2\1.0.2903.40\lib_manual\net5.0-windows10.0.17763.0\Microsoft.Web.WebView2.Wpf.dll" because AutoUnify is 'true'.
             Resolved file path is "C:\Program Files\dotnet\packs\Microsoft.WindowsDesktop.App.Ref\8.0.24\ref\net8.0\WindowsBase.dll".
             Reference found at search path location "{RawFileName}".
             This reference is not "CopyLocal" because at least one source item had "Private" set to "false" and no source items had "Private" set to "true".
         Dependency "System.Windows.Forms, Version=4.0.0.0, Culture=neutral, PublicKeyToken=b77a5c561934e089".
             Could not resolve this reference. Could not locate the assembly "System.Windows.Forms, Version=4.0.0.0, Culture=neutral, PublicKeyToken=b77a5c561934e089". Check to make sure the assembly exists on disk. If this reference is required by your code, you may get compilation errors.
                 For SearchPath "C:\Users\user\.nuget\packages\microsoft.web.webview2\1.0.2903.40\lib_manual\netcoreapp3.0" (added by referencing assembly "C:\Users\user\.nuget\packages\microsoft.web.webview2\1.0.2903.40\lib_manual\netcoreapp3.0\Microsoft.Web.WebView2.WinForms.dll").
                 Considered "C:\Users\user\.nuget\packages\microsoft.web.webview2\1.0.2903.40\lib_manual\netcoreapp3.0\System.Windows.Forms.winmd", but it didn't exist.
                 Considered "C:\Users\user\.nuget\packages\microsoft.web.webview2\1.0.2903.40\lib_manual\netcoreapp3.0\System.Windows.Forms.dll", but it didn't exist.
                 Considered "C:\Users\user\.nuget\packages\microsoft.web.webview2\1.0.2903.40\lib_manual\netcoreapp3.0\System.Windows.Forms.exe", but it didn't exist.
                 For SearchPath "{CandidateAssemblyFiles}".
                 Considered "C:\Users\user\.nuget\packages\microsoft.web.webview2\1.0.2903.40\build\\..\runtimes\win-x86\native\WebView2Loader.dll",
         			but its name "WebView2Loader"
         			didn't match the expected name "System.Windows.Forms, Version=4.0.0.0, Culture=neutral, PublicKeyToken=b77a5c561934e089".
                 Considered "C:\Users\user\.nuget\packages\microsoft.web.webview2\1.0.2903.40\build\\..\runtimes\win-x64\native\WebView2Loader.dll",
         			but its name "WebView2Loader"
         			didn't match the expected name "System.Windows.Forms, Version=4.0.0.0, Culture=neutral, PublicKeyToken=b77a5c561934e089".
                 Considered "C:\Users\user\.nuget\packages\microsoft.web.webview2\1.0.2903.40\build\\..\runtimes\win-arm64\native\WebView2Loader.dll",
         			but its name "WebView2Loader"
         			didn't match the expected name "System.Windows.Forms, Version=4.0.0.0, Culture=neutral, PublicKeyToken=b77a5c561934e089".
                 Considered "dist\Accessibility.dll",
         			but its name "Accessibility"
         			didn't match the expected name "System.Windows.Forms, Version=4.0.0.0, Culture=neutral, PublicKeyToken=b77a5c561934e089".
                 Considered "dist\clretwrc.dll",
         			but its name "clretwrc"
         			didn't match the expected name "System.Windows.Forms, Version=4.0.0.0, Culture=neutral, PublicKeyToken=b77a5c561934e089".
                 Considered "dist\clrgc.dll",
         			but its name "clrgc"
         			didn't match the expected name "System.Windows.Forms, Version=4.0.0.0, Culture=neutral, PublicKeyToken=b77a5c561934e089".
                 Considered "dist\clrjit.dll",
         			but its name "clrjit"
         			didn't match the expected name "System.Windows.Forms, Version=4.0.0.0, Culture=neutral, PublicKeyToken=b77a5c561934e089".
                 Considered "dist\coreclr.dll",
         			but its name "coreclr"
         			didn't match the expected name "System.Windows.Forms, Version=4.0.0.0, Culture=neutral, PublicKeyToken=b77a5c561934e089".
                 Considered "dist\createdump.exe",
         			but its name "createdump"
         			didn't match the expected name "System.Windows.Forms, Version=4.0.0.0, Culture=neutral, PublicKeyToken=b77a5c561934e089".
                 Considered "dist\cs\Microsoft.VisualBasic.Forms.resources.dll",
         			but its name "Microsoft.VisualBasic.Forms.resources"
         			didn't match the expected name "System.Windows.Forms, Version=4.0.0.0, Culture=neutral, PublicKeyToken=b77a5c561934e089".
                 Considered "dist\cs\PresentationCore.resources.dll",
         			but its name "PresentationCore.resources"
         			didn't match the expected name "System.Windows.Forms, Version=4.0.0.0, Culture=neutral, PublicKeyToken=b77a5c561934e089".
                 Considered "dist\cs\PresentationFramework.resources.dll",
         			but its name "PresentationFramework.resources"
         			didn't match the expected name "System.Windows.Forms, Version=4.0.0.0, Culture=neutral, PublicKeyToken=b77a5c561934e089".
                 Considered "dist\cs\PresentationUI.resources.dll",
         			but its name "PresentationUI.resources"
         			didn't match the expected name "System.Windows.Forms, Version=4.0.0.0, Culture=neutral, PublicKeyToken=b77a5c561934e089".
                 Considered "dist\cs\ReachFramework.resources.dll",
         			but its name "ReachFramework.resources"
         			didn't match the expected name "System.Windows.Forms, Version=4.0.0.0, Culture=neutral, PublicKeyToken=b77a5c561934e089".
                 Considered "dist\cs\System.Windows.Controls.Ribbon.resources.dll",
         			but its name "System.Windows.Controls.Ribbon.resources"
         			didn't match the expected name "System.Windows.Forms, Version=4.0.0.0, Culture=neutral, PublicKeyToken=b77a5c561934e089".
                 Considered "dist\cs\System.Windows.Forms.Design.resources.dll",
         			but its name "System.Windows.Forms.Design.resources"
         			didn't match the expected name "System.Windows.Forms, Version=4.0.0.0, Culture=neutral, PublicKeyToken=b77a5c561934e089".
                 Considered "dist\cs\System.Windows.Forms.Primitives.resources.dll",
         			but its name "System.Windows.Forms.Primitives.resources"
         			didn't match the expected name "System.Windows.Forms, Version=4.0.0.0, Culture=neutral, PublicKeyToken=b77a5c561934e089".
                 Considered "dist\cs\System.Windows.Forms.resources.dll",
         			but its name "System.Windows.Forms.resources"
         			didn't match the expected name "System.Windows.Forms, Version=4.0.0.0, Culture=neutral, PublicKeyToken=b77a5c561934e089".
                 Considered "dist\cs\System.Windows.Input.Manipulations.resources.dll",
         			but its name "System.Windows.Input.Manipulations.resources"
         			didn't match the expected name "System.Windows.Forms, Version=4.0.0.0, Culture=neutral, PublicKeyToken=b77a5c561934e089".
                 Considered "dist\cs\System.Xaml.resources.dll",
         			but its name "System.Xaml.resources"
         			didn't match the expected name "System.Windows.Forms, Version=4.0.0.0, Culture=neutral, PublicKeyToken=b77a5c561934e089".
                 Considered "dist\cs\UIAutomationClient.resources.dll",
         			but its name "UIAutomationClient.resources"
         			didn't match the expected name "System.Windows.Forms, Version=4.0.0.0, Culture=neutral, PublicKeyToken=b77a5c561934e089".
                 Considered "dist\cs\UIAutomationClientSideProviders.resources.dll",
         			but its name "UIAutomationClientSideProviders.resources"
         			didn't match the expected name "System.Windows.Forms, Version=4.0.0.0, Culture=neutral, PublicKeyToken=b77a5c561934e089".
                 Considered "dist\cs\UIAutomationProvider.resources.dll",
         			but its name "UIAutomationProvider.resources"
         			didn't match the expected name "System.Windows.Forms, Version=4.0.0.0, Culture=neutral, PublicKeyToken=b77a5c561934e089".
                 Considered "dist\cs\UIAutomationTypes.resources.dll",
         			but its name "UIAutomationTypes.resources"
         			didn't match the expected name "System.Windows.Forms, Version=4.0.0.0, Culture=neutral, PublicKeyToken=b77a5c561934e089".
                 Considered "dist\cs\WindowsBase.resources.dll",
         			but its name "WindowsBase.resources"
         			didn't match the expected name "System.Windows.Forms, Version=4.0.0.0, Culture=neutral, PublicKeyToken=b77a5c561934e089".
                 Considered "dist\cs\WindowsFormsIntegration.resources.dll",
         			but its name "WindowsFormsIntegration.resources"
         			didn't match the expected name "System.Windows.Forms, Version=4.0.0.0, Culture=neutral, PublicKeyToken=b77a5c561934e089".
                 Considered "dist\D3DCompiler_47_cor3.dll",
         			but its name "D3DCompiler_47_cor3"
         			didn't match the expected name "System.Windows.Forms, Version=4.0.0.0, Culture=neutral, PublicKeyToken=b77a5c561934e089".
                 Considered "dist\Dapper.dll",
         			but its name "Dapper"
         			didn't match the expected name "System.Windows.Forms, Version=4.0.0.0, Culture=neutral, PublicKeyToken=b77a5c561934e089".
                 Considered "dist\de\Microsoft.VisualBasic.Forms.resources.dll",
         			but its name "Microsoft.VisualBasic.Forms.resources"
         			didn't match the expected name "System.Windows.Forms, Version=4.0.0.0, Culture=neutral, PublicKeyToken=b77a5c561934e089".
                 Considered "dist\de\PresentationCore.resources.dll",
         			but its name "PresentationCore.resources"
         			didn't match the expected name "System.Windows.Forms, Version=4.0.0.0, Culture=neutral, PublicKeyToken=b77a5c561934e089".
                 Considered "dist\de\PresentationFramework.resources.dll",
         			but its name "PresentationFramework.resources"
         			didn't match the expected name "System.Windows.Forms, Version=4.0.0.0, Culture=neutral, PublicKeyToken=b77a5c561934e089".
                 Considered "dist\de\PresentationUI.resources.dll",
         			but its name "PresentationUI.resources"
         			didn't match the expected name "System.Windows.Forms, Version=4.0.0.0, Culture=neutral, PublicKeyToken=b77a5c561934e089".
                 Considered "dist\de\ReachFramework.resources.dll",
         			but its name "ReachFramework.resources"
         			didn't match the expected name "System.Windows.Forms, Version=4.0.0.0, Culture=neutral, PublicKeyToken=b77a5c561934e089".
                 Considered "dist\de\System.Windows.Controls.Ribbon.resources.dll",
         			but its name "System.Windows.Controls.Ribbon.resources"
         			didn't match the expected name "System.Windows.Forms, Version=4.0.0.0, Culture=neutral, PublicKeyToken=b77a5c561934e089".
                 Considered "dist\de\System.Windows.Forms.Design.resources.dll",
         			but its name "System.Windows.Forms.Design.resources"
         			didn't match the expected name "System.Windows.Forms, Version=4.0.0.0, Culture=neutral, PublicKeyToken=b77a5c561934e089".
                 Considered "dist\de\System.Windows.Forms.Primitives.resources.dll",
         			but its name "System.Windows.Forms.Primitives.resources"
         			didn't match the expected name "System.Windows.Forms, Version=4.0.0.0, Culture=neutral, PublicKeyToken=b77a5c561934e089".
                 Considered "dist\de\System.Windows.Forms.resources.dll",
         			but its name "System.Windows.Forms.resources"
         			didn't match the expected name "System.Windows.Forms, Version=4.0.0.0, Culture=neutral, PublicKeyToken=b77a5c561934e089".
                 Considered "dist\de\System.Windows.Input.Manipulations.resources.dll",
         			but its name "System.Windows.Input.Manipulations.resources"
         			didn't match the expected name "System.Windows.Forms, Version=4.0.0.0, Culture=neutral, PublicKeyToken=b77a5c561934e089".
                 Considered "dist\de\System.Xaml.resources.dll",
         			but its name "System.Xaml.resources"
         			didn't match the expected name "System.Windows.Forms, Version=4.0.0.0, Culture=neutral, PublicKeyToken=b77a5c561934e089".
                 Considered "dist\de\UIAutomationClient.resources.dll",
         			but its name "UIAutomationClient.resources"
         			didn't match the expected name "System.Windows.Forms, Version=4.0.0.0, Culture=neutral, PublicKeyToken=b77a5c561934e089".
                 Considered "dist\de\UIAutomationClientSideProviders.resources.dll",
         			but its name "UIAutomationClientSideProviders.resources"
         			didn't match the expected name "System.Windows.Forms, Version=4.0.0.0, Culture=neutral, PublicKeyToken=b77a5c561934e089".
                 Considered "dist\de\UIAutomationProvider.resources.dll",
         			but its name "UIAutomationProvider.resources"
         			didn't match the expected name "System.Windows.Forms, Version=4.0.0.0, Culture=neutral, PublicKeyToken=b77a5c561934e089".
                 Considered "dist\de\UIAutomationTypes.resources.dll",
         			but its name "UIAutomationTypes.resources"
         			didn't match the expected name "System.Windows.Forms, Version=4.0.0.0, Culture=neutral, PublicKeyToken=b77a5c561934e089".
                 Considered "dist\de\WindowsBase.resources.dll",
         			but its name "WindowsBase.resources"
         			didn't match the expected name "System.Windows.Forms, Version=4.0.0.0, Culture=neutral, PublicKeyToken=b77a5c561934e089".
                 Considered "dist\de\WindowsFormsIntegration.resources.dll",
         			but its name "WindowsFormsIntegration.resources"
         			didn't match the expected name "System.Windows.Forms, Version=4.0.0.0, Culture=neutral, PublicKeyToken=b77a5c561934e089".
                 Considered "dist\DirectWriteForwarder.dll",
         			but its name "DirectWriteForwarder"
         			didn't match the expected name "System.Windows.Forms, Version=4.0.0.0, Culture=neutral, PublicKeyToken=b77a5c561934e089".
                 Considered "dist\es\Microsoft.VisualBasic.Forms.resources.dll",
         			but its name "Microsoft.VisualBasic.Forms.resources"
         			didn't match the expected name "System.Windows.Forms, Version=4.0.0.0, Culture=neutral, PublicKeyToken=b77a5c561934e089".
                 Considered "dist\es\PresentationCore.resources.dll",
         			but its name "PresentationCore.resources"
         			didn't match the expected name "System.Windows.Forms, Version=4.0.0.0, Culture=neutral, PublicKeyToken=b77a5c561934e089".
                 Considered "dist\es\PresentationFramework.resources.dll",
         			but its name "PresentationFramework.resources"
         			didn't match the expected name "System.Windows.Forms, Version=4.0.0.0, Culture=neutral, PublicKeyToken=b77a5c561934e089".
                 Considered "dist\es\PresentationUI.resources.dll",
         			but its name "PresentationUI.resources"
         			didn't match the expected name "System.Windows.Forms, Version=4.0.0.0, Culture=neutral, PublicKeyToken=b77a5c561934e089".
                 Considered "dist\es\ReachFramework.resources.dll",
         			but its name "ReachFramework.resources"
         			didn't match the expected name "System.Windows.Forms, Version=4.0.0.0, Culture=neutral, PublicKeyToken=b77a5c561934e089".
                 Considered "dist\es\System.Windows.Controls.Ribbon.resources.dll",
         			but its name "System.Windows.Controls.Ribbon.resources"
         			didn't match the expected name "System.Windows.Forms, Version=4.0.0.0, Culture=neutral, PublicKeyToken=b77a5c561934e089".
                 Considered "dist\es\System.Windows.Forms.Design.resources.dll",
         			but its name "System.Windows.Forms.Design.resources"
         			didn't match the expected name "System.Windows.Forms, Version=4.0.0.0, Culture=neutral, PublicKeyToken=b77a5c561934e089".
                 Considered "dist\es\System.Windows.Forms.Primitives.resources.dll",
         			but its name "System.Windows.Forms.Primitives.resources"
         			didn't match the expected name "System.Windows.Forms, Version=4.0.0.0, Culture=neutral, PublicKeyToken=b77a5c561934e089".
                 Considered "dist\es\System.Windows.Forms.resources.dll",
         			but its name "System.Windows.Forms.resources"
         			didn't match the expected name "System.Windows.Forms, Version=4.0.0.0, Culture=neutral, PublicKeyToken=b77a5c561934e089".
                 Considered "dist\es\System.Windows.Input.Manipulations.resources.dll",
         			but its name "System.Windows.Input.Manipulations.resources"
         			didn't match the expected name "System.Windows.Forms, Version=4.0.0.0, Culture=neutral, PublicKeyToken=b77a5c561934e089".
                 Considered "dist\es\System.Xaml.resources.dll",
         			but its name "System.Xaml.resources"
         			didn't match the expected name "System.Windows.Forms, Version=4.0.0.0, Culture=neutral, PublicKeyToken=b77a5c561934e089".
                 Considered "dist\es\UIAutomationClient.resources.dll",
         			but its name "UIAutomationClient.resources"
         			didn't match the expected name "System.Windows.Forms, Version=4.0.0.0, Culture=neutral, PublicKeyToken=b77a5c561934e089".
                 Considered "dist\es\UIAutomationClientSideProviders.resources.dll",
         			but its name "UIAutomationClientSideProviders.resources"
         			didn't match the expected name "System.Windows.Forms, Version=4.0.0.0, Culture=neutral, PublicKeyToken=b77a5c561934e089".
                 Considered "dist\es\UIAutomationProvider.resources.dll",
         			but its name "UIAutomationProvider.resources"
         			didn't match the expected name "System.Windows.Forms, Version=4.0.0.0, Culture=neutral, PublicKeyToken=b77a5c561934e089".
                 Considered "dist\es\UIAutomationTypes.resources.dll",
         			but its name "UIAutomationTypes.resources"
         			didn't match the expected name "System.Windows.Forms, Version=4.0.0.0, Culture=neutral, PublicKeyToken=b77a5c561934e089".
                 Considered "dist\es\WindowsBase.resources.dll",
         			but its name "WindowsBase.resources"
         			didn't match the expected name "System.Windows.Forms, Version=4.0.0.0, Culture=neutral, PublicKeyToken=b77a5c561934e089".
                 Considered "dist\es\WindowsFormsIntegration.resources.dll",
         			but its name "WindowsFormsIntegration.resources"
         			didn't match the expected name "System.Windows.Forms, Version=4.0.0.0, Culture=neutral, PublicKeyToken=b77a5c561934e089".
                 Considered "dist\e_sqlite3.dll",
         			but its name "e_sqlite3"
         			didn't match the expected name "System.Windows.Forms, Version=4.0.0.0, Culture=neutral, PublicKeyToken=b77a5c561934e089".
                 Considered "dist\FgGrillPos.dll",
         			but its name "FgGrillPos"
         			didn't match the expected name "System.Windows.Forms, Version=4.0.0.0, Culture=neutral, PublicKeyToken=b77a5c561934e089".
                 Considered "dist\FgGrillPos.exe",
         			but its name "FgGrillPos"
         			didn't match the expected name "System.Windows.Forms, Version=4.0.0.0, Culture=neutral, PublicKeyToken=b77a5c561934e089".
                 Considered "dist\fr\Microsoft.VisualBasic.Forms.resources.dll",
         			but its name "Microsoft.VisualBasic.Forms.resources"
         			didn't match the expected name "System.Windows.Forms, Version=4.0.0.0, Culture=neutral, PublicKeyToken=b77a5c561934e089".
                 Considered "dist\fr\PresentationCore.resources.dll",
         			but its name "PresentationCore.resources"
         			didn't match the expected name "System.Windows.Forms, Version=4.0.0.0, Culture=neutral, PublicKeyToken=b77a5c561934e089".
                 Considered "dist\fr\PresentationFramework.resources.dll",
         			but its name "PresentationFramework.resources"
         			didn't match the expected name "System.Windows.Forms, Version=4.0.0.0, Culture=neutral, PublicKeyToken=b77a5c561934e089".
                 Considered "dist\fr\PresentationUI.resources.dll",
         			but its name "PresentationUI.resources"
         			didn't match the expected name "System.Windows.Forms, Version=4.0.0.0, Culture=neutral, PublicKeyToken=b77a5c561934e089".
                 Considered "dist\fr\ReachFramework.resources.dll",
         			but its name "ReachFramework.resources"
         			didn't match the expected name "System.Windows.Forms, Version=4.0.0.0, Culture=neutral, PublicKeyToken=b77a5c561934e089".
                 Considered "dist\fr\System.Windows.Controls.Ribbon.resources.dll",
         			but its name "System.Windows.Controls.Ribbon.resources"
         			didn't match the expected name "System.Windows.Forms, Version=4.0.0.0, Culture=neutral, PublicKeyToken=b77a5c561934e089".
                 Considered "dist\fr\System.Windows.Forms.Design.resources.dll",
         			but its name "System.Windows.Forms.Design.resources"
         			didn't match the expected name "System.Windows.Forms, Version=4.0.0.0, Culture=neutral, PublicKeyToken=b77a5c561934e089".
                 Considered "dist\fr\System.Windows.Forms.Primitives.resources.dll",
         			but its name "System.Windows.Forms.Primitives.resources"
         			didn't match the expected name "System.Windows.Forms, Version=4.0.0.0, Culture=neutral, PublicKeyToken=b77a5c561934e089".
                 Considered "dist\fr\System.Windows.Forms.resources.dll",
         			but its name "System.Windows.Forms.resources"
         			didn't match the expected name "System.Windows.Forms, Version=4.0.0.0, Culture=neutral, PublicKeyToken=b77a5c561934e089".
                 Considered "dist\fr\System.Windows.Input.Manipulations.resources.dll",
         			but its name "System.Windows.Input.Manipulations.resources"
         			didn't match the expected name "System.Windows.Forms, Version=4.0.0.0, Culture=neutral, PublicKeyToken=b77a5c561934e089".
                 Considered "dist\fr\System.Xaml.resources.dll",
         			but its name "System.Xaml.resources"
         			didn't match the expected name "System.Windows.Forms, Version=4.0.0.0, Culture=neutral, PublicKeyToken=b77a5c561934e089".
                 Considered "dist\fr\UIAutomationClient.resources.dll",
         			but its name "UIAutomationClient.resources"
         			didn't match the expected name "System.Windows.Forms, Version=4.0.0.0, Culture=neutral, PublicKeyToken=b77a5c561934e089".
                 Considered "dist\fr\UIAutomationClientSideProviders.resources.dll",
         			but its name "UIAutomationClientSideProviders.resources"
         			didn't match the expected name "System.Windows.Forms, Version=4.0.0.0, Culture=neutral, PublicKeyToken=b77a5c561934e089".
                 Considered "dist\fr\UIAutomationProvider.resources.dll",
         			but its name "UIAutomationProvider.resources"
         			didn't match the expected name "System.Windows.Forms, Version=4.0.0.0, Culture=neutral, PublicKeyToken=b77a5c561934e089".
                 Considered "dist\fr\UIAutomationTypes.resources.dll",
         			but its name "UIAutomationTypes.resources"
         			didn't match the expected name "System.Windows.Forms, Version=4.0.0.0, Culture=neutral, PublicKeyToken=b77a5c561934e089".
                 Considered "dist\fr\WindowsBase.resources.dll",
         			but its name "WindowsBase.resources"
         			didn't match the expected name "System.Windows.Forms, Version=4.0.0.0, Culture=neutral, PublicKeyToken=b77a5c561934e089".
                 Considered "dist\fr\WindowsFormsIntegration.resources.dll",
         			but its name "WindowsFormsIntegration.resources"
         			didn't match the expected name "System.Windows.Forms, Version=4.0.0.0, Culture=neutral, PublicKeyToken=b77a5c561934e089".
                 Considered "dist\hostfxr.dll",
         			but its name "hostfxr"
         			didn't match the expected name "System.Windows.Forms, Version=4.0.0.0, Culture=neutral, PublicKeyToken=b77a5c561934e089".
                 Considered "dist\hostpolicy.dll",
         			but its name "hostpolicy"
         			didn't match the expected name "System.Windows.Forms, Version=4.0.0.0, Culture=neutral, PublicKeyToken=b77a5c561934e089".
                 Considered "dist\it\Microsoft.VisualBasic.Forms.resources.dll",
         			but its name "Microsoft.VisualBasic.Forms.resources"
         			didn't match the expected name "System.Windows.Forms, Version=4.0.0.0, Culture=neutral, PublicKeyToken=b77a5c561934e089".
                 Considered "dist\it\PresentationCore.resources.dll",
         			but its name "PresentationCore.resources"
         			didn't match the expected name "System.Windows.Forms, Version=4.0.0.0, Culture=neutral, PublicKeyToken=b77a5c561934e089".
                 Considered "dist\it\PresentationFramework.resources.dll",
         			but its name "PresentationFramework.resources"
         			didn't match the expected name "System.Windows.Forms, Version=4.0.0.0, Culture=neutral, PublicKeyToken=b77a5c561934e089".
                 Considered "dist\it\PresentationUI.resources.dll",
         			but its name "PresentationUI.resources"
         			didn't match the expected name "System.Windows.Forms, Version=4.0.0.0, Culture=neutral, PublicKeyToken=b77a5c561934e089".
                 Considered "dist\it\ReachFramework.resources.dll",
         			but its name "ReachFramework.resources"
         			didn't match the expected name "System.Windows.Forms, Version=4.0.0.0, Culture=neutral, PublicKeyToken=b77a5c561934e089".
                 Considered "dist\it\System.Windows.Controls.Ribbon.resources.dll",
         			but its name "System.Windows.Controls.Ribbon.resources"
         			didn't match the expected name "System.Windows.Forms, Version=4.0.0.0, Culture=neutral, PublicKeyToken=b77a5c561934e089".
                 Considered "dist\it\System.Windows.Forms.Design.resources.dll",
         			but its name "System.Windows.Forms.Design.resources"
         			didn't match the expected name "System.Windows.Forms, Version=4.0.0.0, Culture=neutral, PublicKeyToken=b77a5c561934e089".
                 Considered "dist\it\System.Windows.Forms.Primitives.resources.dll",
         			but its name "System.Windows.Forms.Primitives.resources"
         			didn't match the expected name "System.Windows.Forms, Version=4.0.0.0, Culture=neutral, PublicKeyToken=b77a5c561934e089".
                 Considered "dist\it\System.Windows.Forms.resources.dll",
         			but its name "System.Windows.Forms.resources"
         			didn't match the expected name "System.Windows.Forms, Version=4.0.0.0, Culture=neutral, PublicKeyToken=b77a5c561934e089".
                 Considered "dist\it\System.Windows.Input.Manipulations.resources.dll",
         			but its name "System.Windows.Input.Manipulations.resources"
         			didn't match the expected name "System.Windows.Forms, Version=4.0.0.0, Culture=neutral, PublicKeyToken=b77a5c561934e089".
                 Considered "dist\it\System.Xaml.resources.dll",
         			but its name "System.Xaml.resources"
         			didn't match the expected name "System.Windows.Forms, Version=4.0.0.0, Culture=neutral, PublicKeyToken=b77a5c561934e089".
                 Considered "dist\it\UIAutomationClient.resources.dll",
         			but its name "UIAutomationClient.resources"
         			didn't match the expected name "System.Windows.Forms, Version=4.0.0.0, Culture=neutral, PublicKeyToken=b77a5c561934e089".
                 Considered "dist\it\UIAutomationClientSideProviders.resources.dll",
         			but its name "UIAutomationClientSideProviders.resources"
         			didn't match the expected name "System.Windows.Forms, Version=4.0.0.0, Culture=neutral, PublicKeyToken=b77a5c561934e089".
                 Considered "dist\it\UIAutomationProvider.resources.dll",
         			but its name "UIAutomationProvider.resources"
         			didn't match the expected name "System.Windows.Forms, Version=4.0.0.0, Culture=neutral, PublicKeyToken=b77a5c561934e089".
                 Considered "dist\it\UIAutomationTypes.resources.dll",
         			but its name "UIAutomationTypes.resources"
         			didn't match the expected name "System.Windows.Forms, Version=4.0.0.0, Culture=neutral, PublicKeyToken=b77a5c561934e089".
                 Considered "dist\it\WindowsBase.resources.dll",
         			but its name "WindowsBase.resources"
         			didn't match the expected name "System.Windows.Forms, Version=4.0.0.0, Culture=neutral, PublicKeyToken=b77a5c561934e089".
                 Considered "dist\it\WindowsFormsIntegration.resources.dll",
         			but its name "WindowsFormsIntegration.resources"
         			didn't match the expected name "System.Windows.Forms, Version=4.0.0.0, Culture=neutral, PublicKeyToken=b77a5c561934e089".
                 Considered "dist\ja\Microsoft.VisualBasic.Forms.resources.dll",
         			but its name "Microsoft.VisualBasic.Forms.resources"
         			didn't match the expected name "System.Windows.Forms, Version=4.0.0.0, Culture=neutral, PublicKeyToken=b77a5c561934e089".
                 Considered "dist\ja\PresentationCore.resources.dll",
         			but its name "PresentationCore.resources"
         			didn't match the expected name "System.Windows.Forms, Version=4.0.0.0, Culture=neutral, PublicKeyToken=b77a5c561934e089".
                 Considered "dist\ja\PresentationFramework.resources.dll",
         			but its name "PresentationFramework.resources"
         			didn't match the expected name "System.Windows.Forms, Version=4.0.0.0, Culture=neutral, PublicKeyToken=b77a5c561934e089".
                 Considered "dist\ja\PresentationUI.resources.dll",
         			but its name "PresentationUI.resources"
         			didn't match the expected name "System.Windows.Forms, Version=4.0.0.0, Culture=neutral, PublicKeyToken=b77a5c561934e089".
                 Considered "dist\ja\ReachFramework.resources.dll",
         			but its name "ReachFramework.resources"
         			didn't match the expected name "System.Windows.Forms, Version=4.0.0.0, Culture=neutral, PublicKeyToken=b77a5c561934e089".
                 Considered "dist\ja\System.Windows.Controls.Ribbon.resources.dll",
         			but its name "System.Windows.Controls.Ribbon.resources"
         			didn't match the expected name "System.Windows.Forms, Version=4.0.0.0, Culture=neutral, PublicKeyToken=b77a5c561934e089".
                 Considered "dist\ja\System.Windows.Forms.Design.resources.dll",
         			but its name "System.Windows.Forms.Design.resources"
         			didn't match the expected name "System.Windows.Forms, Version=4.0.0.0, Culture=neutral, PublicKeyToken=b77a5c561934e089".
                 Considered "dist\ja\System.Windows.Forms.Primitives.resources.dll",
         			but its name "System.Windows.Forms.Primitives.resources"
         			didn't match the expected name "System.Windows.Forms, Version=4.0.0.0, Culture=neutral, PublicKeyToken=b77a5c561934e089".
                 Considered "dist\ja\System.Windows.Forms.resources.dll",
         			but its name "System.Windows.Forms.resources"
         			didn't match the expected name "System.Windows.Forms, Version=4.0.0.0, Culture=neutral, PublicKeyToken=b77a5c561934e089".
                 Considered "dist\ja\System.Windows.Input.Manipulations.resources.dll",
         			but its name "System.Windows.Input.Manipulations.resources"
         			didn't match the expected name "System.Windows.Forms, Version=4.0.0.0, Culture=neutral, PublicKeyToken=b77a5c561934e089".
                 Considered "dist\ja\System.Xaml.resources.dll",
         			but its name "System.Xaml.resources"
         			didn't match the expected name "System.Windows.Forms, Version=4.0.0.0, Culture=neutral, PublicKeyToken=b77a5c561934e089".
                 Considered "dist\ja\UIAutomationClient.resources.dll",
         			but its name "UIAutomationClient.resources"
         			didn't match the expected name "System.Windows.Forms, Version=4.0.0.0, Culture=neutral, PublicKeyToken=b77a5c561934e089".
                 Considered "dist\ja\UIAutomationClientSideProviders.resources.dll",
         			but its name "UIAutomationClientSideProviders.resources"
         			didn't match the expected name "System.Windows.Forms, Version=4.0.0.0, Culture=neutral, PublicKeyToken=b77a5c561934e089".
                 Considered "dist\ja\UIAutomationProvider.resources.dll",
         			but its name "UIAutomationProvider.resources"
         			didn't match the expected name "System.Windows.Forms, Version=4.0.0.0, Culture=neutral, PublicKeyToken=b77a5c561934e089".
                 Considered "dist\ja\UIAutomationTypes.resources.dll",
         			but its name "UIAutomationTypes.resources"
         			didn't match the expected name "System.Windows.Forms, Version=4.0.0.0, Culture=neutral, PublicKeyToken=b77a5c561934e089".
                 Considered "dist\ja\WindowsBase.resources.dll",
         			but its name "WindowsBase.resources"
         			didn't match the expected name "System.Windows.Forms, Version=4.0.0.0, Culture=neutral, PublicKeyToken=b77a5c561934e089".
                 Considered "dist\ja\WindowsFormsIntegration.resources.dll",
         			but its name "WindowsFormsIntegration.resources"
         			didn't match the expected name "System.Windows.Forms, Version=4.0.0.0, Culture=neutral, PublicKeyToken=b77a5c561934e089".
                 Considered "dist\ko\Microsoft.VisualBasic.Forms.resources.dll",
         			but its name "Microsoft.VisualBasic.Forms.resources"
         			didn't match the expected name "System.Windows.Forms, Version=4.0.0.0, Culture=neutral, PublicKeyToken=b77a5c561934e089".
                 Considered "dist\ko\PresentationCore.resources.dll",
         			but its name "PresentationCore.resources"
         			didn't match the expected name "System.Windows.Forms, Version=4.0.0.0, Culture=neutral, PublicKeyToken=b77a5c561934e089".
                 Considered "dist\ko\PresentationFramework.resources.dll",
         			but its name "PresentationFramework.resources"
         			didn't match the expected name "System.Windows.Forms, Version=4.0.0.0, Culture=neutral, PublicKeyToken=b77a5c561934e089".
                 Considered "dist\ko\PresentationUI.resources.dll",
         			but its name "PresentationUI.resources"
         			didn't match the expected name "System.Windows.Forms, Version=4.0.0.0, Culture=neutral, PublicKeyToken=b77a5c561934e089".
                 Considered "dist\ko\ReachFramework.resources.dll",
         			but its name "ReachFramework.resources"
         			didn't match the expected name "System.Windows.Forms, Version=4.0.0.0, Culture=neutral, PublicKeyToken=b77a5c561934e089".
                 Considered "dist\ko\System.Windows.Controls.Ribbon.resources.dll",
         			but its name "System.Windows.Controls.Ribbon.resources"
         			didn't match the expected name "System.Windows.Forms, Version=4.0.0.0, Culture=neutral, PublicKeyToken=b77a5c561934e089".
                 Considered "dist\ko\System.Windows.Forms.Design.resources.dll",
         			but its name "System.Windows.Forms.Design.resources"
         			didn't match the expected name "System.Windows.Forms, Version=4.0.0.0, Culture=neutral, PublicKeyToken=b77a5c561934e089".
                 Considered "dist\ko\System.Windows.Forms.Primitives.resources.dll",
         			but its name "System.Windows.Forms.Primitives.resources"
         			didn't match the expected name "System.Windows.Forms, Version=4.0.0.0, Culture=neutral, PublicKeyToken=b77a5c561934e089".
                 Considered "dist\ko\System.Windows.Forms.resources.dll",
         			but its name "System.Windows.Forms.resources"
         			didn't match the expected name "System.Windows.Forms, Version=4.0.0.0, Culture=neutral, PublicKeyToken=b77a5c561934e089".
                 Considered "dist\ko\System.Windows.Input.Manipulations.resources.dll",
         			but its name "System.Windows.Input.Manipulations.resources"
         			didn't match the expected name "System.Windows.Forms, Version=4.0.0.0, Culture=neutral, PublicKeyToken=b77a5c561934e089".
                 Considered "dist\ko\System.Xaml.resources.dll",
         			but its name "System.Xaml.resources"
         			didn't match the expected name "System.Windows.Forms, Version=4.0.0.0, Culture=neutral, PublicKeyToken=b77a5c561934e089".
                 Considered "dist\ko\UIAutomationClient.resources.dll",
         			but its name "UIAutomationClient.resources"
         			didn't match the expected name "System.Windows.Forms, Version=4.0.0.0, Culture=neutral, PublicKeyToken=b77a5c561934e089".
                 Considered "dist\ko\UIAutomationClientSideProviders.resources.dll",
         			but its name "UIAutomationClientSideProviders.resources"
         			didn't match the expected name "System.Windows.Forms, Version=4.0.0.0, Culture=neutral, PublicKeyToken=b77a5c561934e089".
                 Considered "dist\ko\UIAutomationProvider.resources.dll",
         			but its name "UIAutomationProvider.resources"
         			didn't match the expected name "System.Windows.Forms, Version=4.0.0.0, Culture=neutral, PublicKeyToken=b77a5c561934e089".
                 Considered "dist\ko\UIAutomationTypes.resources.dll",
         			but its name "UIAutomationTypes.resources"
         			didn't match the expected name "System.Windows.Forms, Version=4.0.0.0, Culture=neutral, PublicKeyToken=b77a5c561934e089".
                 Considered "dist\ko\WindowsBase.resources.dll",
         			but its name "WindowsBase.resources"
         			didn't match the expected name "System.Windows.Forms, Version=4.0.0.0, Culture=neutral, PublicKeyToken=b77a5c561934e089".
                 Considered "dist\ko\WindowsFormsIntegration.resources.dll",
         			but its name "WindowsFormsIntegration.resources"
         			didn't match the expected name "System.Windows.Forms, Version=4.0.0.0, Culture=neutral, PublicKeyToken=b77a5c561934e089".
                 Considered "dist\Microsoft.CSharp.dll",
         			but its name "Microsoft.CSharp"
         			didn't match the expected name "System.Windows.Forms, Version=4.0.0.0, Culture=neutral, PublicKeyToken=b77a5c561934e089".
                 Considered "dist\Microsoft.Data.Sqlite.dll",
         			but its name "Microsoft.Data.Sqlite"
         			didn't match the expected name "System.Windows.Forms, Version=4.0.0.0, Culture=neutral, PublicKeyToken=b77a5c561934e089".
                 Considered "dist\Microsoft.DiaSymReader.Native.amd64.dll",
         			but its name "Microsoft.DiaSymReader.Native.amd64"
         			didn't match the expected name "System.Windows.Forms, Version=4.0.0.0, Culture=neutral, PublicKeyToken=b77a5c561934e089".
                 Considered "dist\Microsoft.VisualBasic.Core.dll",
         			but its name "Microsoft.VisualBasic.Core"
         			didn't match the expected name "System.Windows.Forms, Version=4.0.0.0, Culture=neutral, PublicKeyToken=b77a5c561934e089".
                 Considered "dist\Microsoft.VisualBasic.dll",
         			but its name "Microsoft.VisualBasic"
         			didn't match the expected name "System.Windows.Forms, Version=4.0.0.0, Culture=neutral, PublicKeyToken=b77a5c561934e089".
                 Considered "dist\Microsoft.VisualBasic.Forms.dll",
         			but its name "Microsoft.VisualBasic.Forms"
         			didn't match the expected name "System.Windows.Forms, Version=4.0.0.0, Culture=neutral, PublicKeyToken=b77a5c561934e089".
                 Considered "dist\Microsoft.Web.WebView2.Core.dll",
         			but its name "Microsoft.Web.WebView2.Core"
         			didn't match the expected name "System.Windows.Forms, Version=4.0.0.0, Culture=neutral, PublicKeyToken=b77a5c561934e089".
                 Considered "dist\Microsoft.Web.WebView2.WinForms.dll",
         			but its name "Microsoft.Web.WebView2.WinForms"
         			didn't match the expected name "System.Windows.Forms, Version=4.0.0.0, Culture=neutral, PublicKeyToken=b77a5c561934e089".
                 Considered "dist\Microsoft.Web.WebView2.Wpf.dll",
         			but its name "Microsoft.Web.WebView2.Wpf"
         			didn't match the expected name "System.Windows.Forms, Version=4.0.0.0, Culture=neutral, PublicKeyToken=b77a5c561934e089".
                 Considered "dist\Microsoft.Win32.Primitives.dll",
         			but its name "Microsoft.Win32.Primitives"
         			didn't match the expected name "System.Windows.Forms, Version=4.0.0.0, Culture=neutral, PublicKeyToken=b77a5c561934e089".
                 Considered "dist\Microsoft.Win32.Registry.AccessControl.dll",
         			but its name "Microsoft.Win32.Registry.AccessControl"
         			didn't match the expected name "System.Windows.Forms, Version=4.0.0.0, Culture=neutral, PublicKeyToken=b77a5c561934e089".
                 Considered "dist\Microsoft.Win32.Registry.dll",
         			but its name "Microsoft.Win32.Registry"
         			didn't match the expected name "System.Windows.Forms, Version=4.0.0.0, Culture=neutral, PublicKeyToken=b77a5c561934e089".
                 Considered "dist\Microsoft.Win32.SystemEvents.dll",
         			but its name "Microsoft.Win32.SystemEvents"
         			didn't match the expected name "System.Windows.Forms, Version=4.0.0.0, Culture=neutral, PublicKeyToken=b77a5c561934e089".
                 Considered "dist\mscordaccore.dll",
         			but its name "mscordaccore"
         			didn't match the expected name "System.Windows.Forms, Version=4.0.0.0, Culture=neutral, PublicKeyToken=b77a5c561934e089".
                 Considered "dist\mscordaccore_amd64_amd64_8.0.2426.7010.dll",
         			but its name "mscordaccore_amd64_amd64_8.0.2426.7010"
         			didn't match the expected name "System.Windows.Forms, Version=4.0.0.0, Culture=neutral, PublicKeyToken=b77a5c561934e089".
                 Considered "dist\mscordbi.dll",
         			but its name "mscordbi"
         			didn't match the expected name "System.Windows.Forms, Version=4.0.0.0, Culture=neutral, PublicKeyToken=b77a5c561934e089".
                 Considered "dist\mscorlib.dll",
         			but its name "mscorlib"
         			didn't match the expected name "System.Windows.Forms, Version=4.0.0.0, Culture=neutral, PublicKeyToken=b77a5c561934e089".
                 Considered "dist\mscorrc.dll",
         			but its name "mscorrc"
         			didn't match the expected name "System.Windows.Forms, Version=4.0.0.0, Culture=neutral, PublicKeyToken=b77a5c561934e089".
                 Considered "dist\msquic.dll",
         			but its name "msquic"
         			didn't match the expected name "System.Windows.Forms, Version=4.0.0.0, Culture=neutral, PublicKeyToken=b77a5c561934e089".
                 Considered "dist\netstandard.dll",
         			but its name "netstandard"
         			didn't match the expected name "System.Windows.Forms, Version=4.0.0.0, Culture=neutral, PublicKeyToken=b77a5c561934e089".
                 Considered "dist\Newtonsoft.Json.dll",
         			but its name "Newtonsoft.Json"
         			didn't match the expected name "System.Windows.Forms, Version=4.0.0.0, Culture=neutral, PublicKeyToken=b77a5c561934e089".
                 Considered "dist\PenImc_cor3.dll",
         			but its name "PenImc_cor3"
         			didn't match the expected name "System.Windows.Forms, Version=4.0.0.0, Culture=neutral, PublicKeyToken=b77a5c561934e089".
                 Considered "dist\pl\Microsoft.VisualBasic.Forms.resources.dll",
         			but its name "Microsoft.VisualBasic.Forms.resources"
         			didn't match the expected name "System.Windows.Forms, Version=4.0.0.0, Culture=neutral, PublicKeyToken=b77a5c561934e089".
                 Considered "dist\pl\PresentationCore.resources.dll",
         			but its name "PresentationCore.resources"
         			didn't match the expected name "System.Windows.Forms, Version=4.0.0.0, Culture=neutral, PublicKeyToken=b77a5c561934e089".
                 Considered "dist\pl\PresentationFramework.resources.dll",
         			but its name "PresentationFramework.resources"
         			didn't match the expected name "System.Windows.Forms, Version=4.0.0.0, Culture=neutral, PublicKeyToken=b77a5c561934e089".
                 Considered "dist\pl\PresentationUI.resources.dll",
         			but its name "PresentationUI.resources"
         			didn't match the expected name "System.Windows.Forms, Version=4.0.0.0, Culture=neutral, PublicKeyToken=b77a5c561934e089".
                 Considered "dist\pl\ReachFramework.resources.dll",
         			but its name "ReachFramework.resources"
         			didn't match the expected name "System.Windows.Forms, Version=4.0.0.0, Culture=neutral, PublicKeyToken=b77a5c561934e089".
                 Considered "dist\pl\System.Windows.Controls.Ribbon.resources.dll",
         			but its name "System.Windows.Controls.Ribbon.resources"
         			didn't match the expected name "System.Windows.Forms, Version=4.0.0.0, Culture=neutral, PublicKeyToken=b77a5c561934e089".
                 Considered "dist\pl\System.Windows.Forms.Design.resources.dll",
         			but its name "System.Windows.Forms.Design.resources"
         			didn't match the expected name "System.Windows.Forms, Version=4.0.0.0, Culture=neutral, PublicKeyToken=b77a5c561934e089".
                 Considered "dist\pl\System.Windows.Forms.Primitives.resources.dll",
         			but its name "System.Windows.Forms.Primitives.resources"
         			didn't match the expected name "System.Windows.Forms, Version=4.0.0.0, Culture=neutral, PublicKeyToken=b77a5c561934e089".
                 Considered "dist\pl\System.Windows.Forms.resources.dll",
         			but its name "System.Windows.Forms.resources"
         			didn't match the expected name "System.Windows.Forms, Version=4.0.0.0, Culture=neutral, PublicKeyToken=b77a5c561934e089".
                 Considered "dist\pl\System.Windows.Input.Manipulations.resources.dll",
         			but its name "System.Windows.Input.Manipulations.resources"
         			didn't match the expected name "System.Windows.Forms, Version=4.0.0.0, Culture=neutral, PublicKeyToken=b77a5c561934e089".
                 Considered "dist\pl\System.Xaml.resources.dll",
         			but its name "System.Xaml.resources"
         			didn't match the expected name "System.Windows.Forms, Version=4.0.0.0, Culture=neutral, PublicKeyToken=b77a5c561934e089".
                 Considered "dist\pl\UIAutomationClient.resources.dll",
         			but its name "UIAutomationClient.resources"
         			didn't match the expected name "System.Windows.Forms, Version=4.0.0.0, Culture=neutral, PublicKeyToken=b77a5c561934e089".
                 Considered "dist\pl\UIAutomationClientSideProviders.resources.dll",
         			but its name "UIAutomationClientSideProviders.resources"
         			didn't match the expected name "System.Windows.Forms, Version=4.0.0.0, Culture=neutral, PublicKeyToken=b77a5c561934e089".
                 Considered "dist\pl\UIAutomationProvider.resources.dll",
         			but its name "UIAutomationProvider.resources"
         			didn't match the expected name "System.Windows.Forms, Version=4.0.0.0, Culture=neutral, PublicKeyToken=b77a5c561934e089".
                 Considered "dist\pl\UIAutomationTypes.resources.dll",
         			but its name "UIAutomationTypes.resources"
         			didn't match the expected name "System.Windows.Forms, Version=4.0.0.0, Culture=neutral, PublicKeyToken=b77a5c561934e089".
                 Considered "dist\pl\WindowsBase.resources.dll",
         			but its name "WindowsBase.resources"
         			didn't match the expected name "System.Windows.Forms, Version=4.0.0.0, Culture=neutral, PublicKeyToken=b77a5c561934e089".
                 Considered "dist\pl\WindowsFormsIntegration.resources.dll",
         			but its name "WindowsFormsIntegration.resources"
         			didn't match the expected name "System.Windows.Forms, Version=4.0.0.0, Culture=neutral, PublicKeyToken=b77a5c561934e089".
                 Considered "dist\PresentationCore.dll",
         			but its name "PresentationCore"
         			didn't match the expected name "System.Windows.Forms, Version=4.0.0.0, Culture=neutral, PublicKeyToken=b77a5c561934e089".
                 Considered "dist\PresentationFramework-SystemCore.dll",
         			but its name "PresentationFramework-SystemCore"
         			didn't match the expected name "System.Windows.Forms, Version=4.0.0.0, Culture=neutral, PublicKeyToken=b77a5c561934e089".
                 Considered "dist\PresentationFramework-SystemData.dll",
         			but its name "PresentationFramework-SystemData"
         			didn't match the expected name "System.Windows.Forms, Version=4.0.0.0, Culture=neutral, PublicKeyToken=b77a5c561934e089".
                 Considered "dist\PresentationFramework-SystemDrawing.dll",
         			but its name "PresentationFramework-SystemDrawing"
         			didn't match the expected name "System.Windows.Forms, Version=4.0.0.0, Culture=neutral, PublicKeyToken=b77a5c561934e089".
                 Considered "dist\PresentationFramework-SystemXml.dll",
         			but its name "PresentationFramework-SystemXml"
         			didn't match the expected name "System.Windows.Forms, Version=4.0.0.0, Culture=neutral, PublicKeyToken=b77a5c561934e089".
                 Considered "dist\PresentationFramework-SystemXmlLinq.dll",
         			but its name "PresentationFramework-SystemXmlLinq"
         			didn't match the expected name "System.Windows.Forms, Version=4.0.0.0, Culture=neutral, PublicKeyToken=b77a5c561934e089".
                 Considered "dist\PresentationFramework.Aero.dll",
         			but its name "PresentationFramework.Aero"
         			didn't match the expected name "System.Windows.Forms, Version=4.0.0.0, Culture=neutral, PublicKeyToken=b77a5c561934e089".
                 Considered "dist\PresentationFramework.Aero2.dll",
         			but its name "PresentationFramework.Aero2"
         			didn't match the expected name "System.Windows.Forms, Version=4.0.0.0, Culture=neutral, PublicKeyToken=b77a5c561934e089".
                 Considered "dist\PresentationFramework.AeroLite.dll",
         			but its name "PresentationFramework.AeroLite"
         			didn't match the expected name "System.Windows.Forms, Version=4.0.0.0, Culture=neutral, PublicKeyToken=b77a5c561934e089".
                 Considered "dist\PresentationFramework.Classic.dll",
         			but its name "PresentationFramework.Classic"
         			didn't match the expected name "System.Windows.Forms, Version=4.0.0.0, Culture=neutral, PublicKeyToken=b77a5c561934e089".
                 Considered "dist\PresentationFramework.dll",
         			but its name "PresentationFramework"
         			didn't match the expected name "System.Windows.Forms, Version=4.0.0.0, Culture=neutral, PublicKeyToken=b77a5c561934e089".
                 Considered "dist\PresentationFramework.Luna.dll",
         			but its name "PresentationFramework.Luna"
         			didn't match the expected name "System.Windows.Forms, Version=4.0.0.0, Culture=neutral, PublicKeyToken=b77a5c561934e089".
                 Considered "dist\PresentationFramework.Royale.dll",
         			but its name "PresentationFramework.Royale"
         			didn't match the expected name "System.Windows.Forms, Version=4.0.0.0, Culture=neutral, PublicKeyToken=b77a5c561934e089".
                 Considered "dist\PresentationNative_cor3.dll",
         			but its name "PresentationNative_cor3"
         			didn't match the expected name "System.Windows.Forms, Version=4.0.0.0, Culture=neutral, PublicKeyToken=b77a5c561934e089".
                 Considered "dist\PresentationUI.dll",
         			but its name "PresentationUI"
         			didn't match the expected name "System.Windows.Forms, Version=4.0.0.0, Culture=neutral, PublicKeyToken=b77a5c561934e089".
                 Considered "dist\pt-BR\Microsoft.VisualBasic.Forms.resources.dll",
         			but its name "Microsoft.VisualBasic.Forms.resources"
         			didn't match the expected name "System.Windows.Forms, Version=4.0.0.0, Culture=neutral, PublicKeyToken=b77a5c561934e089".
                 Considered "dist\pt-BR\PresentationCore.resources.dll",
         			but its name "PresentationCore.resources"
         			didn't match the expected name "System.Windows.Forms, Version=4.0.0.0, Culture=neutral, PublicKeyToken=b77a5c561934e089".
                 Considered "dist\pt-BR\PresentationFramework.resources.dll",
         			but its name "PresentationFramework.resources"
         			didn't match the expected name "System.Windows.Forms, Version=4.0.0.0, Culture=neutral, PublicKeyToken=b77a5c561934e089".
                 Considered "dist\pt-BR\PresentationUI.resources.dll",
         			but its name "PresentationUI.resources"
         			didn't match the expected name "System.Windows.Forms, Version=4.0.0.0, Culture=neutral, PublicKeyToken=b77a5c561934e089".
                 Considered "dist\pt-BR\ReachFramework.resources.dll",
         			but its name "ReachFramework.resources"
         			didn't match the expected name "System.Windows.Forms, Version=4.0.0.0, Culture=neutral, PublicKeyToken=b77a5c561934e089".
                 Considered "dist\pt-BR\System.Windows.Controls.Ribbon.resources.dll",
         			but its name "System.Windows.Controls.Ribbon.resources"
         			didn't match the expected name "System.Windows.Forms, Version=4.0.0.0, Culture=neutral, PublicKeyToken=b77a5c561934e089".
                 Considered "dist\pt-BR\System.Windows.Forms.Design.resources.dll",
         			but its name "System.Windows.Forms.Design.resources"
         			didn't match the expected name "System.Windows.Forms, Version=4.0.0.0, Culture=neutral, PublicKeyToken=b77a5c561934e089".
                 Considered "dist\pt-BR\System.Windows.Forms.Primitives.resources.dll",
         			but its name "System.Windows.Forms.Primitives.resources"
         			didn't match the expected name "System.Windows.Forms, Version=4.0.0.0, Culture=neutral, PublicKeyToken=b77a5c561934e089".
                 Considered "dist\pt-BR\System.Windows.Forms.resources.dll",
         			but its name "System.Windows.Forms.resources"
         			didn't match the expected name "System.Windows.Forms, Version=4.0.0.0, Culture=neutral, PublicKeyToken=b77a5c561934e089".
                 Considered "dist\pt-BR\System.Windows.Input.Manipulations.resources.dll",
         			but its name "System.Windows.Input.Manipulations.resources"
         			didn't match the expected name "System.Windows.Forms, Version=4.0.0.0, Culture=neutral, PublicKeyToken=b77a5c561934e089".
                 Considered "dist\pt-BR\System.Xaml.resources.dll",
         			but its name "System.Xaml.resources"
         			didn't match the expected name "System.Windows.Forms, Version=4.0.0.0, Culture=neutral, PublicKeyToken=b77a5c561934e089".
                 Considered "dist\pt-BR\UIAutomationClient.resources.dll",
         			but its name "UIAutomationClient.resources"
         			didn't match the expected name "System.Windows.Forms, Version=4.0.0.0, Culture=neutral, PublicKeyToken=b77a5c561934e089".
                 Considered "dist\pt-BR\UIAutomationClientSideProviders.resources.dll",
         			but its name "UIAutomationClientSideProviders.resources"
         			didn't match the expected name "System.Windows.Forms, Version=4.0.0.0, Culture=neutral, PublicKeyToken=b77a5c561934e089".
                 Considered "dist\pt-BR\UIAutomationProvider.resources.dll",
         			but its name "UIAutomationProvider.resources"
         			didn't match the expected name "System.Windows.Forms, Version=4.0.0.0, Culture=neutral, PublicKeyToken=b77a5c561934e089".
                 Considered "dist\pt-BR\UIAutomationTypes.resources.dll",
         			but its name "UIAutomationTypes.resources"
         			didn't match the expected name "System.Windows.Forms, Version=4.0.0.0, Culture=neutral, PublicKeyToken=b77a5c561934e089".
                 Considered "dist\pt-BR\WindowsBase.resources.dll",
         			but its name "WindowsBase.resources"
         			didn't match the expected name "System.Windows.Forms, Version=4.0.0.0, Culture=neutral, PublicKeyToken=b77a5c561934e089".
                 Considered "dist\pt-BR\WindowsFormsIntegration.resources.dll",
         			but its name "WindowsFormsIntegration.resources"
         			didn't match the expected name "System.Windows.Forms, Version=4.0.0.0, Culture=neutral, PublicKeyToken=b77a5c561934e089".
                 Considered "dist\ReachFramework.dll",
         			but its name "ReachFramework"
         			didn't match the expected name "System.Windows.Forms, Version=4.0.0.0, Culture=neutral, PublicKeyToken=b77a5c561934e089".
                 Considered "dist\runtimes\win-x64\native\WebView2Loader.dll",
         			but its name "WebView2Loader"
         			didn't match the expected name "System.Windows.Forms, Version=4.0.0.0, Culture=neutral, PublicKeyToken=b77a5c561934e089".
                 Considered "dist\ru\Microsoft.VisualBasic.Forms.resources.dll",
         			but its name "Microsoft.VisualBasic.Forms.resources"
         			didn't match the expected name "System.Windows.Forms, Version=4.0.0.0, Culture=neutral, PublicKeyToken=b77a5c561934e089".
                 Considered "dist\ru\PresentationCore.resources.dll",
         			but its name "PresentationCore.resources"
         			didn't match the expected name "System.Windows.Forms, Version=4.0.0.0, Culture=neutral, PublicKeyToken=b77a5c561934e089".
                 Considered "dist\ru\PresentationFramework.resources.dll",
         			but its name "PresentationFramework.resources"
         			didn't match the expected name "System.Windows.Forms, Version=4.0.0.0, Culture=neutral, PublicKeyToken=b77a5c561934e089".
                 Considered "dist\ru\PresentationUI.resources.dll",
         			but its name "PresentationUI.resources"
         			didn't match the expected name "System.Windows.Forms, Version=4.0.0.0, Culture=neutral, PublicKeyToken=b77a5c561934e089".
                 Considered "dist\ru\ReachFramework.resources.dll",
         			but its name "ReachFramework.resources"
         			didn't match the expected name "System.Windows.Forms, Version=4.0.0.0, Culture=neutral, PublicKeyToken=b77a5c561934e089".
                 Considered "dist\ru\System.Windows.Controls.Ribbon.resources.dll",
         			but its name "System.Windows.Controls.Ribbon.resources"
         			didn't match the expected name "System.Windows.Forms, Version=4.0.0.0, Culture=neutral, PublicKeyToken=b77a5c561934e089".
                 Considered "dist\ru\System.Windows.Forms.Design.resources.dll",
         			but its name "System.Windows.Forms.Design.resources"
         			didn't match the expected name "System.Windows.Forms, Version=4.0.0.0, Culture=neutral, PublicKeyToken=b77a5c561934e089".
                 Considered "dist\ru\System.Windows.Forms.Primitives.resources.dll",
         			but its name "System.Windows.Forms.Primitives.resources"
         			didn't match the expected name "System.Windows.Forms, Version=4.0.0.0, Culture=neutral, PublicKeyToken=b77a5c561934e089".
                 Considered "dist\ru\System.Windows.Forms.resources.dll",
         			but its name "System.Windows.Forms.resources"
         			didn't match the expected name "System.Windows.Forms, Version=4.0.0.0, Culture=neutral, PublicKeyToken=b77a5c561934e089".
                 Considered "dist\ru\System.Windows.Input.Manipulations.resources.dll",
         			but its name "System.Windows.Input.Manipulations.resources"
         			didn't match the expected name "System.Windows.Forms, Version=4.0.0.0, Culture=neutral, PublicKeyToken=b77a5c561934e089".
                 Considered "dist\ru\System.Xaml.resources.dll",
         			but its name "System.Xaml.resources"
         			didn't match the expected name "System.Windows.Forms, Version=4.0.0.0, Culture=neutral, PublicKeyToken=b77a5c561934e089".
                 Considered "dist\ru\UIAutomationClient.resources.dll",
         			but its name "UIAutomationClient.resources"
         			didn't match the expected name "System.Windows.Forms, Version=4.0.0.0, Culture=neutral, PublicKeyToken=b77a5c561934e089".
                 Considered "dist\ru\UIAutomationClientSideProviders.resources.dll",
         			but its name "UIAutomationClientSideProviders.resources"
         			didn't match the expected name "System.Windows.Forms, Version=4.0.0.0, Culture=neutral, PublicKeyToken=b77a5c561934e089".
                 Considered "dist\ru\UIAutomationProvider.resources.dll",
         			but its name "UIAutomationProvider.resources"
         			didn't match the expected name "System.Windows.Forms, Version=4.0.0.0, Culture=neutral, PublicKeyToken=b77a5c561934e089".
                 Considered "dist\ru\UIAutomationTypes.resources.dll",
         			but its name "UIAutomationTypes.resources"
         			didn't match the expected name "System.Windows.Forms, Version=4.0.0.0, Culture=neutral, PublicKeyToken=b77a5c561934e089".
                 Considered "dist\ru\WindowsBase.resources.dll",
         			but its name "WindowsBase.resources"
         			didn't match the expected name "System.Windows.Forms, Version=4.0.0.0, Culture=neutral, PublicKeyToken=b77a5c561934e089".
                 Considered "dist\ru\WindowsFormsIntegration.resources.dll",
         			but its name "WindowsFormsIntegration.resources"
         			didn't match the expected name "System.Windows.Forms, Version=4.0.0.0, Culture=neutral, PublicKeyToken=b77a5c561934e089".
                 Considered "dist\SQLitePCLRaw.batteries_v2.dll",
         			but its name "SQLitePCLRaw.batteries_v2"
         			didn't match the expected name "System.Windows.Forms, Version=4.0.0.0, Culture=neutral, PublicKeyToken=b77a5c561934e089".
                 Considered "dist\SQLitePCLRaw.core.dll",
         			but its name "SQLitePCLRaw.core"
         			didn't match the expected name "System.Windows.Forms, Version=4.0.0.0, Culture=neutral, PublicKeyToken=b77a5c561934e089".
                 Considered "dist\SQLitePCLRaw.provider.e_sqlite3.dll",
         			but its name "SQLitePCLRaw.provider.e_sqlite3"
         			didn't match the expected name "System.Windows.Forms, Version=4.0.0.0, Culture=neutral, PublicKeyToken=b77a5c561934e089".
                 Considered "dist\System.AppContext.dll",
         			but its name "System.AppContext"
         			didn't match the expected name "System.Windows.Forms, Version=4.0.0.0, Culture=neutral, PublicKeyToken=b77a5c561934e089".
                 Considered "dist\System.Buffers.dll",
         			but its name "System.Buffers"
         			didn't match the expected name "System.Windows.Forms, Version=4.0.0.0, Culture=neutral, PublicKeyToken=b77a5c561934e089".
                 Considered "dist\System.CodeDom.dll",
         			but its name "System.CodeDom"
         			didn't match the expected name "System.Windows.Forms, Version=4.0.0.0, Culture=neutral, PublicKeyToken=b77a5c561934e089".
                 Considered "dist\System.Collections.Concurrent.dll",
         			but its name "System.Collections.Concurrent"
         			didn't match the expected name "System.Windows.Forms, Version=4.0.0.0, Culture=neutral, PublicKeyToken=b77a5c561934e089".
                 Considered "dist\System.Collections.dll",
         			but its name "System.Collections"
         			didn't match the expected name "System.Windows.Forms, Version=4.0.0.0, Culture=neutral, PublicKeyToken=b77a5c561934e089".
                 Considered "dist\System.Collections.Immutable.dll",
         			but its name "System.Collections.Immutable"
         			didn't match the expected name "System.Windows.Forms, Version=4.0.0.0, Culture=neutral, PublicKeyToken=b77a5c561934e089".
                 Considered "dist\System.Collections.NonGeneric.dll",
         			but its name "System.Collections.NonGeneric"
         			didn't match the expected name "System.Windows.Forms, Version=4.0.0.0, Culture=neutral, PublicKeyToken=b77a5c561934e089".
                 Considered "dist\System.Collections.Specialized.dll",
         			but its name "System.Collections.Specialized"
         			didn't match the expected name "System.Windows.Forms, Version=4.0.0.0, Culture=neutral, PublicKeyToken=b77a5c561934e089".
                 Considered "dist\System.ComponentModel.Annotations.dll",
         			but its name "System.ComponentModel.Annotations"
         			didn't match the expected name "System.Windows.Forms, Version=4.0.0.0, Culture=neutral, PublicKeyToken=b77a5c561934e089".
                 Considered "dist\System.ComponentModel.DataAnnotations.dll",
         			but its name "System.ComponentModel.DataAnnotations"
         			didn't match the expected name "System.Windows.Forms, Version=4.0.0.0, Culture=neutral, PublicKeyToken=b77a5c561934e089".
                 Considered "dist\System.ComponentModel.dll",
         			but its name "System.ComponentModel"
         			didn't match the expected name "System.Windows.Forms, Version=4.0.0.0, Culture=neutral, PublicKeyToken=b77a5c561934e089".
                 Considered "dist\System.ComponentModel.EventBasedAsync.dll",
         			but its name "System.ComponentModel.EventBasedAsync"
         			didn't match the expected name "System.Windows.Forms, Version=4.0.0.0, Culture=neutral, PublicKeyToken=b77a5c561934e089".
                 Considered "dist\System.ComponentModel.Primitives.dll",
         			but its name "System.ComponentModel.Primitives"
         			didn't match the expected name "System.Windows.Forms, Version=4.0.0.0, Culture=neutral, PublicKeyToken=b77a5c561934e089".
                 Considered "dist\System.ComponentModel.TypeConverter.dll",
         			but its name "System.ComponentModel.TypeConverter"
         			didn't match the expected name "System.Windows.Forms, Version=4.0.0.0, Culture=neutral, PublicKeyToken=b77a5c561934e089".
                 Considered "dist\System.Configuration.ConfigurationManager.dll",
         			but its name "System.Configuration.ConfigurationManager"
         			didn't match the expected name "System.Windows.Forms, Version=4.0.0.0, Culture=neutral, PublicKeyToken=b77a5c561934e089".
                 Considered "dist\System.Configuration.dll",
         			but its name "System.Configuration"
         			didn't match the expected name "System.Windows.Forms, Version=4.0.0.0, Culture=neutral, PublicKeyToken=b77a5c561934e089".
                 Considered "dist\System.Console.dll",
         			but its name "System.Console"
         			didn't match the expected name "System.Windows.Forms, Version=4.0.0.0, Culture=neutral, PublicKeyToken=b77a5c561934e089".
                 Considered "dist\System.Core.dll",
         			but its name "System.Core"
         			didn't match the expected name "System.Windows.Forms, Version=4.0.0.0, Culture=neutral, PublicKeyToken=b77a5c561934e089".
                 Considered "dist\System.Data.Common.dll",
         			but its name "System.Data.Common"
         			didn't match the expected name "System.Windows.Forms, Version=4.0.0.0, Culture=neutral, PublicKeyToken=b77a5c561934e089".
                 Considered "dist\System.Data.DataSetExtensions.dll",
         			but its name "System.Data.DataSetExtensions"
         			didn't match the expected name "System.Windows.Forms, Version=4.0.0.0, Culture=neutral, PublicKeyToken=b77a5c561934e089".
                 Considered "dist\System.Data.dll",
         			but its name "System.Data"
         			didn't match the expected name "System.Windows.Forms, Version=4.0.0.0, Culture=neutral, PublicKeyToken=b77a5c561934e089".
                 Considered "dist\System.Design.dll",
         			but its name "System.Design"
         			didn't match the expected name "System.Windows.Forms, Version=4.0.0.0, Culture=neutral, PublicKeyToken=b77a5c561934e089".
                 Considered "dist\System.Diagnostics.Contracts.dll",
         			but its name "System.Diagnostics.Contracts"
         			didn't match the expected name "System.Windows.Forms, Version=4.0.0.0, Culture=neutral, PublicKeyToken=b77a5c561934e089".
                 Considered "dist\System.Diagnostics.Debug.dll",
         			but its name "System.Diagnostics.Debug"
         			didn't match the expected name "System.Windows.Forms, Version=4.0.0.0, Culture=neutral, PublicKeyToken=b77a5c561934e089".
                 Considered "dist\System.Diagnostics.DiagnosticSource.dll",
         			but its name "System.Diagnostics.DiagnosticSource"
         			didn't match the expected name "System.Windows.Forms, Version=4.0.0.0, Culture=neutral, PublicKeyToken=b77a5c561934e089".
                 Considered "dist\System.Diagnostics.EventLog.dll",
         			but its name "System.Diagnostics.EventLog"
         			didn't match the expected name "System.Windows.Forms, Version=4.0.0.0, Culture=neutral, PublicKeyToken=b77a5c561934e089".
                 Considered "dist\System.Diagnostics.EventLog.Messages.dll",
         			but its name "System.Diagnostics.EventLog.Messages"
         			didn't match the expected name "System.Windows.Forms, Version=4.0.0.0, Culture=neutral, PublicKeyToken=b77a5c561934e089".
                 Considered "dist\System.Diagnostics.FileVersionInfo.dll",
         			but its name "System.Diagnostics.FileVersionInfo"
         			didn't match the expected name "System.Windows.Forms, Version=4.0.0.0, Culture=neutral, PublicKeyToken=b77a5c561934e089".
                 Considered "dist\System.Diagnostics.PerformanceCounter.dll",
         			but its name "System.Diagnostics.PerformanceCounter"
         			didn't match the expected name "System.Windows.Forms, Version=4.0.0.0, Culture=neutral, PublicKeyToken=b77a5c561934e089".
                 Considered "dist\System.Diagnostics.Process.dll",
         			but its name "System.Diagnostics.Process"
         			didn't match the expected name "System.Windows.Forms, Version=4.0.0.0, Culture=neutral, PublicKeyToken=b77a5c561934e089".
                 Considered "dist\System.Diagnostics.StackTrace.dll",
         			but its name "System.Diagnostics.StackTrace"
         			didn't match the expected name "System.Windows.Forms, Version=4.0.0.0, Culture=neutral, PublicKeyToken=b77a5c561934e089".
                 Considered "dist\System.Diagnostics.TextWriterTraceListener.dll",
         			but its name "System.Diagnostics.TextWriterTraceListener"
         			didn't match the expected name "System.Windows.Forms, Version=4.0.0.0, Culture=neutral, PublicKeyToken=b77a5c561934e089".
                 Considered "dist\System.Diagnostics.Tools.dll",
         			but its name "System.Diagnostics.Tools"
         			didn't match the expected name "System.Windows.Forms, Version=4.0.0.0, Culture=neutral, PublicKeyToken=b77a5c561934e089".
                 Considered "dist\System.Diagnostics.TraceSource.dll",
         			but its name "System.Diagnostics.TraceSource"
         			didn't match the expected name "System.Windows.Forms, Version=4.0.0.0, Culture=neutral, PublicKeyToken=b77a5c561934e089".
                 Considered "dist\System.Diagnostics.Tracing.dll",
         			but its name "System.Diagnostics.Tracing"
         			didn't match the expected name "System.Windows.Forms, Version=4.0.0.0, Culture=neutral, PublicKeyToken=b77a5c561934e089".
                 Considered "dist\System.DirectoryServices.dll",
         			but its name "System.DirectoryServices"
         			didn't match the expected name "System.Windows.Forms, Version=4.0.0.0, Culture=neutral, PublicKeyToken=b77a5c561934e089".
                 Considered "dist\System.dll",
         			but its name "System"
         			didn't match the expected name "System.Windows.Forms, Version=4.0.0.0, Culture=neutral, PublicKeyToken=b77a5c561934e089".
                 Considered "dist\System.Drawing.Common.dll",
         			but its name "System.Drawing.Common"
         			didn't match the expected name "System.Windows.Forms, Version=4.0.0.0, Culture=neutral, PublicKeyToken=b77a5c561934e089".
                 Considered "dist\System.Drawing.Design.dll",
         			but its name "System.Drawing.Design"
         			didn't match the expected name "System.Windows.Forms, Version=4.0.0.0, Culture=neutral, PublicKeyToken=b77a5c561934e089".
                 Considered "dist\System.Drawing.dll",
         			but its name "System.Drawing"
         			didn't match the expected name "System.Windows.Forms, Version=4.0.0.0, Culture=neutral, PublicKeyToken=b77a5c561934e089".
                 Considered "dist\System.Drawing.Primitives.dll",
         			but its name "System.Drawing.Primitives"
         			didn't match the expected name "System.Windows.Forms, Version=4.0.0.0, Culture=neutral, PublicKeyToken=b77a5c561934e089".
                 Considered "dist\System.Dynamic.Runtime.dll",
         			but its name "System.Dynamic.Runtime"
         			didn't match the expected name "System.Windows.Forms, Version=4.0.0.0, Culture=neutral, PublicKeyToken=b77a5c561934e089".
                 Considered "dist\System.Formats.Asn1.dll",
         			but its name "System.Formats.Asn1"
         			didn't match the expected name "System.Windows.Forms, Version=4.0.0.0, Culture=neutral, PublicKeyToken=b77a5c561934e089".
                 Considered "dist\System.Formats.Tar.dll",
         			but its name "System.Formats.Tar"
         			didn't match the expected name "System.Windows.Forms, Version=4.0.0.0, Culture=neutral, PublicKeyToken=b77a5c561934e089".
                 Considered "dist\System.Globalization.Calendars.dll",
         			but its name "System.Globalization.Calendars"
         			didn't match the expected name "System.Windows.Forms, Version=4.0.0.0, Culture=neutral, PublicKeyToken=b77a5c561934e089".
                 Considered "dist\System.Globalization.dll",
         			but its name "System.Globalization"
         			didn't match the expected name "System.Windows.Forms, Version=4.0.0.0, Culture=neutral, PublicKeyToken=b77a5c561934e089".
                 Considered "dist\System.Globalization.Extensions.dll",
         			but its name "System.Globalization.Extensions"
         			didn't match the expected name "System.Windows.Forms, Version=4.0.0.0, Culture=neutral, PublicKeyToken=b77a5c561934e089".
                 Considered "dist\System.IO.Compression.Brotli.dll",
         			but its name "System.IO.Compression.Brotli"
         			didn't match the expected name "System.Windows.Forms, Version=4.0.0.0, Culture=neutral, PublicKeyToken=b77a5c561934e089".
                 Considered "dist\System.IO.Compression.dll",
         			but its name "System.IO.Compression"
         			didn't match the expected name "System.Windows.Forms, Version=4.0.0.0, Culture=neutral, PublicKeyToken=b77a5c561934e089".
                 Considered "dist\System.IO.Compression.FileSystem.dll",
         			but its name "System.IO.Compression.FileSystem"
         			didn't match the expected name "System.Windows.Forms, Version=4.0.0.0, Culture=neutral, PublicKeyToken=b77a5c561934e089".
                 Considered "dist\System.IO.Compression.Native.dll",
         			but its name "System.IO.Compression.Native"
         			didn't match the expected name "System.Windows.Forms, Version=4.0.0.0, Culture=neutral, PublicKeyToken=b77a5c561934e089".
                 Considered "dist\System.IO.Compression.ZipFile.dll",
         			but its name "System.IO.Compression.ZipFile"
         			didn't match the expected name "System.Windows.Forms, Version=4.0.0.0, Culture=neutral, PublicKeyToken=b77a5c561934e089".
                 Considered "dist\System.IO.dll",
         			but its name "System.IO"
         			didn't match the expected name "System.Windows.Forms, Version=4.0.0.0, Culture=neutral, PublicKeyToken=b77a5c561934e089".
                 Considered "dist\System.IO.FileSystem.AccessControl.dll",
         			but its name "System.IO.FileSystem.AccessControl"
         			didn't match the expected name "System.Windows.Forms, Version=4.0.0.0, Culture=neutral, PublicKeyToken=b77a5c561934e089".
                 Considered "dist\System.IO.FileSystem.dll",
         			but its name "System.IO.FileSystem"
         			didn't match the expected name "System.Windows.Forms, Version=4.0.0.0, Culture=neutral, PublicKeyToken=b77a5c561934e089".
                 Considered "dist\System.IO.FileSystem.DriveInfo.dll",
         			but its name "System.IO.FileSystem.DriveInfo"
         			didn't match the expected name "System.Windows.Forms, Version=4.0.0.0, Culture=neutral, PublicKeyToken=b77a5c561934e089".
                 Considered "dist\System.IO.FileSystem.Primitives.dll",
         			but its name "System.IO.FileSystem.Primitives"
         			didn't match the expected name "System.Windows.Forms, Version=4.0.0.0, Culture=neutral, PublicKeyToken=b77a5c561934e089".
                 Considered "dist\System.IO.FileSystem.Watcher.dll",
         			but its name "System.IO.FileSystem.Watcher"
         			didn't match the expected name "System.Windows.Forms, Version=4.0.0.0, Culture=neutral, PublicKeyToken=b77a5c561934e089".
                 Considered "dist\System.IO.IsolatedStorage.dll",
         			but its name "System.IO.IsolatedStorage"
         			didn't match the expected name "System.Windows.Forms, Version=4.0.0.0, Culture=neutral, PublicKeyToken=b77a5c561934e089".
                 Considered "dist\System.IO.MemoryMappedFiles.dll",
         			but its name "System.IO.MemoryMappedFiles"
         			didn't match the expected name "System.Windows.Forms, Version=4.0.0.0, Culture=neutral, PublicKeyToken=b77a5c561934e089".
                 Considered "dist\System.IO.Packaging.dll",
         			but its name "System.IO.Packaging"
         			didn't match the expected name "System.Windows.Forms, Version=4.0.0.0, Culture=neutral, PublicKeyToken=b77a5c561934e089".
                 Considered "dist\System.IO.Pipes.AccessControl.dll",
         			but its name "System.IO.Pipes.AccessControl"
         			didn't match the expected name "System.Windows.Forms, Version=4.0.0.0, Culture=neutral, PublicKeyToken=b77a5c561934e089".
                 Considered "dist\System.IO.Pipes.dll",
         			but its name "System.IO.Pipes"
         			didn't match the expected name "System.Windows.Forms, Version=4.0.0.0, Culture=neutral, PublicKeyToken=b77a5c561934e089".
                 Considered "dist\System.IO.UnmanagedMemoryStream.dll",
         			but its name "System.IO.UnmanagedMemoryStream"
         			didn't match the expected name "System.Windows.Forms, Version=4.0.0.0, Culture=neutral, PublicKeyToken=b77a5c561934e089".
                 Considered "dist\System.Linq.dll",
         			but its name "System.Linq"
         			didn't match the expected name "System.Windows.Forms, Version=4.0.0.0, Culture=neutral, PublicKeyToken=b77a5c561934e089".
                 Considered "dist\System.Linq.Expressions.dll",
         			but its name "System.Linq.Expressions"
         			didn't match the expected name "System.Windows.Forms, Version=4.0.0.0, Culture=neutral, PublicKeyToken=b77a5c561934e089".
                 Considered "dist\System.Linq.Parallel.dll",
         			but its name "System.Linq.Parallel"
         			didn't match the expected name "System.Windows.Forms, Version=4.0.0.0, Culture=neutral, PublicKeyToken=b77a5c561934e089".
                 Considered "dist\System.Linq.Queryable.dll",
         			but its name "System.Linq.Queryable"
         			didn't match the expected name "System.Windows.Forms, Version=4.0.0.0, Culture=neutral, PublicKeyToken=b77a5c561934e089".
                 Considered "dist\System.Memory.dll",
         			but its name "System.Memory"
         			didn't match the expected name "System.Windows.Forms, Version=4.0.0.0, Culture=neutral, PublicKeyToken=b77a5c561934e089".
                 Considered "dist\System.Net.dll",
         			but its name "System.Net"
         			didn't match the expected name "System.Windows.Forms, Version=4.0.0.0, Culture=neutral, PublicKeyToken=b77a5c561934e089".
                 Considered "dist\System.Net.Http.dll",
         			but its name "System.Net.Http"
         			didn't match the expected name "System.Windows.Forms, Version=4.0.0.0, Culture=neutral, PublicKeyToken=b77a5c561934e089".
                 Considered "dist\System.Net.Http.Json.dll",
         			but its name "System.Net.Http.Json"
         			didn't match the expected name "System.Windows.Forms, Version=4.0.0.0, Culture=neutral, PublicKeyToken=b77a5c561934e089".
                 Considered "dist\System.Net.HttpListener.dll",
         			but its name "System.Net.HttpListener"
         			didn't match the expected name "System.Windows.Forms, Version=4.0.0.0, Culture=neutral, PublicKeyToken=b77a5c561934e089".
                 Considered "dist\System.Net.Mail.dll",
         			but its name "System.Net.Mail"
         			didn't match the expected name "System.Windows.Forms, Version=4.0.0.0, Culture=neutral, PublicKeyToken=b77a5c561934e089".
                 Considered "dist\System.Net.NameResolution.dll",
         			but its name "System.Net.NameResolution"
         			didn't match the expected name "System.Windows.Forms, Version=4.0.0.0, Culture=neutral, PublicKeyToken=b77a5c561934e089".
                 Considered "dist\System.Net.NetworkInformation.dll",
         			but its name "System.Net.NetworkInformation"
         			didn't match the expected name "System.Windows.Forms, Version=4.0.0.0, Culture=neutral, PublicKeyToken=b77a5c561934e089".
                 Considered "dist\System.Net.Ping.dll",
         			but its name "System.Net.Ping"
         			didn't match the expected name "System.Windows.Forms, Version=4.0.0.0, Culture=neutral, PublicKeyToken=b77a5c561934e089".
                 Considered "dist\System.Net.Primitives.dll",
         			but its name "System.Net.Primitives"
         			didn't match the expected name "System.Windows.Forms, Version=4.0.0.0, Culture=neutral, PublicKeyToken=b77a5c561934e089".
                 Considered "dist\System.Net.Quic.dll",
         			but its name "System.Net.Quic"
         			didn't match the expected name "System.Windows.Forms, Version=4.0.0.0, Culture=neutral, PublicKeyToken=b77a5c561934e089".
                 Considered "dist\System.Net.Requests.dll",
         			but its name "System.Net.Requests"
         			didn't match the expected name "System.Windows.Forms, Version=4.0.0.0, Culture=neutral, PublicKeyToken=b77a5c561934e089".
                 Considered "dist\System.Net.Security.dll",
         			but its name "System.Net.Security"
         			didn't match the expected name "System.Windows.Forms, Version=4.0.0.0, Culture=neutral, PublicKeyToken=b77a5c561934e089".
                 Considered "dist\System.Net.ServicePoint.dll",
         			but its name "System.Net.ServicePoint"
         			didn't match the expected name "System.Windows.Forms, Version=4.0.0.0, Culture=neutral, PublicKeyToken=b77a5c561934e089".
                 Considered "dist\System.Net.Sockets.dll",
         			but its name "System.Net.Sockets"
         			didn't match the expected name "System.Windows.Forms, Version=4.0.0.0, Culture=neutral, PublicKeyToken=b77a5c561934e089".
                 Considered "dist\System.Net.WebClient.dll",
         			but its name "System.Net.WebClient"
         			didn't match the expected name "System.Windows.Forms, Version=4.0.0.0, Culture=neutral, PublicKeyToken=b77a5c561934e089".
                 Considered "dist\System.Net.WebHeaderCollection.dll",
         			but its name "System.Net.WebHeaderCollection"
         			didn't match the expected name "System.Windows.Forms, Version=4.0.0.0, Culture=neutral, PublicKeyToken=b77a5c561934e089".
                 Considered "dist\System.Net.WebProxy.dll",
         			but its name "System.Net.WebProxy"
         			didn't match the expected name "System.Windows.Forms, Version=4.0.0.0, Culture=neutral, PublicKeyToken=b77a5c561934e089".
                 Considered "dist\System.Net.WebSockets.Client.dll",
         			but its name "System.Net.WebSockets.Client"
         			didn't match the expected name "System.Windows.Forms, Version=4.0.0.0, Culture=neutral, PublicKeyToken=b77a5c561934e089".
                 Considered "dist\System.Net.WebSockets.dll",
         			but its name "System.Net.WebSockets"
         			didn't match the expected name "System.Windows.Forms, Version=4.0.0.0, Culture=neutral, PublicKeyToken=b77a5c561934e089".
                 Considered "dist\System.Numerics.dll",
         			but its name "System.Numerics"
         			didn't match the expected name "System.Windows.Forms, Version=4.0.0.0, Culture=neutral, PublicKeyToken=b77a5c561934e089".
                 Considered "dist\System.Numerics.Vectors.dll",
         			but its name "System.Numerics.Vectors"
         			didn't match the expected name "System.Windows.Forms, Version=4.0.0.0, Culture=neutral, PublicKeyToken=b77a5c561934e089".
                 Considered "dist\System.ObjectModel.dll",
         			but its name "System.ObjectModel"
         			didn't match the expected name "System.Windows.Forms, Version=4.0.0.0, Culture=neutral, PublicKeyToken=b77a5c561934e089".
                 Considered "dist\System.Printing.dll",
         			but its name "System.Printing"
         			didn't match the expected name "System.Windows.Forms, Version=4.0.0.0, Culture=neutral, PublicKeyToken=b77a5c561934e089".
                 Considered "dist\System.Private.CoreLib.dll",
         			but its name "System.Private.CoreLib"
         			didn't match the expected name "System.Windows.Forms, Version=4.0.0.0, Culture=neutral, PublicKeyToken=b77a5c561934e089".
                 Considered "dist\System.Private.DataContractSerialization.dll",
         			but its name "System.Private.DataContractSerialization"
         			didn't match the expected name "System.Windows.Forms, Version=4.0.0.0, Culture=neutral, PublicKeyToken=b77a5c561934e089".
                 Considered "dist\System.Private.Uri.dll",
         			but its name "System.Private.Uri"
         			didn't match the expected name "System.Windows.Forms, Version=4.0.0.0, Culture=neutral, PublicKeyToken=b77a5c561934e089".
                 Considered "dist\System.Private.Xml.dll",
         			but its name "System.Private.Xml"
         			didn't match the expected name "System.Windows.Forms, Version=4.0.0.0, Culture=neutral, PublicKeyToken=b77a5c561934e089".
                 Considered "dist\System.Private.Xml.Linq.dll",
         			but its name "System.Private.Xml.Linq"
         			didn't match the expected name "System.Windows.Forms, Version=4.0.0.0, Culture=neutral, PublicKeyToken=b77a5c561934e089".
                 Considered "dist\System.Reflection.DispatchProxy.dll",
         			but its name "System.Reflection.DispatchProxy"
         			didn't match the expected name "System.Windows.Forms, Version=4.0.0.0, Culture=neutral, PublicKeyToken=b77a5c561934e089".
                 Considered "dist\System.Reflection.dll",
         			but its name "System.Reflection"
         			didn't match the expected name "System.Windows.Forms, Version=4.0.0.0, Culture=neutral, PublicKeyToken=b77a5c561934e089".
                 Considered "dist\System.Reflection.Emit.dll",
         			but its name "System.Reflection.Emit"
         			didn't match the expected name "System.Windows.Forms, Version=4.0.0.0, Culture=neutral, PublicKeyToken=b77a5c561934e089".
                 Considered "dist\System.Reflection.Emit.ILGeneration.dll",
         			but its name "System.Reflection.Emit.ILGeneration"
         			didn't match the expected name "System.Windows.Forms, Version=4.0.0.0, Culture=neutral, PublicKeyToken=b77a5c561934e089".
                 Considered "dist\System.Reflection.Emit.Lightweight.dll",
         			but its name "System.Reflection.Emit.Lightweight"
         			didn't match the expected name "System.Windows.Forms, Version=4.0.0.0, Culture=neutral, PublicKeyToken=b77a5c561934e089".
                 Considered "dist\System.Reflection.Extensions.dll",
         			but its name "System.Reflection.Extensions"
         			didn't match the expected name "System.Windows.Forms, Version=4.0.0.0, Culture=neutral, PublicKeyToken=b77a5c561934e089".
                 Considered "dist\System.Reflection.Metadata.dll",
         			but its name "System.Reflection.Metadata"
         			didn't match the expected name "System.Windows.Forms, Version=4.0.0.0, Culture=neutral, PublicKeyToken=b77a5c561934e089".
                 Considered "dist\System.Reflection.Primitives.dll",
         			but its name "System.Reflection.Primitives"
         			didn't match the expected name "System.Windows.Forms, Version=4.0.0.0, Culture=neutral, PublicKeyToken=b77a5c561934e089".
                 Considered "dist\System.Reflection.TypeExtensions.dll",
         			but its name "System.Reflection.TypeExtensions"
         			didn't match the expected name "System.Windows.Forms, Version=4.0.0.0, Culture=neutral, PublicKeyToken=b77a5c561934e089".
                 Considered "dist\System.Resources.Extensions.dll",
         			but its name "System.Resources.Extensions"
         			didn't match the expected name "System.Windows.Forms, Version=4.0.0.0, Culture=neutral, PublicKeyToken=b77a5c561934e089".
                 Considered "dist\System.Resources.Reader.dll",
         			but its name "System.Resources.Reader"
         			didn't match the expected name "System.Windows.Forms, Version=4.0.0.0, Culture=neutral, PublicKeyToken=b77a5c561934e089".
                 Considered "dist\System.Resources.ResourceManager.dll",
         			but its name "System.Resources.ResourceManager"
         			didn't match the expected name "System.Windows.Forms, Version=4.0.0.0, Culture=neutral, PublicKeyToken=b77a5c561934e089".
                 Considered "dist\System.Resources.Writer.dll",
         			but its name "System.Resources.Writer"
         			didn't match the expected name "System.Windows.Forms, Version=4.0.0.0, Culture=neutral, PublicKeyToken=b77a5c561934e089".
                 Considered "dist\System.Runtime.CompilerServices.Unsafe.dll",
         			but its name "System.Runtime.CompilerServices.Unsafe"
         			didn't match the expected name "System.Windows.Forms, Version=4.0.0.0, Culture=neutral, PublicKeyToken=b77a5c561934e089".
                 Considered "dist\System.Runtime.CompilerServices.VisualC.dll",
         			but its name "System.Runtime.CompilerServices.VisualC"
         			didn't match the expected name "System.Windows.Forms, Version=4.0.0.0, Culture=neutral, PublicKeyToken=b77a5c561934e089".
                 Considered "dist\System.Runtime.dll",
         			but its name "System.Runtime"
         			didn't match the expected name "System.Windows.Forms, Version=4.0.0.0, Culture=neutral, PublicKeyToken=b77a5c561934e089".
                 Considered "dist\System.Runtime.Extensions.dll",
         			but its name "System.Runtime.Extensions"
         			didn't match the expected name "System.Windows.Forms, Version=4.0.0.0, Culture=neutral, PublicKeyToken=b77a5c561934e089".
                 Considered "dist\System.Runtime.Handles.dll",
         			but its name "System.Runtime.Handles"
         			didn't match the expected name "System.Windows.Forms, Version=4.0.0.0, Culture=neutral, PublicKeyToken=b77a5c561934e089".
                 Considered "dist\System.Runtime.InteropServices.dll",
         			but its name "System.Runtime.InteropServices"
         			didn't match the expected name "System.Windows.Forms, Version=4.0.0.0, Culture=neutral, PublicKeyToken=b77a5c561934e089".
                 Considered "dist\System.Runtime.InteropServices.JavaScript.dll",
         			but its name "System.Runtime.InteropServices.JavaScript"
         			didn't match the expected name "System.Windows.Forms, Version=4.0.0.0, Culture=neutral, PublicKeyToken=b77a5c561934e089".
                 Considered "dist\System.Runtime.InteropServices.RuntimeInformation.dll",
         			but its name "System.Runtime.InteropServices.RuntimeInformation"
         			didn't match the expected name "System.Windows.Forms, Version=4.0.0.0, Culture=neutral, PublicKeyToken=b77a5c561934e089".
                 Considered "dist\System.Runtime.Intrinsics.dll",
         			but its name "System.Runtime.Intrinsics"
         			didn't match the expected name "System.Windows.Forms, Version=4.0.0.0, Culture=neutral, PublicKeyToken=b77a5c561934e089".
                 Considered "dist\System.Runtime.Loader.dll",
         			but its name "System.Runtime.Loader"
         			didn't match the expected name "System.Windows.Forms, Version=4.0.0.0, Culture=neutral, PublicKeyToken=b77a5c561934e089".
                 Considered "dist\System.Runtime.Numerics.dll",
         			but its name "System.Runtime.Numerics"
         			didn't match the expected name "System.Windows.Forms, Version=4.0.0.0, Culture=neutral, PublicKeyToken=b77a5c561934e089".
                 Considered "dist\System.Runtime.Serialization.dll",
         			but its name "System.Runtime.Serialization"
         			didn't match the expected name "System.Windows.Forms, Version=4.0.0.0, Culture=neutral, PublicKeyToken=b77a5c561934e089".
                 Considered "dist\System.Runtime.Serialization.Formatters.dll",
         			but its name "System.Runtime.Serialization.Formatters"
         			didn't match the expected name "System.Windows.Forms, Version=4.0.0.0, Culture=neutral, PublicKeyToken=b77a5c561934e089".
                 Considered "dist\System.Runtime.Serialization.Json.dll",
         			but its name "System.Runtime.Serialization.Json"
         			didn't match the expected name "System.Windows.Forms, Version=4.0.0.0, Culture=neutral, PublicKeyToken=b77a5c561934e089".
                 Considered "dist\System.Runtime.Serialization.Primitives.dll",
         			but its name "System.Runtime.Serialization.Primitives"
         			didn't match the expected name "System.Windows.Forms, Version=4.0.0.0, Culture=neutral, PublicKeyToken=b77a5c561934e089".
                 Considered "dist\System.Runtime.Serialization.Xml.dll",
         			but its name "System.Runtime.Serialization.Xml"
         			didn't match the expected name "System.Windows.Forms, Version=4.0.0.0, Culture=neutral, PublicKeyToken=b77a5c561934e089".
                 Considered "dist\System.Security.AccessControl.dll",
         			but its name "System.Security.AccessControl"
         			didn't match the expected name "System.Windows.Forms, Version=4.0.0.0, Culture=neutral, PublicKeyToken=b77a5c561934e089".
                 Considered "dist\System.Security.Claims.dll",
         			but its name "System.Security.Claims"
         			didn't match the expected name "System.Windows.Forms, Version=4.0.0.0, Culture=neutral, PublicKeyToken=b77a5c561934e089".
                 Considered "dist\System.Security.Cryptography.Algorithms.dll",
         			but its name "System.Security.Cryptography.Algorithms"
         			didn't match the expected name "System.Windows.Forms, Version=4.0.0.0, Culture=neutral, PublicKeyToken=b77a5c561934e089".
                 Considered "dist\System.Security.Cryptography.Cng.dll",
         			but its name "System.Security.Cryptography.Cng"
         			didn't match the expected name "System.Windows.Forms, Version=4.0.0.0, Culture=neutral, PublicKeyToken=b77a5c561934e089".
                 Considered "dist\System.Security.Cryptography.Csp.dll",
         			but its name "System.Security.Cryptography.Csp"
         			didn't match the expected name "System.Windows.Forms, Version=4.0.0.0, Culture=neutral, PublicKeyToken=b77a5c561934e089".
                 Considered "dist\System.Security.Cryptography.dll",
         			but its name "System.Security.Cryptography"
         			didn't match the expected name "System.Windows.Forms, Version=4.0.0.0, Culture=neutral, PublicKeyToken=b77a5c561934e089".
                 Considered "dist\System.Security.Cryptography.Encoding.dll",
         			but its name "System.Security.Cryptography.Encoding"
         			didn't match the expected name "System.Windows.Forms, Version=4.0.0.0, Culture=neutral, PublicKeyToken=b77a5c561934e089".
                 Considered "dist\System.Security.Cryptography.OpenSsl.dll",
         			but its name "System.Security.Cryptography.OpenSsl"
         			didn't match the expected name "System.Windows.Forms, Version=4.0.0.0, Culture=neutral, PublicKeyToken=b77a5c561934e089".
                 Considered "dist\System.Security.Cryptography.Pkcs.dll",
         			but its name "System.Security.Cryptography.Pkcs"
         			didn't match the expected name "System.Windows.Forms, Version=4.0.0.0, Culture=neutral, PublicKeyToken=b77a5c561934e089".
                 Considered "dist\System.Security.Cryptography.Primitives.dll",
         			but its name "System.Security.Cryptography.Primitives"
         			didn't match the expected name "System.Windows.Forms, Version=4.0.0.0, Culture=neutral, PublicKeyToken=b77a5c561934e089".
                 Considered "dist\System.Security.Cryptography.ProtectedData.dll",
         			but its name "System.Security.Cryptography.ProtectedData"
         			didn't match the expected name "System.Windows.Forms, Version=4.0.0.0, Culture=neutral, PublicKeyToken=b77a5c561934e089".
                 Considered "dist\System.Security.Cryptography.X509Certificates.dll",
         			but its name "System.Security.Cryptography.X509Certificates"
         			didn't match the expected name "System.Windows.Forms, Version=4.0.0.0, Culture=neutral, PublicKeyToken=b77a5c561934e089".
                 Considered "dist\System.Security.Cryptography.Xml.dll",
         			but its name "System.Security.Cryptography.Xml"
         			didn't match the expected name "System.Windows.Forms, Version=4.0.0.0, Culture=neutral, PublicKeyToken=b77a5c561934e089".
                 Considered "dist\System.Security.dll",
         			but its name "System.Security"
         			didn't match the expected name "System.Windows.Forms, Version=4.0.0.0, Culture=neutral, PublicKeyToken=b77a5c561934e089".
                 Considered "dist\System.Security.Permissions.dll",
         			but its name "System.Security.Permissions"
         			didn't match the expected name "System.Windows.Forms, Version=4.0.0.0, Culture=neutral, PublicKeyToken=b77a5c561934e089".
                 Considered "dist\System.Security.Principal.dll",
         			but its name "System.Security.Principal"
         			didn't match the expected name "System.Windows.Forms, Version=4.0.0.0, Culture=neutral, PublicKeyToken=b77a5c561934e089".
                 Considered "dist\System.Security.Principal.Windows.dll",
         			but its name "System.Security.Principal.Windows"
         			didn't match the expected name "System.Windows.Forms, Version=4.0.0.0, Culture=neutral, PublicKeyToken=b77a5c561934e089".
                 Considered "dist\System.Security.SecureString.dll",
         			but its name "System.Security.SecureString"
         			didn't match the expected name "System.Windows.Forms, Version=4.0.0.0, Culture=neutral, PublicKeyToken=b77a5c561934e089".
                 Considered "dist\System.ServiceModel.Web.dll",
         			but its name "System.ServiceModel.Web"
         			didn't match the expected name "System.Windows.Forms, Version=4.0.0.0, Culture=neutral, PublicKeyToken=b77a5c561934e089".
                 Considered "dist\System.ServiceProcess.dll",
         			but its name "System.ServiceProcess"
         			didn't match the expected name "System.Windows.Forms, Version=4.0.0.0, Culture=neutral, PublicKeyToken=b77a5c561934e089".
                 Considered "dist\System.Text.Encoding.CodePages.dll",
         			but its name "System.Text.Encoding.CodePages"
         			didn't match the expected name "System.Windows.Forms, Version=4.0.0.0, Culture=neutral, PublicKeyToken=b77a5c561934e089".
                 Considered "dist\System.Text.Encoding.dll",
         			but its name "System.Text.Encoding"
         			didn't match the expected name "System.Windows.Forms, Version=4.0.0.0, Culture=neutral, PublicKeyToken=b77a5c561934e089".
                 Considered "dist\System.Text.Encoding.Extensions.dll",
         			but its name "System.Text.Encoding.Extensions"
         			didn't match the expected name "System.Windows.Forms, Version=4.0.0.0, Culture=neutral, PublicKeyToken=b77a5c561934e089".
                 Considered "dist\System.Text.Encodings.Web.dll",
         			but its name "System.Text.Encodings.Web"
         			didn't match the expected name "System.Windows.Forms, Version=4.0.0.0, Culture=neutral, PublicKeyToken=b77a5c561934e089".
                 Considered "dist\System.Text.Json.dll",
         			but its name "System.Text.Json"
         			didn't match the expected name "System.Windows.Forms, Version=4.0.0.0, Culture=neutral, PublicKeyToken=b77a5c561934e089".
                 Considered "dist\System.Text.RegularExpressions.dll",
         			but its name "System.Text.RegularExpressions"
         			didn't match the expected name "System.Windows.Forms, Version=4.0.0.0, Culture=neutral, PublicKeyToken=b77a5c561934e089".
                 Considered "dist\System.Threading.AccessControl.dll",
         			but its name "System.Threading.AccessControl"
         			didn't match the expected name "System.Windows.Forms, Version=4.0.0.0, Culture=neutral, PublicKeyToken=b77a5c561934e089".
                 Considered "dist\System.Threading.Channels.dll",
         			but its name "System.Threading.Channels"
         			didn't match the expected name "System.Windows.Forms, Version=4.0.0.0, Culture=neutral, PublicKeyToken=b77a5c561934e089".
                 Considered "dist\System.Threading.dll",
         			but its name "System.Threading"
         			didn't match the expected name "System.Windows.Forms, Version=4.0.0.0, Culture=neutral, PublicKeyToken=b77a5c561934e089".
                 Considered "dist\System.Threading.Overlapped.dll",
         			but its name "System.Threading.Overlapped"
         			didn't match the expected name "System.Windows.Forms, Version=4.0.0.0, Culture=neutral, PublicKeyToken=b77a5c561934e089".
                 Considered "dist\System.Threading.Tasks.Dataflow.dll",
         			but its name "System.Threading.Tasks.Dataflow"
         			didn't match the expected name "System.Windows.Forms, Version=4.0.0.0, Culture=neutral, PublicKeyToken=b77a5c561934e089".
                 Considered "dist\System.Threading.Tasks.dll",
         			but its name "System.Threading.Tasks"
         			didn't match the expected name "System.Windows.Forms, Version=4.0.0.0, Culture=neutral, PublicKeyToken=b77a5c561934e089".
                 Considered "dist\System.Threading.Tasks.Extensions.dll",
         			but its name "System.Threading.Tasks.Extensions"
         			didn't match the expected name "System.Windows.Forms, Version=4.0.0.0, Culture=neutral, PublicKeyToken=b77a5c561934e089".
                 Considered "dist\System.Threading.Tasks.Parallel.dll",
         			but its name "System.Threading.Tasks.Parallel"
         			didn't match the expected name "System.Windows.Forms, Version=4.0.0.0, Culture=neutral, PublicKeyToken=b77a5c561934e089".
                 Considered "dist\System.Threading.Thread.dll",
         			but its name "System.Threading.Thread"
         			didn't match the expected name "System.Windows.Forms, Version=4.0.0.0, Culture=neutral, PublicKeyToken=b77a5c561934e089".
                 Considered "dist\System.Threading.ThreadPool.dll",
         			but its name "System.Threading.ThreadPool"
         			didn't match the expected name "System.Windows.Forms, Version=4.0.0.0, Culture=neutral, PublicKeyToken=b77a5c561934e089".
                 Considered "dist\System.Threading.Timer.dll",
         			but its name "System.Threading.Timer"
         			didn't match the expected name "System.Windows.Forms, Version=4.0.0.0, Culture=neutral, PublicKeyToken=b77a5c561934e089".
                 Considered "dist\System.Transactions.dll",
         			but its name "System.Transactions"
         			didn't match the expected name "System.Windows.Forms, Version=4.0.0.0, Culture=neutral, PublicKeyToken=b77a5c561934e089".
                 Considered "dist\System.Transactions.Local.dll",
         			but its name "System.Transactions.Local"
         			didn't match the expected name "System.Windows.Forms, Version=4.0.0.0, Culture=neutral, PublicKeyToken=b77a5c561934e089".
                 Considered "dist\System.ValueTuple.dll",
         			but its name "System.ValueTuple"
         			didn't match the expected name "System.Windows.Forms, Version=4.0.0.0, Culture=neutral, PublicKeyToken=b77a5c561934e089".
                 Considered "dist\System.Web.dll",
         			but its name "System.Web"
         			didn't match the expected name "System.Windows.Forms, Version=4.0.0.0, Culture=neutral, PublicKeyToken=b77a5c561934e089".
                 Considered "dist\System.Web.HttpUtility.dll",
         			but its name "System.Web.HttpUtility"
         			didn't match the expected name "System.Windows.Forms, Version=4.0.0.0, Culture=neutral, PublicKeyToken=b77a5c561934e089".
                 Considered "dist\System.Windows.Controls.Ribbon.dll",
         			but its name "System.Windows.Controls.Ribbon"
         			didn't match the expected name "System.Windows.Forms, Version=4.0.0.0, Culture=neutral, PublicKeyToken=b77a5c561934e089".
                 Considered "dist\System.Windows.dll",
         			but its name "System.Windows"
         			didn't match the expected name "System.Windows.Forms, Version=4.0.0.0, Culture=neutral, PublicKeyToken=b77a5c561934e089".
                 Considered "dist\System.Windows.Extensions.dll",
         			but its name "System.Windows.Extensions"
         			didn't match the expected name "System.Windows.Forms, Version=4.0.0.0, Culture=neutral, PublicKeyToken=b77a5c561934e089".
                 Considered "dist\System.Windows.Forms.Design.dll",
         			but its name "System.Windows.Forms.Design"
         			didn't match the expected name "System.Windows.Forms, Version=4.0.0.0, Culture=neutral, PublicKeyToken=b77a5c561934e089".
                 Considered "dist\System.Windows.Forms.Design.Editors.dll",
         			but its name "System.Windows.Forms.Design.Editors"
         			didn't match the expected name "System.Windows.Forms, Version=4.0.0.0, Culture=neutral, PublicKeyToken=b77a5c561934e089".
                 Considered "dist\System.Windows.Forms.dll",
         			but its name "System.Windows.Forms, Version=8.0.0.0, Culture=neutral, PublicKeyToken=b77a5c561934e089"
         			didn't match the expected name "System.Windows.Forms, Version=4.0.0.0, Culture=neutral, PublicKeyToken=b77a5c561934e089".
                 Considered "dist\System.Windows.Forms.Primitives.dll",
         			but its name "System.Windows.Forms.Primitives"
         			didn't match the expected name "System.Windows.Forms, Version=4.0.0.0, Culture=neutral, PublicKeyToken=b77a5c561934e089".
                 Considered "dist\System.Windows.Input.Manipulations.dll",
         			but its name "System.Windows.Input.Manipulations"
         			didn't match the expected name "System.Windows.Forms, Version=4.0.0.0, Culture=neutral, PublicKeyToken=b77a5c561934e089".
                 Considered "dist\System.Windows.Presentation.dll",
         			but its name "System.Windows.Presentation"
         			didn't match the expected name "System.Windows.Forms, Version=4.0.0.0, Culture=neutral, PublicKeyToken=b77a5c561934e089".
                 Considered "dist\System.Xaml.dll",
         			but its name "System.Xaml"
         			didn't match the expected name "System.Windows.Forms, Version=4.0.0.0, Culture=neutral, PublicKeyToken=b77a5c561934e089".
                 Considered "dist\System.Xml.dll",
         			but its name "System.Xml"
         			didn't match the expected name "System.Windows.Forms, Version=4.0.0.0, Culture=neutral, PublicKeyToken=b77a5c561934e089".
                 Considered "dist\System.Xml.Linq.dll",
         			but its name "System.Xml.Linq"
         			didn't match the expected name "System.Windows.Forms, Version=4.0.0.0, Culture=neutral, PublicKeyToken=b77a5c561934e089".
                 Considered "dist\System.Xml.ReaderWriter.dll",
         			but its name "System.Xml.ReaderWriter"
         			didn't match the expected name "System.Windows.Forms, Version=4.0.0.0, Culture=neutral, PublicKeyToken=b77a5c561934e089".
                 Considered "dist\System.Xml.Serialization.dll",
         			but its name "System.Xml.Serialization"
         			didn't match the expected name "System.Windows.Forms, Version=4.0.0.0, Culture=neutral, PublicKeyToken=b77a5c561934e089".
                 Considered "dist\System.Xml.XDocument.dll",
         			but its name "System.Xml.XDocument"
         			didn't match the expected name "System.Windows.Forms, Version=4.0.0.0, Culture=neutral, PublicKeyToken=b77a5c561934e089".
                 Considered "dist\System.Xml.XmlDocument.dll",
         			but its name "System.Xml.XmlDocument"
         			didn't match the expected name "System.Windows.Forms, Version=4.0.0.0, Culture=neutral, PublicKeyToken=b77a5c561934e089".
                 Considered "dist\System.Xml.XmlSerializer.dll",
         			but its name "System.Xml.XmlSerializer"
         			didn't match the expected name "System.Windows.Forms, Version=4.0.0.0, Culture=neutral, PublicKeyToken=b77a5c561934e089".
                 Considered "dist\System.Xml.XPath.dll",
         			but its name "System.Xml.XPath"
         			didn't match the expected name "System.Windows.Forms, Version=4.0.0.0, Culture=neutral, PublicKeyToken=b77a5c561934e089".
                 Considered "dist\System.Xml.XPath.XDocument.dll",
         			but its name "System.Xml.XPath.XDocument"
         			didn't match the expected name "System.Windows.Forms, Version=4.0.0.0, Culture=neutral, PublicKeyToken=b77a5c561934e089".
                 Considered "dist\tr\Microsoft.VisualBasic.Forms.resources.dll",
         			but its name "Microsoft.VisualBasic.Forms.resources"
         			didn't match the expected name "System.Windows.Forms, Version=4.0.0.0, Culture=neutral, PublicKeyToken=b77a5c561934e089".
                 Considered "dist\tr\PresentationCore.resources.dll",
         			but its name "PresentationCore.resources"
         			didn't match the expected name "System.Windows.Forms, Version=4.0.0.0, Culture=neutral, PublicKeyToken=b77a5c561934e089".
                 Considered "dist\tr\PresentationFramework.resources.dll",
         			but its name "PresentationFramework.resources"
         			didn't match the expected name "System.Windows.Forms, Version=4.0.0.0, Culture=neutral, PublicKeyToken=b77a5c561934e089".
                 Considered "dist\tr\PresentationUI.resources.dll",
         			but its name "PresentationUI.resources"
         			didn't match the expected name "System.Windows.Forms, Version=4.0.0.0, Culture=neutral, PublicKeyToken=b77a5c561934e089".
                 Considered "dist\tr\ReachFramework.resources.dll",
         			but its name "ReachFramework.resources"
         			didn't match the expected name "System.Windows.Forms, Version=4.0.0.0, Culture=neutral, PublicKeyToken=b77a5c561934e089".
                 Considered "dist\tr\System.Windows.Controls.Ribbon.resources.dll",
         			but its name "System.Windows.Controls.Ribbon.resources"
         			didn't match the expected name "System.Windows.Forms, Version=4.0.0.0, Culture=neutral, PublicKeyToken=b77a5c561934e089".
                 Considered "dist\tr\System.Windows.Forms.Design.resources.dll",
         			but its name "System.Windows.Forms.Design.resources"
         			didn't match the expected name "System.Windows.Forms, Version=4.0.0.0, Culture=neutral, PublicKeyToken=b77a5c561934e089".
                 Considered "dist\tr\System.Windows.Forms.Primitives.resources.dll",
         			but its name "System.Windows.Forms.Primitives.resources"
         			didn't match the expected name "System.Windows.Forms, Version=4.0.0.0, Culture=neutral, PublicKeyToken=b77a5c561934e089".
                 Considered "dist\tr\System.Windows.Forms.resources.dll",
         			but its name "System.Windows.Forms.resources"
         			didn't match the expected name "System.Windows.Forms, Version=4.0.0.0, Culture=neutral, PublicKeyToken=b77a5c561934e089".
                 Considered "dist\tr\System.Windows.Input.Manipulations.resources.dll",
         			but its name "System.Windows.Input.Manipulations.resources"
         			didn't match the expected name "System.Windows.Forms, Version=4.0.0.0, Culture=neutral, PublicKeyToken=b77a5c561934e089".
                 Considered "dist\tr\System.Xaml.resources.dll",
         			but its name "System.Xaml.resources"
         			didn't match the expected name "System.Windows.Forms, Version=4.0.0.0, Culture=neutral, PublicKeyToken=b77a5c561934e089".
                 Considered "dist\tr\UIAutomationClient.resources.dll",
         			but its name "UIAutomationClient.resources"
         			didn't match the expected name "System.Windows.Forms, Version=4.0.0.0, Culture=neutral, PublicKeyToken=b77a5c561934e089".
                 Considered "dist\tr\UIAutomationClientSideProviders.resources.dll",
         			but its name "UIAutomationClientSideProviders.resources"
         			didn't match the expected name "System.Windows.Forms, Version=4.0.0.0, Culture=neutral, PublicKeyToken=b77a5c561934e089".
                 Considered "dist\tr\UIAutomationProvider.resources.dll",
         			but its name "UIAutomationProvider.resources"
         			didn't match the expected name "System.Windows.Forms, Version=4.0.0.0, Culture=neutral, PublicKeyToken=b77a5c561934e089".
                 Considered "dist\tr\UIAutomationTypes.resources.dll",
         			but its name "UIAutomationTypes.resources"
         			didn't match the expected name "System.Windows.Forms, Version=4.0.0.0, Culture=neutral, PublicKeyToken=b77a5c561934e089".
                 Considered "dist\tr\WindowsBase.resources.dll",
         			but its name "WindowsBase.resources"
         			didn't match the expected name "System.Windows.Forms, Version=4.0.0.0, Culture=neutral, PublicKeyToken=b77a5c561934e089".
                 Considered "dist\tr\WindowsFormsIntegration.resources.dll",
         			but its name "WindowsFormsIntegration.resources"
         			didn't match the expected name "System.Windows.Forms, Version=4.0.0.0, Culture=neutral, PublicKeyToken=b77a5c561934e089".
                 Considered "dist\UIAutomationClient.dll",
         			but its name "UIAutomationClient"
         			didn't match the expected name "System.Windows.Forms, Version=4.0.0.0, Culture=neutral, PublicKeyToken=b77a5c561934e089".
                 Considered "dist\UIAutomationClientSideProviders.dll",
         			but its name "UIAutomationClientSideProviders"
         			didn't match the expected name "System.Windows.Forms, Version=4.0.0.0, Culture=neutral, PublicKeyToken=b77a5c561934e089".
                 Considered "dist\UIAutomationProvider.dll",
         			but its name "UIAutomationProvider"
         			didn't match the expected name "System.Windows.Forms, Version=4.0.0.0, Culture=neutral, PublicKeyToken=b77a5c561934e089".
                 Considered "dist\UIAutomationTypes.dll",
         			but its name "UIAutomationTypes"
         			didn't match the expected name "System.Windows.Forms, Version=4.0.0.0, Culture=neutral, PublicKeyToken=b77a5c561934e089".
                 Considered "dist\vcruntime140_cor3.dll",
         			but its name "vcruntime140_cor3"
         			didn't match the expected name "System.Windows.Forms, Version=4.0.0.0, Culture=neutral, PublicKeyToken=b77a5c561934e089".
                 Considered "dist\WebView2Loader.dll",
         			but its name "WebView2Loader"
         			didn't match the expected name "System.Windows.Forms, Version=4.0.0.0, Culture=neutral, PublicKeyToken=b77a5c561934e089".
                 Considered "dist\WindowsBase.dll",
         			but its name "WindowsBase"
         			didn't match the expected name "System.Windows.Forms, Version=4.0.0.0, Culture=neutral, PublicKeyToken=b77a5c561934e089".
                 Considered "dist\WindowsFormsIntegration.dll",
         			but its name "WindowsFormsIntegration"
         			didn't match the expected name "System.Windows.Forms, Version=4.0.0.0, Culture=neutral, PublicKeyToken=b77a5c561934e089".
                 Considered "dist\wpfgfx_cor3.dll",
         			but its name "wpfgfx_cor3"
         			didn't match the expected name "System.Windows.Forms, Version=4.0.0.0, Culture=neutral, PublicKeyToken=b77a5c561934e089".
                 Considered "dist\zh-Hans\Microsoft.VisualBasic.Forms.resources.dll",
         			but its name "Microsoft.VisualBasic.Forms.resources"
         			didn't match the expected name "System.Windows.Forms, Version=4.0.0.0, Culture=neutral, PublicKeyToken=b77a5c561934e089".
                 Considered "dist\zh-Hans\PresentationCore.resources.dll",
         			but its name "PresentationCore.resources"
         			didn't match the expected name "System.Windows.Forms, Version=4.0.0.0, Culture=neutral, PublicKeyToken=b77a5c561934e089".
                 Considered "dist\zh-Hans\PresentationFramework.resources.dll",
         			but its name "PresentationFramework.resources"
         			didn't match the expected name "System.Windows.Forms, Version=4.0.0.0, Culture=neutral, PublicKeyToken=b77a5c561934e089".
                 Considered "dist\zh-Hans\PresentationUI.resources.dll",
         			but its name "PresentationUI.resources"
         			didn't match the expected name "System.Windows.Forms, Version=4.0.0.0, Culture=neutral, PublicKeyToken=b77a5c561934e089".
                 Considered "dist\zh-Hans\ReachFramework.resources.dll",
         			but its name "ReachFramework.resources"
         			didn't match the expected name "System.Windows.Forms, Version=4.0.0.0, Culture=neutral, PublicKeyToken=b77a5c561934e089".
                 Considered "dist\zh-Hans\System.Windows.Controls.Ribbon.resources.dll",
         			but its name "System.Windows.Controls.Ribbon.resources"
         			didn't match the expected name "System.Windows.Forms, Version=4.0.0.0, Culture=neutral, PublicKeyToken=b77a5c561934e089".
                 Considered "dist\zh-Hans\System.Windows.Forms.Design.resources.dll",
         			but its name "System.Windows.Forms.Design.resources"
         			didn't match the expected name "System.Windows.Forms, Version=4.0.0.0, Culture=neutral, PublicKeyToken=b77a5c561934e089".
                 Considered "dist\zh-Hans\System.Windows.Forms.Primitives.resources.dll",
         			but its name "System.Windows.Forms.Primitives.resources"
         			didn't match the expected name "System.Windows.Forms, Version=4.0.0.0, Culture=neutral, PublicKeyToken=b77a5c561934e089".
                 Considered "dist\zh-Hans\System.Windows.Forms.resources.dll",
         			but its name "System.Windows.Forms.resources"
         			didn't match the expected name "System.Windows.Forms, Version=4.0.0.0, Culture=neutral, PublicKeyToken=b77a5c561934e089".
                 Considered "dist\zh-Hans\System.Windows.Input.Manipulations.resources.dll",
         			but its name "System.Windows.Input.Manipulations.resources"
         			didn't match the expected name "System.Windows.Forms, Version=4.0.0.0, Culture=neutral, PublicKeyToken=b77a5c561934e089".
                 Considered "dist\zh-Hans\System.Xaml.resources.dll",
         			but its name "System.Xaml.resources"
         			didn't match the expected name "System.Windows.Forms, Version=4.0.0.0, Culture=neutral, PublicKeyToken=b77a5c561934e089".
                 Considered "dist\zh-Hans\UIAutomationClient.resources.dll",
         			but its name "UIAutomationClient.resources"
         			didn't match the expected name "System.Windows.Forms, Version=4.0.0.0, Culture=neutral, PublicKeyToken=b77a5c561934e089".
                 Considered "dist\zh-Hans\UIAutomationClientSideProviders.resources.dll",
         			but its name "UIAutomationClientSideProviders.resources"
         			didn't match the expected name "System.Windows.Forms, Version=4.0.0.0, Culture=neutral, PublicKeyToken=b77a5c561934e089".
                 Considered "dist\zh-Hans\UIAutomationProvider.resources.dll",
         			but its name "UIAutomationProvider.resources"
         			didn't match the expected name "System.Windows.Forms, Version=4.0.0.0, Culture=neutral, PublicKeyToken=b77a5c561934e089".
                 Considered "dist\zh-Hans\UIAutomationTypes.resources.dll",
         			but its name "UIAutomationTypes.resources"
         			didn't match the expected name "System.Windows.Forms, Version=4.0.0.0, Culture=neutral, PublicKeyToken=b77a5c561934e089".
                 Considered "dist\zh-Hans\WindowsBase.resources.dll",
         			but its name "WindowsBase.resources"
         			didn't match the expected name "System.Windows.Forms, Version=4.0.0.0, Culture=neutral, PublicKeyToken=b77a5c561934e089".
                 Considered "dist\zh-Hans\WindowsFormsIntegration.resources.dll",
         			but its name "WindowsFormsIntegration.resources"
         			didn't match the expected name "System.Windows.Forms, Version=4.0.0.0, Culture=neutral, PublicKeyToken=b77a5c561934e089".
                 Considered "dist\zh-Hant\Microsoft.VisualBasic.Forms.resources.dll",
         			but its name "Microsoft.VisualBasic.Forms.resources"
         			didn't match the expected name "System.Windows.Forms, Version=4.0.0.0, Culture=neutral, PublicKeyToken=b77a5c561934e089".
                 Considered "dist\zh-Hant\PresentationCore.resources.dll",
         			but its name "PresentationCore.resources"
         			didn't match the expected name "System.Windows.Forms, Version=4.0.0.0, Culture=neutral, PublicKeyToken=b77a5c561934e089".
                 Considered "dist\zh-Hant\PresentationFramework.resources.dll",
         			but its name "PresentationFramework.resources"
         			didn't match the expected name "System.Windows.Forms, Version=4.0.0.0, Culture=neutral, PublicKeyToken=b77a5c561934e089".
                 Considered "dist\zh-Hant\PresentationUI.resources.dll",
         			but its name "PresentationUI.resources"
         			didn't match the expected name "System.Windows.Forms, Version=4.0.0.0, Culture=neutral, PublicKeyToken=b77a5c561934e089".
                 Considered "dist\zh-Hant\ReachFramework.resources.dll",
         			but its name "ReachFramework.resources"
         			didn't match the expected name "System.Windows.Forms, Version=4.0.0.0, Culture=neutral, PublicKeyToken=b77a5c561934e089".
                 Considered "dist\zh-Hant\System.Windows.Controls.Ribbon.resources.dll",
         			but its name "System.Windows.Controls.Ribbon.resources"
         			didn't match the expected name "System.Windows.Forms, Version=4.0.0.0, Culture=neutral, PublicKeyToken=b77a5c561934e089".
                 Considered "dist\zh-Hant\System.Windows.Forms.Design.resources.dll",
         			but its name "System.Windows.Forms.Design.resources"
         			didn't match the expected name "System.Windows.Forms, Version=4.0.0.0, Culture=neutral, PublicKeyToken=b77a5c561934e089".
                 Considered "dist\zh-Hant\System.Windows.Forms.Primitives.resources.dll",
         			but its name "System.Windows.Forms.Primitives.resources"
         			didn't match the expected name "System.Windows.Forms, Version=4.0.0.0, Culture=neutral, PublicKeyToken=b77a5c561934e089".
                 Considered "dist\zh-Hant\System.Windows.Forms.resources.dll",
         			but its name "System.Windows.Forms.resources"
         			didn't match the expected name "System.Windows.Forms, Version=4.0.0.0, Culture=neutral, PublicKeyToken=b77a5c561934e089".
                 Considered "dist\zh-Hant\System.Windows.Input.Manipulations.resources.dll",
         			but its name "System.Windows.Input.Manipulations.resources"
         			didn't match the expected name "System.Windows.Forms, Version=4.0.0.0, Culture=neutral, PublicKeyToken=b77a5c561934e089".
                 Considered "dist\zh-Hant\System.Xaml.resources.dll",
         			but its name "System.Xaml.resources"
         			didn't match the expected name "System.Windows.Forms, Version=4.0.0.0, Culture=neutral, PublicKeyToken=b77a5c561934e089".
                 Considered "dist\zh-Hant\UIAutomationClient.resources.dll",
         			but its name "UIAutomationClient.resources"
         			didn't match the expected name "System.Windows.Forms, Version=4.0.0.0, Culture=neutral, PublicKeyToken=b77a5c561934e089".
                 Considered "dist\zh-Hant\UIAutomationClientSideProviders.resources.dll",
         			but its name "UIAutomationClientSideProviders.resources"
         			didn't match the expected name "System.Windows.Forms, Version=4.0.0.0, Culture=neutral, PublicKeyToken=b77a5c561934e089".
                 Considered "dist\zh-Hant\UIAutomationProvider.resources.dll",
         			but its name "UIAutomationProvider.resources"
         			didn't match the expected name "System.Windows.Forms, Version=4.0.0.0, Culture=neutral, PublicKeyToken=b77a5c561934e089".
                 Considered "dist\zh-Hant\UIAutomationTypes.resources.dll",
         			but its name "UIAutomationTypes.resources"
         			didn't match the expected name "System.Windows.Forms, Version=4.0.0.0, Culture=neutral, PublicKeyToken=b77a5c561934e089".
                 Considered "dist\zh-Hant\WindowsBase.resources.dll",
         			but its name "WindowsBase.resources"
         			didn't match the expected name "System.Windows.Forms, Version=4.0.0.0, Culture=neutral, PublicKeyToken=b77a5c561934e089".
                 Considered "dist\zh-Hant\WindowsFormsIntegration.resources.dll",
         			but its name "WindowsFormsIntegration.resources"
         			didn't match the expected name "System.Windows.Forms, Version=4.0.0.0, Culture=neutral, PublicKeyToken=b77a5c561934e089".
             Required by "C:\Users\user\.nuget\packages\microsoft.web.webview2\1.0.2903.40\buildTransitive\..\\lib_manual\netcoreapp3.0\Microsoft.Web.WebView2.WinForms.dll".
         Dependency "Microsoft.Windows.SDK.NET, Version=10.0.17763.24, Culture=neutral, PublicKeyToken=31bf3856ad364e35".
             Could not resolve this reference. Could not locate the assembly "Microsoft.Windows.SDK.NET, Version=10.0.17763.24, Culture=neutral, PublicKeyToken=31bf3856ad364e35". Check to make sure the assembly exists on disk. If this reference is required by your code, you may get compilation errors.
                 For SearchPath "C:\Users\user\.nuget\packages\microsoft.web.webview2\1.0.2903.40\lib_manual\net5.0-windows10.0.17763.0" (added by referencing assembly "C:\Users\user\.nuget\packages\microsoft.web.webview2\1.0.2903.40\lib_manual\net5.0-windows10.0.17763.0\Microsoft.Web.WebView2.Wpf.dll").
                 Considered "C:\Users\user\.nuget\packages\microsoft.web.webview2\1.0.2903.40\lib_manual\net5.0-windows10.0.17763.0\Microsoft.Windows.SDK.NET.winmd", but it didn't exist.
                 Considered "C:\Users\user\.nuget\packages\microsoft.web.webview2\1.0.2903.40\lib_manual\net5.0-windows10.0.17763.0\Microsoft.Windows.SDK.NET.dll", but it didn't exist.
                 Considered "C:\Users\user\.nuget\packages\microsoft.web.webview2\1.0.2903.40\lib_manual\net5.0-windows10.0.17763.0\Microsoft.Windows.SDK.NET.exe", but it didn't exist.
                 For SearchPath "{CandidateAssemblyFiles}".
                 Considered "C:\Users\user\.nuget\packages\microsoft.web.webview2\1.0.2903.40\build\\..\runtimes\win-x86\native\WebView2Loader.dll",
         			but its name "WebView2Loader"
         			didn't match the expected name "Microsoft.Windows.SDK.NET, Version=10.0.17763.24, Culture=neutral, PublicKeyToken=31bf3856ad364e35".
                 Considered "C:\Users\user\.nuget\packages\microsoft.web.webview2\1.0.2903.40\build\\..\runtimes\win-x64\native\WebView2Loader.dll",
         			but its name "WebView2Loader"
         			didn't match the expected name "Microsoft.Windows.SDK.NET, Version=10.0.17763.24, Culture=neutral, PublicKeyToken=31bf3856ad364e35".
                 Considered "C:\Users\user\.nuget\packages\microsoft.web.webview2\1.0.2903.40\build\\..\runtimes\win-arm64\native\WebView2Loader.dll",
         			but its name "WebView2Loader"
         			didn't match the expected name "Microsoft.Windows.SDK.NET, Version=10.0.17763.24, Culture=neutral, PublicKeyToken=31bf3856ad364e35".
                 Considered "dist\Accessibility.dll",
         			but its name "Accessibility"
         			didn't match the expected name "Microsoft.Windows.SDK.NET, Version=10.0.17763.24, Culture=neutral, PublicKeyToken=31bf3856ad364e35".
                 Considered "dist\clretwrc.dll",
         			but its name "clretwrc"
         			didn't match the expected name "Microsoft.Windows.SDK.NET, Version=10.0.17763.24, Culture=neutral, PublicKeyToken=31bf3856ad364e35".
                 Considered "dist\clrgc.dll",
         			but its name "clrgc"
         			didn't match the expected name "Microsoft.Windows.SDK.NET, Version=10.0.17763.24, Culture=neutral, PublicKeyToken=31bf3856ad364e35".
                 Considered "dist\clrjit.dll",
         			but its name "clrjit"
         			didn't match the expected name "Microsoft.Windows.SDK.NET, Version=10.0.17763.24, Culture=neutral, PublicKeyToken=31bf3856ad364e35".
                 Considered "dist\coreclr.dll",
         			but its name "coreclr"
         			didn't match the expected name "Microsoft.Windows.SDK.NET, Version=10.0.17763.24, Culture=neutral, PublicKeyToken=31bf3856ad364e35".
                 Considered "dist\createdump.exe",
         			but its name "createdump"
         			didn't match the expected name "Microsoft.Windows.SDK.NET, Version=10.0.17763.24, Culture=neutral, PublicKeyToken=31bf3856ad364e35".
                 Considered "dist\cs\Microsoft.VisualBasic.Forms.resources.dll",
         			but its name "Microsoft.VisualBasic.Forms.resources"
         			didn't match the expected name "Microsoft.Windows.SDK.NET, Version=10.0.17763.24, Culture=neutral, PublicKeyToken=31bf3856ad364e35".
                 Considered "dist\cs\PresentationCore.resources.dll",
         			but its name "PresentationCore.resources"
         			didn't match the expected name "Microsoft.Windows.SDK.NET, Version=10.0.17763.24, Culture=neutral, PublicKeyToken=31bf3856ad364e35".
                 Considered "dist\cs\PresentationFramework.resources.dll",
         			but its name "PresentationFramework.resources"
         			didn't match the expected name "Microsoft.Windows.SDK.NET, Version=10.0.17763.24, Culture=neutral, PublicKeyToken=31bf3856ad364e35".
                 Considered "dist\cs\PresentationUI.resources.dll",
         			but its name "PresentationUI.resources"
         			didn't match the expected name "Microsoft.Windows.SDK.NET, Version=10.0.17763.24, Culture=neutral, PublicKeyToken=31bf3856ad364e35".
                 Considered "dist\cs\ReachFramework.resources.dll",
         			but its name "ReachFramework.resources"
         			didn't match the expected name "Microsoft.Windows.SDK.NET, Version=10.0.17763.24, Culture=neutral, PublicKeyToken=31bf3856ad364e35".
                 Considered "dist\cs\System.Windows.Controls.Ribbon.resources.dll",
         			but its name "System.Windows.Controls.Ribbon.resources"
         			didn't match the expected name "Microsoft.Windows.SDK.NET, Version=10.0.17763.24, Culture=neutral, PublicKeyToken=31bf3856ad364e35".
                 Considered "dist\cs\System.Windows.Forms.Design.resources.dll",
         			but its name "System.Windows.Forms.Design.resources"
         			didn't match the expected name "Microsoft.Windows.SDK.NET, Version=10.0.17763.24, Culture=neutral, PublicKeyToken=31bf3856ad364e35".
                 Considered "dist\cs\System.Windows.Forms.Primitives.resources.dll",
         			but its name "System.Windows.Forms.Primitives.resources"
         			didn't match the expected name "Microsoft.Windows.SDK.NET, Version=10.0.17763.24, Culture=neutral, PublicKeyToken=31bf3856ad364e35".
                 Considered "dist\cs\System.Windows.Forms.resources.dll",
         			but its name "System.Windows.Forms.resources"
         			didn't match the expected name "Microsoft.Windows.SDK.NET, Version=10.0.17763.24, Culture=neutral, PublicKeyToken=31bf3856ad364e35".
                 Considered "dist\cs\System.Windows.Input.Manipulations.resources.dll",
         			but its name "System.Windows.Input.Manipulations.resources"
         			didn't match the expected name "Microsoft.Windows.SDK.NET, Version=10.0.17763.24, Culture=neutral, PublicKeyToken=31bf3856ad364e35".
                 Considered "dist\cs\System.Xaml.resources.dll",
         			but its name "System.Xaml.resources"
         			didn't match the expected name "Microsoft.Windows.SDK.NET, Version=10.0.17763.24, Culture=neutral, PublicKeyToken=31bf3856ad364e35".
                 Considered "dist\cs\UIAutomationClient.resources.dll",
         			but its name "UIAutomationClient.resources"
         			didn't match the expected name "Microsoft.Windows.SDK.NET, Version=10.0.17763.24, Culture=neutral, PublicKeyToken=31bf3856ad364e35".
                 Considered "dist\cs\UIAutomationClientSideProviders.resources.dll",
         			but its name "UIAutomationClientSideProviders.resources"
         			didn't match the expected name "Microsoft.Windows.SDK.NET, Version=10.0.17763.24, Culture=neutral, PublicKeyToken=31bf3856ad364e35".
                 Considered "dist\cs\UIAutomationProvider.resources.dll",
         			but its name "UIAutomationProvider.resources"
         			didn't match the expected name "Microsoft.Windows.SDK.NET, Version=10.0.17763.24, Culture=neutral, PublicKeyToken=31bf3856ad364e35".
                 Considered "dist\cs\UIAutomationTypes.resources.dll",
         			but its name "UIAutomationTypes.resources"
         			didn't match the expected name "Microsoft.Windows.SDK.NET, Version=10.0.17763.24, Culture=neutral, PublicKeyToken=31bf3856ad364e35".
                 Considered "dist\cs\WindowsBase.resources.dll",
         			but its name "WindowsBase.resources"
         			didn't match the expected name "Microsoft.Windows.SDK.NET, Version=10.0.17763.24, Culture=neutral, PublicKeyToken=31bf3856ad364e35".
                 Considered "dist\cs\WindowsFormsIntegration.resources.dll",
         			but its name "WindowsFormsIntegration.resources"
         			didn't match the expected name "Microsoft.Windows.SDK.NET, Version=10.0.17763.24, Culture=neutral, PublicKeyToken=31bf3856ad364e35".
                 Considered "dist\D3DCompiler_47_cor3.dll",
         			but its name "D3DCompiler_47_cor3"
         			didn't match the expected name "Microsoft.Windows.SDK.NET, Version=10.0.17763.24, Culture=neutral, PublicKeyToken=31bf3856ad364e35".
                 Considered "dist\Dapper.dll",
         			but its name "Dapper"
         			didn't match the expected name "Microsoft.Windows.SDK.NET, Version=10.0.17763.24, Culture=neutral, PublicKeyToken=31bf3856ad364e35".
                 Considered "dist\de\Microsoft.VisualBasic.Forms.resources.dll",
         			but its name "Microsoft.VisualBasic.Forms.resources"
         			didn't match the expected name "Microsoft.Windows.SDK.NET, Version=10.0.17763.24, Culture=neutral, PublicKeyToken=31bf3856ad364e35".
                 Considered "dist\de\PresentationCore.resources.dll",
         			but its name "PresentationCore.resources"
         			didn't match the expected name "Microsoft.Windows.SDK.NET, Version=10.0.17763.24, Culture=neutral, PublicKeyToken=31bf3856ad364e35".
                 Considered "dist\de\PresentationFramework.resources.dll",
         			but its name "PresentationFramework.resources"
         			didn't match the expected name "Microsoft.Windows.SDK.NET, Version=10.0.17763.24, Culture=neutral, PublicKeyToken=31bf3856ad364e35".
                 Considered "dist\de\PresentationUI.resources.dll",
         			but its name "PresentationUI.resources"
         			didn't match the expected name "Microsoft.Windows.SDK.NET, Version=10.0.17763.24, Culture=neutral, PublicKeyToken=31bf3856ad364e35".
                 Considered "dist\de\ReachFramework.resources.dll",
         			but its name "ReachFramework.resources"
         			didn't match the expected name "Microsoft.Windows.SDK.NET, Version=10.0.17763.24, Culture=neutral, PublicKeyToken=31bf3856ad364e35".
                 Considered "dist\de\System.Windows.Controls.Ribbon.resources.dll",
         			but its name "System.Windows.Controls.Ribbon.resources"
         			didn't match the expected name "Microsoft.Windows.SDK.NET, Version=10.0.17763.24, Culture=neutral, PublicKeyToken=31bf3856ad364e35".
                 Considered "dist\de\System.Windows.Forms.Design.resources.dll",
         			but its name "System.Windows.Forms.Design.resources"
         			didn't match the expected name "Microsoft.Windows.SDK.NET, Version=10.0.17763.24, Culture=neutral, PublicKeyToken=31bf3856ad364e35".
                 Considered "dist\de\System.Windows.Forms.Primitives.resources.dll",
         			but its name "System.Windows.Forms.Primitives.resources"
         			didn't match the expected name "Microsoft.Windows.SDK.NET, Version=10.0.17763.24, Culture=neutral, PublicKeyToken=31bf3856ad364e35".
                 Considered "dist\de\System.Windows.Forms.resources.dll",
         			but its name "System.Windows.Forms.resources"
         			didn't match the expected name "Microsoft.Windows.SDK.NET, Version=10.0.17763.24, Culture=neutral, PublicKeyToken=31bf3856ad364e35".
                 Considered "dist\de\System.Windows.Input.Manipulations.resources.dll",
         			but its name "System.Windows.Input.Manipulations.resources"
         			didn't match the expected name "Microsoft.Windows.SDK.NET, Version=10.0.17763.24, Culture=neutral, PublicKeyToken=31bf3856ad364e35".
                 Considered "dist\de\System.Xaml.resources.dll",
         			but its name "System.Xaml.resources"
         			didn't match the expected name "Microsoft.Windows.SDK.NET, Version=10.0.17763.24, Culture=neutral, PublicKeyToken=31bf3856ad364e35".
                 Considered "dist\de\UIAutomationClient.resources.dll",
         			but its name "UIAutomationClient.resources"
         			didn't match the expected name "Microsoft.Windows.SDK.NET, Version=10.0.17763.24, Culture=neutral, PublicKeyToken=31bf3856ad364e35".
                 Considered "dist\de\UIAutomationClientSideProviders.resources.dll",
         			but its name "UIAutomationClientSideProviders.resources"
         			didn't match the expected name "Microsoft.Windows.SDK.NET, Version=10.0.17763.24, Culture=neutral, PublicKeyToken=31bf3856ad364e35".
                 Considered "dist\de\UIAutomationProvider.resources.dll",
         			but its name "UIAutomationProvider.resources"
         			didn't match the expected name "Microsoft.Windows.SDK.NET, Version=10.0.17763.24, Culture=neutral, PublicKeyToken=31bf3856ad364e35".
                 Considered "dist\de\UIAutomationTypes.resources.dll",
         			but its name "UIAutomationTypes.resources"
         			didn't match the expected name "Microsoft.Windows.SDK.NET, Version=10.0.17763.24, Culture=neutral, PublicKeyToken=31bf3856ad364e35".
                 Considered "dist\de\WindowsBase.resources.dll",
         			but its name "WindowsBase.resources"
         			didn't match the expected name "Microsoft.Windows.SDK.NET, Version=10.0.17763.24, Culture=neutral, PublicKeyToken=31bf3856ad364e35".
                 Considered "dist\de\WindowsFormsIntegration.resources.dll",
         			but its name "WindowsFormsIntegration.resources"
         			didn't match the expected name "Microsoft.Windows.SDK.NET, Version=10.0.17763.24, Culture=neutral, PublicKeyToken=31bf3856ad364e35".
                 Considered "dist\DirectWriteForwarder.dll",
         			but its name "DirectWriteForwarder"
         			didn't match the expected name "Microsoft.Windows.SDK.NET, Version=10.0.17763.24, Culture=neutral, PublicKeyToken=31bf3856ad364e35".
                 Considered "dist\es\Microsoft.VisualBasic.Forms.resources.dll",
         			but its name "Microsoft.VisualBasic.Forms.resources"
         			didn't match the expected name "Microsoft.Windows.SDK.NET, Version=10.0.17763.24, Culture=neutral, PublicKeyToken=31bf3856ad364e35".
                 Considered "dist\es\PresentationCore.resources.dll",
         			but its name "PresentationCore.resources"
         			didn't match the expected name "Microsoft.Windows.SDK.NET, Version=10.0.17763.24, Culture=neutral, PublicKeyToken=31bf3856ad364e35".
                 Considered "dist\es\PresentationFramework.resources.dll",
         			but its name "PresentationFramework.resources"
         			didn't match the expected name "Microsoft.Windows.SDK.NET, Version=10.0.17763.24, Culture=neutral, PublicKeyToken=31bf3856ad364e35".
                 Considered "dist\es\PresentationUI.resources.dll",
         			but its name "PresentationUI.resources"
         			didn't match the expected name "Microsoft.Windows.SDK.NET, Version=10.0.17763.24, Culture=neutral, PublicKeyToken=31bf3856ad364e35".
                 Considered "dist\es\ReachFramework.resources.dll",
         			but its name "ReachFramework.resources"
         			didn't match the expected name "Microsoft.Windows.SDK.NET, Version=10.0.17763.24, Culture=neutral, PublicKeyToken=31bf3856ad364e35".
                 Considered "dist\es\System.Windows.Controls.Ribbon.resources.dll",
         			but its name "System.Windows.Controls.Ribbon.resources"
         			didn't match the expected name "Microsoft.Windows.SDK.NET, Version=10.0.17763.24, Culture=neutral, PublicKeyToken=31bf3856ad364e35".
                 Considered "dist\es\System.Windows.Forms.Design.resources.dll",
         			but its name "System.Windows.Forms.Design.resources"
         			didn't match the expected name "Microsoft.Windows.SDK.NET, Version=10.0.17763.24, Culture=neutral, PublicKeyToken=31bf3856ad364e35".
                 Considered "dist\es\System.Windows.Forms.Primitives.resources.dll",
         			but its name "System.Windows.Forms.Primitives.resources"
         			didn't match the expected name "Microsoft.Windows.SDK.NET, Version=10.0.17763.24, Culture=neutral, PublicKeyToken=31bf3856ad364e35".
                 Considered "dist\es\System.Windows.Forms.resources.dll",
         			but its name "System.Windows.Forms.resources"
         			didn't match the expected name "Microsoft.Windows.SDK.NET, Version=10.0.17763.24, Culture=neutral, PublicKeyToken=31bf3856ad364e35".
                 Considered "dist\es\System.Windows.Input.Manipulations.resources.dll",
         			but its name "System.Windows.Input.Manipulations.resources"
         			didn't match the expected name "Microsoft.Windows.SDK.NET, Version=10.0.17763.24, Culture=neutral, PublicKeyToken=31bf3856ad364e35".
                 Considered "dist\es\System.Xaml.resources.dll",
         			but its name "System.Xaml.resources"
         			didn't match the expected name "Microsoft.Windows.SDK.NET, Version=10.0.17763.24, Culture=neutral, PublicKeyToken=31bf3856ad364e35".
                 Considered "dist\es\UIAutomationClient.resources.dll",
         			but its name "UIAutomationClient.resources"
         			didn't match the expected name "Microsoft.Windows.SDK.NET, Version=10.0.17763.24, Culture=neutral, PublicKeyToken=31bf3856ad364e35".
                 Considered "dist\es\UIAutomationClientSideProviders.resources.dll",
         			but its name "UIAutomationClientSideProviders.resources"
         			didn't match the expected name "Microsoft.Windows.SDK.NET, Version=10.0.17763.24, Culture=neutral, PublicKeyToken=31bf3856ad364e35".
                 Considered "dist\es\UIAutomationProvider.resources.dll",
         			but its name "UIAutomationProvider.resources"
         			didn't match the expected name "Microsoft.Windows.SDK.NET, Version=10.0.17763.24, Culture=neutral, PublicKeyToken=31bf3856ad364e35".
                 Considered "dist\es\UIAutomationTypes.resources.dll",
         			but its name "UIAutomationTypes.resources"
         			didn't match the expected name "Microsoft.Windows.SDK.NET, Version=10.0.17763.24, Culture=neutral, PublicKeyToken=31bf3856ad364e35".
                 Considered "dist\es\WindowsBase.resources.dll",
         			but its name "WindowsBase.resources"
         			didn't match the expected name "Microsoft.Windows.SDK.NET, Version=10.0.17763.24, Culture=neutral, PublicKeyToken=31bf3856ad364e35".
                 Considered "dist\es\WindowsFormsIntegration.resources.dll",
         			but its name "WindowsFormsIntegration.resources"
         			didn't match the expected name "Microsoft.Windows.SDK.NET, Version=10.0.17763.24, Culture=neutral, PublicKeyToken=31bf3856ad364e35".
                 Considered "dist\e_sqlite3.dll",
         			but its name "e_sqlite3"
         			didn't match the expected name "Microsoft.Windows.SDK.NET, Version=10.0.17763.24, Culture=neutral, PublicKeyToken=31bf3856ad364e35".
                 Considered "dist\FgGrillPos.dll",
         			but its name "FgGrillPos"
         			didn't match the expected name "Microsoft.Windows.SDK.NET, Version=10.0.17763.24, Culture=neutral, PublicKeyToken=31bf3856ad364e35".
                 Considered "dist\FgGrillPos.exe",
         			but its name "FgGrillPos"
         			didn't match the expected name "Microsoft.Windows.SDK.NET, Version=10.0.17763.24, Culture=neutral, PublicKeyToken=31bf3856ad364e35".
                 Considered "dist\fr\Microsoft.VisualBasic.Forms.resources.dll",
         			but its name "Microsoft.VisualBasic.Forms.resources"
         			didn't match the expected name "Microsoft.Windows.SDK.NET, Version=10.0.17763.24, Culture=neutral, PublicKeyToken=31bf3856ad364e35".
                 Considered "dist\fr\PresentationCore.resources.dll",
         			but its name "PresentationCore.resources"
         			didn't match the expected name "Microsoft.Windows.SDK.NET, Version=10.0.17763.24, Culture=neutral, PublicKeyToken=31bf3856ad364e35".
                 Considered "dist\fr\PresentationFramework.resources.dll",
         			but its name "PresentationFramework.resources"
         			didn't match the expected name "Microsoft.Windows.SDK.NET, Version=10.0.17763.24, Culture=neutral, PublicKeyToken=31bf3856ad364e35".
                 Considered "dist\fr\PresentationUI.resources.dll",
         			but its name "PresentationUI.resources"
         			didn't match the expected name "Microsoft.Windows.SDK.NET, Version=10.0.17763.24, Culture=neutral, PublicKeyToken=31bf3856ad364e35".
                 Considered "dist\fr\ReachFramework.resources.dll",
         			but its name "ReachFramework.resources"
         			didn't match the expected name "Microsoft.Windows.SDK.NET, Version=10.0.17763.24, Culture=neutral, PublicKeyToken=31bf3856ad364e35".
                 Considered "dist\fr\System.Windows.Controls.Ribbon.resources.dll",
         			but its name "System.Windows.Controls.Ribbon.resources"
         			didn't match the expected name "Microsoft.Windows.SDK.NET, Version=10.0.17763.24, Culture=neutral, PublicKeyToken=31bf3856ad364e35".
                 Considered "dist\fr\System.Windows.Forms.Design.resources.dll",
         			but its name "System.Windows.Forms.Design.resources"
         			didn't match the expected name "Microsoft.Windows.SDK.NET, Version=10.0.17763.24, Culture=neutral, PublicKeyToken=31bf3856ad364e35".
                 Considered "dist\fr\System.Windows.Forms.Primitives.resources.dll",
         			but its name "System.Windows.Forms.Primitives.resources"
         			didn't match the expected name "Microsoft.Windows.SDK.NET, Version=10.0.17763.24, Culture=neutral, PublicKeyToken=31bf3856ad364e35".
                 Considered "dist\fr\System.Windows.Forms.resources.dll",
         			but its name "System.Windows.Forms.resources"
         			didn't match the expected name "Microsoft.Windows.SDK.NET, Version=10.0.17763.24, Culture=neutral, PublicKeyToken=31bf3856ad364e35".
                 Considered "dist\fr\System.Windows.Input.Manipulations.resources.dll",
         			but its name "System.Windows.Input.Manipulations.resources"
         			didn't match the expected name "Microsoft.Windows.SDK.NET, Version=10.0.17763.24, Culture=neutral, PublicKeyToken=31bf3856ad364e35".
                 Considered "dist\fr\System.Xaml.resources.dll",
         			but its name "System.Xaml.resources"
         			didn't match the expected name "Microsoft.Windows.SDK.NET, Version=10.0.17763.24, Culture=neutral, PublicKeyToken=31bf3856ad364e35".
                 Considered "dist\fr\UIAutomationClient.resources.dll",
         			but its name "UIAutomationClient.resources"
         			didn't match the expected name "Microsoft.Windows.SDK.NET, Version=10.0.17763.24, Culture=neutral, PublicKeyToken=31bf3856ad364e35".
                 Considered "dist\fr\UIAutomationClientSideProviders.resources.dll",
         			but its name "UIAutomationClientSideProviders.resources"
         			didn't match the expected name "Microsoft.Windows.SDK.NET, Version=10.0.17763.24, Culture=neutral, PublicKeyToken=31bf3856ad364e35".
                 Considered "dist\fr\UIAutomationProvider.resources.dll",
         			but its name "UIAutomationProvider.resources"
         			didn't match the expected name "Microsoft.Windows.SDK.NET, Version=10.0.17763.24, Culture=neutral, PublicKeyToken=31bf3856ad364e35".
                 Considered "dist\fr\UIAutomationTypes.resources.dll",
         			but its name "UIAutomationTypes.resources"
         			didn't match the expected name "Microsoft.Windows.SDK.NET, Version=10.0.17763.24, Culture=neutral, PublicKeyToken=31bf3856ad364e35".
                 Considered "dist\fr\WindowsBase.resources.dll",
         			but its name "WindowsBase.resources"
         			didn't match the expected name "Microsoft.Windows.SDK.NET, Version=10.0.17763.24, Culture=neutral, PublicKeyToken=31bf3856ad364e35".
                 Considered "dist\fr\WindowsFormsIntegration.resources.dll",
         			but its name "WindowsFormsIntegration.resources"
         			didn't match the expected name "Microsoft.Windows.SDK.NET, Version=10.0.17763.24, Culture=neutral, PublicKeyToken=31bf3856ad364e35".
                 Considered "dist\hostfxr.dll",
         			but its name "hostfxr"
         			didn't match the expected name "Microsoft.Windows.SDK.NET, Version=10.0.17763.24, Culture=neutral, PublicKeyToken=31bf3856ad364e35".
                 Considered "dist\hostpolicy.dll",
         			but its name "hostpolicy"
         			didn't match the expected name "Microsoft.Windows.SDK.NET, Version=10.0.17763.24, Culture=neutral, PublicKeyToken=31bf3856ad364e35".
                 Considered "dist\it\Microsoft.VisualBasic.Forms.resources.dll",
         			but its name "Microsoft.VisualBasic.Forms.resources"
         			didn't match the expected name "Microsoft.Windows.SDK.NET, Version=10.0.17763.24, Culture=neutral, PublicKeyToken=31bf3856ad364e35".
                 Considered "dist\it\PresentationCore.resources.dll",
         			but its name "PresentationCore.resources"
         			didn't match the expected name "Microsoft.Windows.SDK.NET, Version=10.0.17763.24, Culture=neutral, PublicKeyToken=31bf3856ad364e35".
                 Considered "dist\it\PresentationFramework.resources.dll",
         			but its name "PresentationFramework.resources"
         			didn't match the expected name "Microsoft.Windows.SDK.NET, Version=10.0.17763.24, Culture=neutral, PublicKeyToken=31bf3856ad364e35".
                 Considered "dist\it\PresentationUI.resources.dll",
         			but its name "PresentationUI.resources"
         			didn't match the expected name "Microsoft.Windows.SDK.NET, Version=10.0.17763.24, Culture=neutral, PublicKeyToken=31bf3856ad364e35".
                 Considered "dist\it\ReachFramework.resources.dll",
         			but its name "ReachFramework.resources"
         			didn't match the expected name "Microsoft.Windows.SDK.NET, Version=10.0.17763.24, Culture=neutral, PublicKeyToken=31bf3856ad364e35".
                 Considered "dist\it\System.Windows.Controls.Ribbon.resources.dll",
         			but its name "System.Windows.Controls.Ribbon.resources"
         			didn't match the expected name "Microsoft.Windows.SDK.NET, Version=10.0.17763.24, Culture=neutral, PublicKeyToken=31bf3856ad364e35".
                 Considered "dist\it\System.Windows.Forms.Design.resources.dll",
         			but its name "System.Windows.Forms.Design.resources"
         			didn't match the expected name "Microsoft.Windows.SDK.NET, Version=10.0.17763.24, Culture=neutral, PublicKeyToken=31bf3856ad364e35".
                 Considered "dist\it\System.Windows.Forms.Primitives.resources.dll",
         			but its name "System.Windows.Forms.Primitives.resources"
         			didn't match the expected name "Microsoft.Windows.SDK.NET, Version=10.0.17763.24, Culture=neutral, PublicKeyToken=31bf3856ad364e35".
                 Considered "dist\it\System.Windows.Forms.resources.dll",
         			but its name "System.Windows.Forms.resources"
         			didn't match the expected name "Microsoft.Windows.SDK.NET, Version=10.0.17763.24, Culture=neutral, PublicKeyToken=31bf3856ad364e35".
                 Considered "dist\it\System.Windows.Input.Manipulations.resources.dll",
         			but its name "System.Windows.Input.Manipulations.resources"
         			didn't match the expected name "Microsoft.Windows.SDK.NET, Version=10.0.17763.24, Culture=neutral, PublicKeyToken=31bf3856ad364e35".
                 Considered "dist\it\System.Xaml.resources.dll",
         			but its name "System.Xaml.resources"
         			didn't match the expected name "Microsoft.Windows.SDK.NET, Version=10.0.17763.24, Culture=neutral, PublicKeyToken=31bf3856ad364e35".
                 Considered "dist\it\UIAutomationClient.resources.dll",
         			but its name "UIAutomationClient.resources"
         			didn't match the expected name "Microsoft.Windows.SDK.NET, Version=10.0.17763.24, Culture=neutral, PublicKeyToken=31bf3856ad364e35".
                 Considered "dist\it\UIAutomationClientSideProviders.resources.dll",
         			but its name "UIAutomationClientSideProviders.resources"
         			didn't match the expected name "Microsoft.Windows.SDK.NET, Version=10.0.17763.24, Culture=neutral, PublicKeyToken=31bf3856ad364e35".
                 Considered "dist\it\UIAutomationProvider.resources.dll",
         			but its name "UIAutomationProvider.resources"
         			didn't match the expected name "Microsoft.Windows.SDK.NET, Version=10.0.17763.24, Culture=neutral, PublicKeyToken=31bf3856ad364e35".
                 Considered "dist\it\UIAutomationTypes.resources.dll",
         			but its name "UIAutomationTypes.resources"
         			didn't match the expected name "Microsoft.Windows.SDK.NET, Version=10.0.17763.24, Culture=neutral, PublicKeyToken=31bf3856ad364e35".
                 Considered "dist\it\WindowsBase.resources.dll",
         			but its name "WindowsBase.resources"
         			didn't match the expected name "Microsoft.Windows.SDK.NET, Version=10.0.17763.24, Culture=neutral, PublicKeyToken=31bf3856ad364e35".
                 Considered "dist\it\WindowsFormsIntegration.resources.dll",
         			but its name "WindowsFormsIntegration.resources"
         			didn't match the expected name "Microsoft.Windows.SDK.NET, Version=10.0.17763.24, Culture=neutral, PublicKeyToken=31bf3856ad364e35".
                 Considered "dist\ja\Microsoft.VisualBasic.Forms.resources.dll",
         			but its name "Microsoft.VisualBasic.Forms.resources"
         			didn't match the expected name "Microsoft.Windows.SDK.NET, Version=10.0.17763.24, Culture=neutral, PublicKeyToken=31bf3856ad364e35".
                 Considered "dist\ja\PresentationCore.resources.dll",
         			but its name "PresentationCore.resources"
         			didn't match the expected name "Microsoft.Windows.SDK.NET, Version=10.0.17763.24, Culture=neutral, PublicKeyToken=31bf3856ad364e35".
                 Considered "dist\ja\PresentationFramework.resources.dll",
         			but its name "PresentationFramework.resources"
         			didn't match the expected name "Microsoft.Windows.SDK.NET, Version=10.0.17763.24, Culture=neutral, PublicKeyToken=31bf3856ad364e35".
                 Considered "dist\ja\PresentationUI.resources.dll",
         			but its name "PresentationUI.resources"
         			didn't match the expected name "Microsoft.Windows.SDK.NET, Version=10.0.17763.24, Culture=neutral, PublicKeyToken=31bf3856ad364e35".
                 Considered "dist\ja\ReachFramework.resources.dll",
         			but its name "ReachFramework.resources"
         			didn't match the expected name "Microsoft.Windows.SDK.NET, Version=10.0.17763.24, Culture=neutral, PublicKeyToken=31bf3856ad364e35".
                 Considered "dist\ja\System.Windows.Controls.Ribbon.resources.dll",
         			but its name "System.Windows.Controls.Ribbon.resources"
         			didn't match the expected name "Microsoft.Windows.SDK.NET, Version=10.0.17763.24, Culture=neutral, PublicKeyToken=31bf3856ad364e35".
                 Considered "dist\ja\System.Windows.Forms.Design.resources.dll",
         			but its name "System.Windows.Forms.Design.resources"
         			didn't match the expected name "Microsoft.Windows.SDK.NET, Version=10.0.17763.24, Culture=neutral, PublicKeyToken=31bf3856ad364e35".
                 Considered "dist\ja\System.Windows.Forms.Primitives.resources.dll",
         			but its name "System.Windows.Forms.Primitives.resources"
         			didn't match the expected name "Microsoft.Windows.SDK.NET, Version=10.0.17763.24, Culture=neutral, PublicKeyToken=31bf3856ad364e35".
                 Considered "dist\ja\System.Windows.Forms.resources.dll",
         			but its name "System.Windows.Forms.resources"
         			didn't match the expected name "Microsoft.Windows.SDK.NET, Version=10.0.17763.24, Culture=neutral, PublicKeyToken=31bf3856ad364e35".
                 Considered "dist\ja\System.Windows.Input.Manipulations.resources.dll",
         			but its name "System.Windows.Input.Manipulations.resources"
         			didn't match the expected name "Microsoft.Windows.SDK.NET, Version=10.0.17763.24, Culture=neutral, PublicKeyToken=31bf3856ad364e35".
                 Considered "dist\ja\System.Xaml.resources.dll",
         			but its name "System.Xaml.resources"
         			didn't match the expected name "Microsoft.Windows.SDK.NET, Version=10.0.17763.24, Culture=neutral, PublicKeyToken=31bf3856ad364e35".
                 Considered "dist\ja\UIAutomationClient.resources.dll",
         			but its name "UIAutomationClient.resources"
         			didn't match the expected name "Microsoft.Windows.SDK.NET, Version=10.0.17763.24, Culture=neutral, PublicKeyToken=31bf3856ad364e35".
                 Considered "dist\ja\UIAutomationClientSideProviders.resources.dll",
         			but its name "UIAutomationClientSideProviders.resources"
         			didn't match the expected name "Microsoft.Windows.SDK.NET, Version=10.0.17763.24, Culture=neutral, PublicKeyToken=31bf3856ad364e35".
                 Considered "dist\ja\UIAutomationProvider.resources.dll",
         			but its name "UIAutomationProvider.resources"
         			didn't match the expected name "Microsoft.Windows.SDK.NET, Version=10.0.17763.24, Culture=neutral, PublicKeyToken=31bf3856ad364e35".
                 Considered "dist\ja\UIAutomationTypes.resources.dll",
         			but its name "UIAutomationTypes.resources"
         			didn't match the expected name "Microsoft.Windows.SDK.NET, Version=10.0.17763.24, Culture=neutral, PublicKeyToken=31bf3856ad364e35".
                 Considered "dist\ja\WindowsBase.resources.dll",
         			but its name "WindowsBase.resources"
         			didn't match the expected name "Microsoft.Windows.SDK.NET, Version=10.0.17763.24, Culture=neutral, PublicKeyToken=31bf3856ad364e35".
                 Considered "dist\ja\WindowsFormsIntegration.resources.dll",
         			but its name "WindowsFormsIntegration.resources"
         			didn't match the expected name "Microsoft.Windows.SDK.NET, Version=10.0.17763.24, Culture=neutral, PublicKeyToken=31bf3856ad364e35".
                 Considered "dist\ko\Microsoft.VisualBasic.Forms.resources.dll",
         			but its name "Microsoft.VisualBasic.Forms.resources"
         			didn't match the expected name "Microsoft.Windows.SDK.NET, Version=10.0.17763.24, Culture=neutral, PublicKeyToken=31bf3856ad364e35".
                 Considered "dist\ko\PresentationCore.resources.dll",
         			but its name "PresentationCore.resources"
         			didn't match the expected name "Microsoft.Windows.SDK.NET, Version=10.0.17763.24, Culture=neutral, PublicKeyToken=31bf3856ad364e35".
                 Considered "dist\ko\PresentationFramework.resources.dll",
         			but its name "PresentationFramework.resources"
         			didn't match the expected name "Microsoft.Windows.SDK.NET, Version=10.0.17763.24, Culture=neutral, PublicKeyToken=31bf3856ad364e35".
                 Considered "dist\ko\PresentationUI.resources.dll",
         			but its name "PresentationUI.resources"
         			didn't match the expected name "Microsoft.Windows.SDK.NET, Version=10.0.17763.24, Culture=neutral, PublicKeyToken=31bf3856ad364e35".
                 Considered "dist\ko\ReachFramework.resources.dll",
         			but its name "ReachFramework.resources"
         			didn't match the expected name "Microsoft.Windows.SDK.NET, Version=10.0.17763.24, Culture=neutral, PublicKeyToken=31bf3856ad364e35".
                 Considered "dist\ko\System.Windows.Controls.Ribbon.resources.dll",
         			but its name "System.Windows.Controls.Ribbon.resources"
         			didn't match the expected name "Microsoft.Windows.SDK.NET, Version=10.0.17763.24, Culture=neutral, PublicKeyToken=31bf3856ad364e35".
                 Considered "dist\ko\System.Windows.Forms.Design.resources.dll",
         			but its name "System.Windows.Forms.Design.resources"
         			didn't match the expected name "Microsoft.Windows.SDK.NET, Version=10.0.17763.24, Culture=neutral, PublicKeyToken=31bf3856ad364e35".
                 Considered "dist\ko\System.Windows.Forms.Primitives.resources.dll",
         			but its name "System.Windows.Forms.Primitives.resources"
         			didn't match the expected name "Microsoft.Windows.SDK.NET, Version=10.0.17763.24, Culture=neutral, PublicKeyToken=31bf3856ad364e35".
                 Considered "dist\ko\System.Windows.Forms.resources.dll",
         			but its name "System.Windows.Forms.resources"
         			didn't match the expected name "Microsoft.Windows.SDK.NET, Version=10.0.17763.24, Culture=neutral, PublicKeyToken=31bf3856ad364e35".
                 Considered "dist\ko\System.Windows.Input.Manipulations.resources.dll",
         			but its name "System.Windows.Input.Manipulations.resources"
         			didn't match the expected name "Microsoft.Windows.SDK.NET, Version=10.0.17763.24, Culture=neutral, PublicKeyToken=31bf3856ad364e35".
                 Considered "dist\ko\System.Xaml.resources.dll",
         			but its name "System.Xaml.resources"
         			didn't match the expected name "Microsoft.Windows.SDK.NET, Version=10.0.17763.24, Culture=neutral, PublicKeyToken=31bf3856ad364e35".
                 Considered "dist\ko\UIAutomationClient.resources.dll",
         			but its name "UIAutomationClient.resources"
         			didn't match the expected name "Microsoft.Windows.SDK.NET, Version=10.0.17763.24, Culture=neutral, PublicKeyToken=31bf3856ad364e35".
                 Considered "dist\ko\UIAutomationClientSideProviders.resources.dll",
         			but its name "UIAutomationClientSideProviders.resources"
         			didn't match the expected name "Microsoft.Windows.SDK.NET, Version=10.0.17763.24, Culture=neutral, PublicKeyToken=31bf3856ad364e35".
                 Considered "dist\ko\UIAutomationProvider.resources.dll",
         			but its name "UIAutomationProvider.resources"
         			didn't match the expected name "Microsoft.Windows.SDK.NET, Version=10.0.17763.24, Culture=neutral, PublicKeyToken=31bf3856ad364e35".
                 Considered "dist\ko\UIAutomationTypes.resources.dll",
         			but its name "UIAutomationTypes.resources"
         			didn't match the expected name "Microsoft.Windows.SDK.NET, Version=10.0.17763.24, Culture=neutral, PublicKeyToken=31bf3856ad364e35".
                 Considered "dist\ko\WindowsBase.resources.dll",
         			but its name "WindowsBase.resources"
         			didn't match the expected name "Microsoft.Windows.SDK.NET, Version=10.0.17763.24, Culture=neutral, PublicKeyToken=31bf3856ad364e35".
                 Considered "dist\ko\WindowsFormsIntegration.resources.dll",
         			but its name "WindowsFormsIntegration.resources"
         			didn't match the expected name "Microsoft.Windows.SDK.NET, Version=10.0.17763.24, Culture=neutral, PublicKeyToken=31bf3856ad364e35".
                 Considered "dist\Microsoft.CSharp.dll",
         			but its name "Microsoft.CSharp"
         			didn't match the expected name "Microsoft.Windows.SDK.NET, Version=10.0.17763.24, Culture=neutral, PublicKeyToken=31bf3856ad364e35".
                 Considered "dist\Microsoft.Data.Sqlite.dll",
         			but its name "Microsoft.Data.Sqlite"
         			didn't match the expected name "Microsoft.Windows.SDK.NET, Version=10.0.17763.24, Culture=neutral, PublicKeyToken=31bf3856ad364e35".
                 Considered "dist\Microsoft.DiaSymReader.Native.amd64.dll",
         			but its name "Microsoft.DiaSymReader.Native.amd64"
         			didn't match the expected name "Microsoft.Windows.SDK.NET, Version=10.0.17763.24, Culture=neutral, PublicKeyToken=31bf3856ad364e35".
                 Considered "dist\Microsoft.VisualBasic.Core.dll",
         			but its name "Microsoft.VisualBasic.Core"
         			didn't match the expected name "Microsoft.Windows.SDK.NET, Version=10.0.17763.24, Culture=neutral, PublicKeyToken=31bf3856ad364e35".
                 Considered "dist\Microsoft.VisualBasic.dll",
         			but its name "Microsoft.VisualBasic"
         			didn't match the expected name "Microsoft.Windows.SDK.NET, Version=10.0.17763.24, Culture=neutral, PublicKeyToken=31bf3856ad364e35".
                 Considered "dist\Microsoft.VisualBasic.Forms.dll",
         			but its name "Microsoft.VisualBasic.Forms"
         			didn't match the expected name "Microsoft.Windows.SDK.NET, Version=10.0.17763.24, Culture=neutral, PublicKeyToken=31bf3856ad364e35".
                 Considered "dist\Microsoft.Web.WebView2.Core.dll",
         			but its name "Microsoft.Web.WebView2.Core"
         			didn't match the expected name "Microsoft.Windows.SDK.NET, Version=10.0.17763.24, Culture=neutral, PublicKeyToken=31bf3856ad364e35".
                 Considered "dist\Microsoft.Web.WebView2.WinForms.dll",
         			but its name "Microsoft.Web.WebView2.WinForms"
         			didn't match the expected name "Microsoft.Windows.SDK.NET, Version=10.0.17763.24, Culture=neutral, PublicKeyToken=31bf3856ad364e35".
                 Considered "dist\Microsoft.Web.WebView2.Wpf.dll",
         			but its name "Microsoft.Web.WebView2.Wpf"
         			didn't match the expected name "Microsoft.Windows.SDK.NET, Version=10.0.17763.24, Culture=neutral, PublicKeyToken=31bf3856ad364e35".
                 Considered "dist\Microsoft.Win32.Primitives.dll",
         			but its name "Microsoft.Win32.Primitives"
         			didn't match the expected name "Microsoft.Windows.SDK.NET, Version=10.0.17763.24, Culture=neutral, PublicKeyToken=31bf3856ad364e35".
                 Considered "dist\Microsoft.Win32.Registry.AccessControl.dll",
         			but its name "Microsoft.Win32.Registry.AccessControl"
         			didn't match the expected name "Microsoft.Windows.SDK.NET, Version=10.0.17763.24, Culture=neutral, PublicKeyToken=31bf3856ad364e35".
                 Considered "dist\Microsoft.Win32.Registry.dll",
         			but its name "Microsoft.Win32.Registry"
         			didn't match the expected name "Microsoft.Windows.SDK.NET, Version=10.0.17763.24, Culture=neutral, PublicKeyToken=31bf3856ad364e35".
                 Considered "dist\Microsoft.Win32.SystemEvents.dll",
         			but its name "Microsoft.Win32.SystemEvents"
         			didn't match the expected name "Microsoft.Windows.SDK.NET, Version=10.0.17763.24, Culture=neutral, PublicKeyToken=31bf3856ad364e35".
                 Considered "dist\mscordaccore.dll",
         			but its name "mscordaccore"
         			didn't match the expected name "Microsoft.Windows.SDK.NET, Version=10.0.17763.24, Culture=neutral, PublicKeyToken=31bf3856ad364e35".
                 Considered "dist\mscordaccore_amd64_amd64_8.0.2426.7010.dll",
         			but its name "mscordaccore_amd64_amd64_8.0.2426.7010"
         			didn't match the expected name "Microsoft.Windows.SDK.NET, Version=10.0.17763.24, Culture=neutral, PublicKeyToken=31bf3856ad364e35".
                 Considered "dist\mscordbi.dll",
         			but its name "mscordbi"
         			didn't match the expected name "Microsoft.Windows.SDK.NET, Version=10.0.17763.24, Culture=neutral, PublicKeyToken=31bf3856ad364e35".
                 Considered "dist\mscorlib.dll",
         			but its name "mscorlib"
         			didn't match the expected name "Microsoft.Windows.SDK.NET, Version=10.0.17763.24, Culture=neutral, PublicKeyToken=31bf3856ad364e35".
                 Considered "dist\mscorrc.dll",
         			but its name "mscorrc"
         			didn't match the expected name "Microsoft.Windows.SDK.NET, Version=10.0.17763.24, Culture=neutral, PublicKeyToken=31bf3856ad364e35".
                 Considered "dist\msquic.dll",
         			but its name "msquic"
         			didn't match the expected name "Microsoft.Windows.SDK.NET, Version=10.0.17763.24, Culture=neutral, PublicKeyToken=31bf3856ad364e35".
                 Considered "dist\netstandard.dll",
         			but its name "netstandard"
         			didn't match the expected name "Microsoft.Windows.SDK.NET, Version=10.0.17763.24, Culture=neutral, PublicKeyToken=31bf3856ad364e35".
                 Considered "dist\Newtonsoft.Json.dll",
         			but its name "Newtonsoft.Json"
         			didn't match the expected name "Microsoft.Windows.SDK.NET, Version=10.0.17763.24, Culture=neutral, PublicKeyToken=31bf3856ad364e35".
                 Considered "dist\PenImc_cor3.dll",
         			but its name "PenImc_cor3"
         			didn't match the expected name "Microsoft.Windows.SDK.NET, Version=10.0.17763.24, Culture=neutral, PublicKeyToken=31bf3856ad364e35".
                 Considered "dist\pl\Microsoft.VisualBasic.Forms.resources.dll",
         			but its name "Microsoft.VisualBasic.Forms.resources"
         			didn't match the expected name "Microsoft.Windows.SDK.NET, Version=10.0.17763.24, Culture=neutral, PublicKeyToken=31bf3856ad364e35".
                 Considered "dist\pl\PresentationCore.resources.dll",
         			but its name "PresentationCore.resources"
         			didn't match the expected name "Microsoft.Windows.SDK.NET, Version=10.0.17763.24, Culture=neutral, PublicKeyToken=31bf3856ad364e35".
                 Considered "dist\pl\PresentationFramework.resources.dll",
         			but its name "PresentationFramework.resources"
         			didn't match the expected name "Microsoft.Windows.SDK.NET, Version=10.0.17763.24, Culture=neutral, PublicKeyToken=31bf3856ad364e35".
                 Considered "dist\pl\PresentationUI.resources.dll",
         			but its name "PresentationUI.resources"
         			didn't match the expected name "Microsoft.Windows.SDK.NET, Version=10.0.17763.24, Culture=neutral, PublicKeyToken=31bf3856ad364e35".
                 Considered "dist\pl\ReachFramework.resources.dll",
         			but its name "ReachFramework.resources"
         			didn't match the expected name "Microsoft.Windows.SDK.NET, Version=10.0.17763.24, Culture=neutral, PublicKeyToken=31bf3856ad364e35".
                 Considered "dist\pl\System.Windows.Controls.Ribbon.resources.dll",
         			but its name "System.Windows.Controls.Ribbon.resources"
         			didn't match the expected name "Microsoft.Windows.SDK.NET, Version=10.0.17763.24, Culture=neutral, PublicKeyToken=31bf3856ad364e35".
                 Considered "dist\pl\System.Windows.Forms.Design.resources.dll",
         			but its name "System.Windows.Forms.Design.resources"
         			didn't match the expected name "Microsoft.Windows.SDK.NET, Version=10.0.17763.24, Culture=neutral, PublicKeyToken=31bf3856ad364e35".
                 Considered "dist\pl\System.Windows.Forms.Primitives.resources.dll",
         			but its name "System.Windows.Forms.Primitives.resources"
         			didn't match the expected name "Microsoft.Windows.SDK.NET, Version=10.0.17763.24, Culture=neutral, PublicKeyToken=31bf3856ad364e35".
                 Considered "dist\pl\System.Windows.Forms.resources.dll",
         			but its name "System.Windows.Forms.resources"
         			didn't match the expected name "Microsoft.Windows.SDK.NET, Version=10.0.17763.24, Culture=neutral, PublicKeyToken=31bf3856ad364e35".
                 Considered "dist\pl\System.Windows.Input.Manipulations.resources.dll",
         			but its name "System.Windows.Input.Manipulations.resources"
         			didn't match the expected name "Microsoft.Windows.SDK.NET, Version=10.0.17763.24, Culture=neutral, PublicKeyToken=31bf3856ad364e35".
                 Considered "dist\pl\System.Xaml.resources.dll",
         			but its name "System.Xaml.resources"
         			didn't match the expected name "Microsoft.Windows.SDK.NET, Version=10.0.17763.24, Culture=neutral, PublicKeyToken=31bf3856ad364e35".
                 Considered "dist\pl\UIAutomationClient.resources.dll",
         			but its name "UIAutomationClient.resources"
         			didn't match the expected name "Microsoft.Windows.SDK.NET, Version=10.0.17763.24, Culture=neutral, PublicKeyToken=31bf3856ad364e35".
                 Considered "dist\pl\UIAutomationClientSideProviders.resources.dll",
         			but its name "UIAutomationClientSideProviders.resources"
         			didn't match the expected name "Microsoft.Windows.SDK.NET, Version=10.0.17763.24, Culture=neutral, PublicKeyToken=31bf3856ad364e35".
                 Considered "dist\pl\UIAutomationProvider.resources.dll",
         			but its name "UIAutomationProvider.resources"
         			didn't match the expected name "Microsoft.Windows.SDK.NET, Version=10.0.17763.24, Culture=neutral, PublicKeyToken=31bf3856ad364e35".
                 Considered "dist\pl\UIAutomationTypes.resources.dll",
         			but its name "UIAutomationTypes.resources"
         			didn't match the expected name "Microsoft.Windows.SDK.NET, Version=10.0.17763.24, Culture=neutral, PublicKeyToken=31bf3856ad364e35".
                 Considered "dist\pl\WindowsBase.resources.dll",
         			but its name "WindowsBase.resources"
         			didn't match the expected name "Microsoft.Windows.SDK.NET, Version=10.0.17763.24, Culture=neutral, PublicKeyToken=31bf3856ad364e35".
                 Considered "dist\pl\WindowsFormsIntegration.resources.dll",
         			but its name "WindowsFormsIntegration.resources"
         			didn't match the expected name "Microsoft.Windows.SDK.NET, Version=10.0.17763.24, Culture=neutral, PublicKeyToken=31bf3856ad364e35".
                 Considered "dist\PresentationCore.dll",
         			but its name "PresentationCore"
         			didn't match the expected name "Microsoft.Windows.SDK.NET, Version=10.0.17763.24, Culture=neutral, PublicKeyToken=31bf3856ad364e35".
                 Considered "dist\PresentationFramework-SystemCore.dll",
         			but its name "PresentationFramework-SystemCore"
         			didn't match the expected name "Microsoft.Windows.SDK.NET, Version=10.0.17763.24, Culture=neutral, PublicKeyToken=31bf3856ad364e35".
                 Considered "dist\PresentationFramework-SystemData.dll",
         			but its name "PresentationFramework-SystemData"
         			didn't match the expected name "Microsoft.Windows.SDK.NET, Version=10.0.17763.24, Culture=neutral, PublicKeyToken=31bf3856ad364e35".
                 Considered "dist\PresentationFramework-SystemDrawing.dll",
         			but its name "PresentationFramework-SystemDrawing"
         			didn't match the expected name "Microsoft.Windows.SDK.NET, Version=10.0.17763.24, Culture=neutral, PublicKeyToken=31bf3856ad364e35".
                 Considered "dist\PresentationFramework-SystemXml.dll",
         			but its name "PresentationFramework-SystemXml"
         			didn't match the expected name "Microsoft.Windows.SDK.NET, Version=10.0.17763.24, Culture=neutral, PublicKeyToken=31bf3856ad364e35".
                 Considered "dist\PresentationFramework-SystemXmlLinq.dll",
         			but its name "PresentationFramework-SystemXmlLinq"
         			didn't match the expected name "Microsoft.Windows.SDK.NET, Version=10.0.17763.24, Culture=neutral, PublicKeyToken=31bf3856ad364e35".
                 Considered "dist\PresentationFramework.Aero.dll",
         			but its name "PresentationFramework.Aero"
         			didn't match the expected name "Microsoft.Windows.SDK.NET, Version=10.0.17763.24, Culture=neutral, PublicKeyToken=31bf3856ad364e35".
                 Considered "dist\PresentationFramework.Aero2.dll",
         			but its name "PresentationFramework.Aero2"
         			didn't match the expected name "Microsoft.Windows.SDK.NET, Version=10.0.17763.24, Culture=neutral, PublicKeyToken=31bf3856ad364e35".
                 Considered "dist\PresentationFramework.AeroLite.dll",
         			but its name "PresentationFramework.AeroLite"
         			didn't match the expected name "Microsoft.Windows.SDK.NET, Version=10.0.17763.24, Culture=neutral, PublicKeyToken=31bf3856ad364e35".
                 Considered "dist\PresentationFramework.Classic.dll",
         			but its name "PresentationFramework.Classic"
         			didn't match the expected name "Microsoft.Windows.SDK.NET, Version=10.0.17763.24, Culture=neutral, PublicKeyToken=31bf3856ad364e35".
                 Considered "dist\PresentationFramework.dll",
         			but its name "PresentationFramework"
         			didn't match the expected name "Microsoft.Windows.SDK.NET, Version=10.0.17763.24, Culture=neutral, PublicKeyToken=31bf3856ad364e35".
                 Considered "dist\PresentationFramework.Luna.dll",
         			but its name "PresentationFramework.Luna"
         			didn't match the expected name "Microsoft.Windows.SDK.NET, Version=10.0.17763.24, Culture=neutral, PublicKeyToken=31bf3856ad364e35".
                 Considered "dist\PresentationFramework.Royale.dll",
         			but its name "PresentationFramework.Royale"
         			didn't match the expected name "Microsoft.Windows.SDK.NET, Version=10.0.17763.24, Culture=neutral, PublicKeyToken=31bf3856ad364e35".
                 Considered "dist\PresentationNative_cor3.dll",
         			but its name "PresentationNative_cor3"
         			didn't match the expected name "Microsoft.Windows.SDK.NET, Version=10.0.17763.24, Culture=neutral, PublicKeyToken=31bf3856ad364e35".
                 Considered "dist\PresentationUI.dll",
         			but its name "PresentationUI"
         			didn't match the expected name "Microsoft.Windows.SDK.NET, Version=10.0.17763.24, Culture=neutral, PublicKeyToken=31bf3856ad364e35".
                 Considered "dist\pt-BR\Microsoft.VisualBasic.Forms.resources.dll",
         			but its name "Microsoft.VisualBasic.Forms.resources"
         			didn't match the expected name "Microsoft.Windows.SDK.NET, Version=10.0.17763.24, Culture=neutral, PublicKeyToken=31bf3856ad364e35".
                 Considered "dist\pt-BR\PresentationCore.resources.dll",
         			but its name "PresentationCore.resources"
         			didn't match the expected name "Microsoft.Windows.SDK.NET, Version=10.0.17763.24, Culture=neutral, PublicKeyToken=31bf3856ad364e35".
                 Considered "dist\pt-BR\PresentationFramework.resources.dll",
         			but its name "PresentationFramework.resources"
         			didn't match the expected name "Microsoft.Windows.SDK.NET, Version=10.0.17763.24, Culture=neutral, PublicKeyToken=31bf3856ad364e35".
                 Considered "dist\pt-BR\PresentationUI.resources.dll",
         			but its name "PresentationUI.resources"
         			didn't match the expected name "Microsoft.Windows.SDK.NET, Version=10.0.17763.24, Culture=neutral, PublicKeyToken=31bf3856ad364e35".
                 Considered "dist\pt-BR\ReachFramework.resources.dll",
         			but its name "ReachFramework.resources"
         			didn't match the expected name "Microsoft.Windows.SDK.NET, Version=10.0.17763.24, Culture=neutral, PublicKeyToken=31bf3856ad364e35".
                 Considered "dist\pt-BR\System.Windows.Controls.Ribbon.resources.dll",
         			but its name "System.Windows.Controls.Ribbon.resources"
         			didn't match the expected name "Microsoft.Windows.SDK.NET, Version=10.0.17763.24, Culture=neutral, PublicKeyToken=31bf3856ad364e35".
                 Considered "dist\pt-BR\System.Windows.Forms.Design.resources.dll",
         			but its name "System.Windows.Forms.Design.resources"
         			didn't match the expected name "Microsoft.Windows.SDK.NET, Version=10.0.17763.24, Culture=neutral, PublicKeyToken=31bf3856ad364e35".
                 Considered "dist\pt-BR\System.Windows.Forms.Primitives.resources.dll",
         			but its name "System.Windows.Forms.Primitives.resources"
         			didn't match the expected name "Microsoft.Windows.SDK.NET, Version=10.0.17763.24, Culture=neutral, PublicKeyToken=31bf3856ad364e35".
                 Considered "dist\pt-BR\System.Windows.Forms.resources.dll",
         			but its name "System.Windows.Forms.resources"
         			didn't match the expected name "Microsoft.Windows.SDK.NET, Version=10.0.17763.24, Culture=neutral, PublicKeyToken=31bf3856ad364e35".
                 Considered "dist\pt-BR\System.Windows.Input.Manipulations.resources.dll",
         			but its name "System.Windows.Input.Manipulations.resources"
         			didn't match the expected name "Microsoft.Windows.SDK.NET, Version=10.0.17763.24, Culture=neutral, PublicKeyToken=31bf3856ad364e35".
                 Considered "dist\pt-BR\System.Xaml.resources.dll",
         			but its name "System.Xaml.resources"
         			didn't match the expected name "Microsoft.Windows.SDK.NET, Version=10.0.17763.24, Culture=neutral, PublicKeyToken=31bf3856ad364e35".
                 Considered "dist\pt-BR\UIAutomationClient.resources.dll",
         			but its name "UIAutomationClient.resources"
         			didn't match the expected name "Microsoft.Windows.SDK.NET, Version=10.0.17763.24, Culture=neutral, PublicKeyToken=31bf3856ad364e35".
                 Considered "dist\pt-BR\UIAutomationClientSideProviders.resources.dll",
         			but its name "UIAutomationClientSideProviders.resources"
         			didn't match the expected name "Microsoft.Windows.SDK.NET, Version=10.0.17763.24, Culture=neutral, PublicKeyToken=31bf3856ad364e35".
                 Considered "dist\pt-BR\UIAutomationProvider.resources.dll",
         			but its name "UIAutomationProvider.resources"
         			didn't match the expected name "Microsoft.Windows.SDK.NET, Version=10.0.17763.24, Culture=neutral, PublicKeyToken=31bf3856ad364e35".
                 Considered "dist\pt-BR\UIAutomationTypes.resources.dll",
         			but its name "UIAutomationTypes.resources"
         			didn't match the expected name "Microsoft.Windows.SDK.NET, Version=10.0.17763.24, Culture=neutral, PublicKeyToken=31bf3856ad364e35".
                 Considered "dist\pt-BR\WindowsBase.resources.dll",
         			but its name "WindowsBase.resources"
         			didn't match the expected name "Microsoft.Windows.SDK.NET, Version=10.0.17763.24, Culture=neutral, PublicKeyToken=31bf3856ad364e35".
                 Considered "dist\pt-BR\WindowsFormsIntegration.resources.dll",
         			but its name "WindowsFormsIntegration.resources"
         			didn't match the expected name "Microsoft.Windows.SDK.NET, Version=10.0.17763.24, Culture=neutral, PublicKeyToken=31bf3856ad364e35".
                 Considered "dist\ReachFramework.dll",
         			but its name "ReachFramework"
         			didn't match the expected name "Microsoft.Windows.SDK.NET, Version=10.0.17763.24, Culture=neutral, PublicKeyToken=31bf3856ad364e35".
                 Considered "dist\runtimes\win-x64\native\WebView2Loader.dll",
         			but its name "WebView2Loader"
         			didn't match the expected name "Microsoft.Windows.SDK.NET, Version=10.0.17763.24, Culture=neutral, PublicKeyToken=31bf3856ad364e35".
                 Considered "dist\ru\Microsoft.VisualBasic.Forms.resources.dll",
         			but its name "Microsoft.VisualBasic.Forms.resources"
         			didn't match the expected name "Microsoft.Windows.SDK.NET, Version=10.0.17763.24, Culture=neutral, PublicKeyToken=31bf3856ad364e35".
                 Considered "dist\ru\PresentationCore.resources.dll",
         			but its name "PresentationCore.resources"
         			didn't match the expected name "Microsoft.Windows.SDK.NET, Version=10.0.17763.24, Culture=neutral, PublicKeyToken=31bf3856ad364e35".
                 Considered "dist\ru\PresentationFramework.resources.dll",
         			but its name "PresentationFramework.resources"
         			didn't match the expected name "Microsoft.Windows.SDK.NET, Version=10.0.17763.24, Culture=neutral, PublicKeyToken=31bf3856ad364e35".
                 Considered "dist\ru\PresentationUI.resources.dll",
         			but its name "PresentationUI.resources"
         			didn't match the expected name "Microsoft.Windows.SDK.NET, Version=10.0.17763.24, Culture=neutral, PublicKeyToken=31bf3856ad364e35".
                 Considered "dist\ru\ReachFramework.resources.dll",
         			but its name "ReachFramework.resources"
         			didn't match the expected name "Microsoft.Windows.SDK.NET, Version=10.0.17763.24, Culture=neutral, PublicKeyToken=31bf3856ad364e35".
                 Considered "dist\ru\System.Windows.Controls.Ribbon.resources.dll",
         			but its name "System.Windows.Controls.Ribbon.resources"
         			didn't match the expected name "Microsoft.Windows.SDK.NET, Version=10.0.17763.24, Culture=neutral, PublicKeyToken=31bf3856ad364e35".
                 Considered "dist\ru\System.Windows.Forms.Design.resources.dll",
         			but its name "System.Windows.Forms.Design.resources"
         			didn't match the expected name "Microsoft.Windows.SDK.NET, Version=10.0.17763.24, Culture=neutral, PublicKeyToken=31bf3856ad364e35".
                 Considered "dist\ru\System.Windows.Forms.Primitives.resources.dll",
         			but its name "System.Windows.Forms.Primitives.resources"
         			didn't match the expected name "Microsoft.Windows.SDK.NET, Version=10.0.17763.24, Culture=neutral, PublicKeyToken=31bf3856ad364e35".
                 Considered "dist\ru\System.Windows.Forms.resources.dll",
         			but its name "System.Windows.Forms.resources"
         			didn't match the expected name "Microsoft.Windows.SDK.NET, Version=10.0.17763.24, Culture=neutral, PublicKeyToken=31bf3856ad364e35".
                 Considered "dist\ru\System.Windows.Input.Manipulations.resources.dll",
         			but its name "System.Windows.Input.Manipulations.resources"
         			didn't match the expected name "Microsoft.Windows.SDK.NET, Version=10.0.17763.24, Culture=neutral, PublicKeyToken=31bf3856ad364e35".
                 Considered "dist\ru\System.Xaml.resources.dll",
         			but its name "System.Xaml.resources"
         			didn't match the expected name "Microsoft.Windows.SDK.NET, Version=10.0.17763.24, Culture=neutral, PublicKeyToken=31bf3856ad364e35".
                 Considered "dist\ru\UIAutomationClient.resources.dll",
         			but its name "UIAutomationClient.resources"
         			didn't match the expected name "Microsoft.Windows.SDK.NET, Version=10.0.17763.24, Culture=neutral, PublicKeyToken=31bf3856ad364e35".
                 Considered "dist\ru\UIAutomationClientSideProviders.resources.dll",
         			but its name "UIAutomationClientSideProviders.resources"
         			didn't match the expected name "Microsoft.Windows.SDK.NET, Version=10.0.17763.24, Culture=neutral, PublicKeyToken=31bf3856ad364e35".
                 Considered "dist\ru\UIAutomationProvider.resources.dll",
         			but its name "UIAutomationProvider.resources"
         			didn't match the expected name "Microsoft.Windows.SDK.NET, Version=10.0.17763.24, Culture=neutral, PublicKeyToken=31bf3856ad364e35".
                 Considered "dist\ru\UIAutomationTypes.resources.dll",
         			but its name "UIAutomationTypes.resources"
         			didn't match the expected name "Microsoft.Windows.SDK.NET, Version=10.0.17763.24, Culture=neutral, PublicKeyToken=31bf3856ad364e35".
                 Considered "dist\ru\WindowsBase.resources.dll",
         			but its name "WindowsBase.resources"
         			didn't match the expected name "Microsoft.Windows.SDK.NET, Version=10.0.17763.24, Culture=neutral, PublicKeyToken=31bf3856ad364e35".
                 Considered "dist\ru\WindowsFormsIntegration.resources.dll",
         			but its name "WindowsFormsIntegration.resources"
         			didn't match the expected name "Microsoft.Windows.SDK.NET, Version=10.0.17763.24, Culture=neutral, PublicKeyToken=31bf3856ad364e35".
                 Considered "dist\SQLitePCLRaw.batteries_v2.dll",
         			but its name "SQLitePCLRaw.batteries_v2"
         			didn't match the expected name "Microsoft.Windows.SDK.NET, Version=10.0.17763.24, Culture=neutral, PublicKeyToken=31bf3856ad364e35".
                 Considered "dist\SQLitePCLRaw.core.dll",
         			but its name "SQLitePCLRaw.core"
         			didn't match the expected name "Microsoft.Windows.SDK.NET, Version=10.0.17763.24, Culture=neutral, PublicKeyToken=31bf3856ad364e35".
                 Considered "dist\SQLitePCLRaw.provider.e_sqlite3.dll",
         			but its name "SQLitePCLRaw.provider.e_sqlite3"
         			didn't match the expected name "Microsoft.Windows.SDK.NET, Version=10.0.17763.24, Culture=neutral, PublicKeyToken=31bf3856ad364e35".
                 Considered "dist\System.AppContext.dll",
         			but its name "System.AppContext"
         			didn't match the expected name "Microsoft.Windows.SDK.NET, Version=10.0.17763.24, Culture=neutral, PublicKeyToken=31bf3856ad364e35".
                 Considered "dist\System.Buffers.dll",
         			but its name "System.Buffers"
         			didn't match the expected name "Microsoft.Windows.SDK.NET, Version=10.0.17763.24, Culture=neutral, PublicKeyToken=31bf3856ad364e35".
                 Considered "dist\System.CodeDom.dll",
         			but its name "System.CodeDom"
         			didn't match the expected name "Microsoft.Windows.SDK.NET, Version=10.0.17763.24, Culture=neutral, PublicKeyToken=31bf3856ad364e35".
                 Considered "dist\System.Collections.Concurrent.dll",
         			but its name "System.Collections.Concurrent"
         			didn't match the expected name "Microsoft.Windows.SDK.NET, Version=10.0.17763.24, Culture=neutral, PublicKeyToken=31bf3856ad364e35".
                 Considered "dist\System.Collections.dll",
         			but its name "System.Collections"
         			didn't match the expected name "Microsoft.Windows.SDK.NET, Version=10.0.17763.24, Culture=neutral, PublicKeyToken=31bf3856ad364e35".
                 Considered "dist\System.Collections.Immutable.dll",
         			but its name "System.Collections.Immutable"
         			didn't match the expected name "Microsoft.Windows.SDK.NET, Version=10.0.17763.24, Culture=neutral, PublicKeyToken=31bf3856ad364e35".
                 Considered "dist\System.Collections.NonGeneric.dll",
         			but its name "System.Collections.NonGeneric"
         			didn't match the expected name "Microsoft.Windows.SDK.NET, Version=10.0.17763.24, Culture=neutral, PublicKeyToken=31bf3856ad364e35".
                 Considered "dist\System.Collections.Specialized.dll",
         			but its name "System.Collections.Specialized"
         			didn't match the expected name "Microsoft.Windows.SDK.NET, Version=10.0.17763.24, Culture=neutral, PublicKeyToken=31bf3856ad364e35".
                 Considered "dist\System.ComponentModel.Annotations.dll",
         			but its name "System.ComponentModel.Annotations"
         			didn't match the expected name "Microsoft.Windows.SDK.NET, Version=10.0.17763.24, Culture=neutral, PublicKeyToken=31bf3856ad364e35".
                 Considered "dist\System.ComponentModel.DataAnnotations.dll",
         			but its name "System.ComponentModel.DataAnnotations"
         			didn't match the expected name "Microsoft.Windows.SDK.NET, Version=10.0.17763.24, Culture=neutral, PublicKeyToken=31bf3856ad364e35".
                 Considered "dist\System.ComponentModel.dll",
         			but its name "System.ComponentModel"
         			didn't match the expected name "Microsoft.Windows.SDK.NET, Version=10.0.17763.24, Culture=neutral, PublicKeyToken=31bf3856ad364e35".
                 Considered "dist\System.ComponentModel.EventBasedAsync.dll",
         			but its name "System.ComponentModel.EventBasedAsync"
         			didn't match the expected name "Microsoft.Windows.SDK.NET, Version=10.0.17763.24, Culture=neutral, PublicKeyToken=31bf3856ad364e35".
                 Considered "dist\System.ComponentModel.Primitives.dll",
         			but its name "System.ComponentModel.Primitives"
         			didn't match the expected name "Microsoft.Windows.SDK.NET, Version=10.0.17763.24, Culture=neutral, PublicKeyToken=31bf3856ad364e35".
                 Considered "dist\System.ComponentModel.TypeConverter.dll",
         			but its name "System.ComponentModel.TypeConverter"
         			didn't match the expected name "Microsoft.Windows.SDK.NET, Version=10.0.17763.24, Culture=neutral, PublicKeyToken=31bf3856ad364e35".
                 Considered "dist\System.Configuration.ConfigurationManager.dll",
         			but its name "System.Configuration.ConfigurationManager"
         			didn't match the expected name "Microsoft.Windows.SDK.NET, Version=10.0.17763.24, Culture=neutral, PublicKeyToken=31bf3856ad364e35".
                 Considered "dist\System.Configuration.dll",
         			but its name "System.Configuration"
         			didn't match the expected name "Microsoft.Windows.SDK.NET, Version=10.0.17763.24, Culture=neutral, PublicKeyToken=31bf3856ad364e35".
                 Considered "dist\System.Console.dll",
         			but its name "System.Console"
         			didn't match the expected name "Microsoft.Windows.SDK.NET, Version=10.0.17763.24, Culture=neutral, PublicKeyToken=31bf3856ad364e35".
                 Considered "dist\System.Core.dll",
         			but its name "System.Core"
         			didn't match the expected name "Microsoft.Windows.SDK.NET, Version=10.0.17763.24, Culture=neutral, PublicKeyToken=31bf3856ad364e35".
                 Considered "dist\System.Data.Common.dll",
         			but its name "System.Data.Common"
         			didn't match the expected name "Microsoft.Windows.SDK.NET, Version=10.0.17763.24, Culture=neutral, PublicKeyToken=31bf3856ad364e35".
                 Considered "dist\System.Data.DataSetExtensions.dll",
         			but its name "System.Data.DataSetExtensions"
         			didn't match the expected name "Microsoft.Windows.SDK.NET, Version=10.0.17763.24, Culture=neutral, PublicKeyToken=31bf3856ad364e35".
                 Considered "dist\System.Data.dll",
         			but its name "System.Data"
         			didn't match the expected name "Microsoft.Windows.SDK.NET, Version=10.0.17763.24, Culture=neutral, PublicKeyToken=31bf3856ad364e35".
                 Considered "dist\System.Design.dll",
         			but its name "System.Design"
         			didn't match the expected name "Microsoft.Windows.SDK.NET, Version=10.0.17763.24, Culture=neutral, PublicKeyToken=31bf3856ad364e35".
                 Considered "dist\System.Diagnostics.Contracts.dll",
         			but its name "System.Diagnostics.Contracts"
         			didn't match the expected name "Microsoft.Windows.SDK.NET, Version=10.0.17763.24, Culture=neutral, PublicKeyToken=31bf3856ad364e35".
                 Considered "dist\System.Diagnostics.Debug.dll",
         			but its name "System.Diagnostics.Debug"
         			didn't match the expected name "Microsoft.Windows.SDK.NET, Version=10.0.17763.24, Culture=neutral, PublicKeyToken=31bf3856ad364e35".
                 Considered "dist\System.Diagnostics.DiagnosticSource.dll",
         			but its name "System.Diagnostics.DiagnosticSource"
         			didn't match the expected name "Microsoft.Windows.SDK.NET, Version=10.0.17763.24, Culture=neutral, PublicKeyToken=31bf3856ad364e35".
                 Considered "dist\System.Diagnostics.EventLog.dll",
         			but its name "System.Diagnostics.EventLog"
         			didn't match the expected name "Microsoft.Windows.SDK.NET, Version=10.0.17763.24, Culture=neutral, PublicKeyToken=31bf3856ad364e35".
                 Considered "dist\System.Diagnostics.EventLog.Messages.dll",
         			but its name "System.Diagnostics.EventLog.Messages"
         			didn't match the expected name "Microsoft.Windows.SDK.NET, Version=10.0.17763.24, Culture=neutral, PublicKeyToken=31bf3856ad364e35".
                 Considered "dist\System.Diagnostics.FileVersionInfo.dll",
         			but its name "System.Diagnostics.FileVersionInfo"
         			didn't match the expected name "Microsoft.Windows.SDK.NET, Version=10.0.17763.24, Culture=neutral, PublicKeyToken=31bf3856ad364e35".
                 Considered "dist\System.Diagnostics.PerformanceCounter.dll",
         			but its name "System.Diagnostics.PerformanceCounter"
         			didn't match the expected name "Microsoft.Windows.SDK.NET, Version=10.0.17763.24, Culture=neutral, PublicKeyToken=31bf3856ad364e35".
                 Considered "dist\System.Diagnostics.Process.dll",
         			but its name "System.Diagnostics.Process"
         			didn't match the expected name "Microsoft.Windows.SDK.NET, Version=10.0.17763.24, Culture=neutral, PublicKeyToken=31bf3856ad364e35".
                 Considered "dist\System.Diagnostics.StackTrace.dll",
         			but its name "System.Diagnostics.StackTrace"
         			didn't match the expected name "Microsoft.Windows.SDK.NET, Version=10.0.17763.24, Culture=neutral, PublicKeyToken=31bf3856ad364e35".
                 Considered "dist\System.Diagnostics.TextWriterTraceListener.dll",
         			but its name "System.Diagnostics.TextWriterTraceListener"
         			didn't match the expected name "Microsoft.Windows.SDK.NET, Version=10.0.17763.24, Culture=neutral, PublicKeyToken=31bf3856ad364e35".
                 Considered "dist\System.Diagnostics.Tools.dll",
         			but its name "System.Diagnostics.Tools"
         			didn't match the expected name "Microsoft.Windows.SDK.NET, Version=10.0.17763.24, Culture=neutral, PublicKeyToken=31bf3856ad364e35".
                 Considered "dist\System.Diagnostics.TraceSource.dll",
         			but its name "System.Diagnostics.TraceSource"
         			didn't match the expected name "Microsoft.Windows.SDK.NET, Version=10.0.17763.24, Culture=neutral, PublicKeyToken=31bf3856ad364e35".
                 Considered "dist\System.Diagnostics.Tracing.dll",
         			but its name "System.Diagnostics.Tracing"
         			didn't match the expected name "Microsoft.Windows.SDK.NET, Version=10.0.17763.24, Culture=neutral, PublicKeyToken=31bf3856ad364e35".
                 Considered "dist\System.DirectoryServices.dll",
         			but its name "System.DirectoryServices"
         			didn't match the expected name "Microsoft.Windows.SDK.NET, Version=10.0.17763.24, Culture=neutral, PublicKeyToken=31bf3856ad364e35".
                 Considered "dist\System.dll",
         			but its name "System"
         			didn't match the expected name "Microsoft.Windows.SDK.NET, Version=10.0.17763.24, Culture=neutral, PublicKeyToken=31bf3856ad364e35".
                 Considered "dist\System.Drawing.Common.dll",
         			but its name "System.Drawing.Common"
         			didn't match the expected name "Microsoft.Windows.SDK.NET, Version=10.0.17763.24, Culture=neutral, PublicKeyToken=31bf3856ad364e35".
                 Considered "dist\System.Drawing.Design.dll",
         			but its name "System.Drawing.Design"
         			didn't match the expected name "Microsoft.Windows.SDK.NET, Version=10.0.17763.24, Culture=neutral, PublicKeyToken=31bf3856ad364e35".
                 Considered "dist\System.Drawing.dll",
         			but its name "System.Drawing"
         			didn't match the expected name "Microsoft.Windows.SDK.NET, Version=10.0.17763.24, Culture=neutral, PublicKeyToken=31bf3856ad364e35".
                 Considered "dist\System.Drawing.Primitives.dll",
         			but its name "System.Drawing.Primitives"
         			didn't match the expected name "Microsoft.Windows.SDK.NET, Version=10.0.17763.24, Culture=neutral, PublicKeyToken=31bf3856ad364e35".
                 Considered "dist\System.Dynamic.Runtime.dll",
         			but its name "System.Dynamic.Runtime"
         			didn't match the expected name "Microsoft.Windows.SDK.NET, Version=10.0.17763.24, Culture=neutral, PublicKeyToken=31bf3856ad364e35".
                 Considered "dist\System.Formats.Asn1.dll",
         			but its name "System.Formats.Asn1"
         			didn't match the expected name "Microsoft.Windows.SDK.NET, Version=10.0.17763.24, Culture=neutral, PublicKeyToken=31bf3856ad364e35".
                 Considered "dist\System.Formats.Tar.dll",
         			but its name "System.Formats.Tar"
         			didn't match the expected name "Microsoft.Windows.SDK.NET, Version=10.0.17763.24, Culture=neutral, PublicKeyToken=31bf3856ad364e35".
                 Considered "dist\System.Globalization.Calendars.dll",
         			but its name "System.Globalization.Calendars"
         			didn't match the expected name "Microsoft.Windows.SDK.NET, Version=10.0.17763.24, Culture=neutral, PublicKeyToken=31bf3856ad364e35".
                 Considered "dist\System.Globalization.dll",
         			but its name "System.Globalization"
         			didn't match the expected name "Microsoft.Windows.SDK.NET, Version=10.0.17763.24, Culture=neutral, PublicKeyToken=31bf3856ad364e35".
                 Considered "dist\System.Globalization.Extensions.dll",
         			but its name "System.Globalization.Extensions"
         			didn't match the expected name "Microsoft.Windows.SDK.NET, Version=10.0.17763.24, Culture=neutral, PublicKeyToken=31bf3856ad364e35".
                 Considered "dist\System.IO.Compression.Brotli.dll",
         			but its name "System.IO.Compression.Brotli"
         			didn't match the expected name "Microsoft.Windows.SDK.NET, Version=10.0.17763.24, Culture=neutral, PublicKeyToken=31bf3856ad364e35".
                 Considered "dist\System.IO.Compression.dll",
         			but its name "System.IO.Compression"
         			didn't match the expected name "Microsoft.Windows.SDK.NET, Version=10.0.17763.24, Culture=neutral, PublicKeyToken=31bf3856ad364e35".
                 Considered "dist\System.IO.Compression.FileSystem.dll",
         			but its name "System.IO.Compression.FileSystem"
         			didn't match the expected name "Microsoft.Windows.SDK.NET, Version=10.0.17763.24, Culture=neutral, PublicKeyToken=31bf3856ad364e35".
                 Considered "dist\System.IO.Compression.Native.dll",
         			but its name "System.IO.Compression.Native"
         			didn't match the expected name "Microsoft.Windows.SDK.NET, Version=10.0.17763.24, Culture=neutral, PublicKeyToken=31bf3856ad364e35".
                 Considered "dist\System.IO.Compression.ZipFile.dll",
         			but its name "System.IO.Compression.ZipFile"
         			didn't match the expected name "Microsoft.Windows.SDK.NET, Version=10.0.17763.24, Culture=neutral, PublicKeyToken=31bf3856ad364e35".
                 Considered "dist\System.IO.dll",
         			but its name "System.IO"
         			didn't match the expected name "Microsoft.Windows.SDK.NET, Version=10.0.17763.24, Culture=neutral, PublicKeyToken=31bf3856ad364e35".
                 Considered "dist\System.IO.FileSystem.AccessControl.dll",
         			but its name "System.IO.FileSystem.AccessControl"
         			didn't match the expected name "Microsoft.Windows.SDK.NET, Version=10.0.17763.24, Culture=neutral, PublicKeyToken=31bf3856ad364e35".
                 Considered "dist\System.IO.FileSystem.dll",
         			but its name "System.IO.FileSystem"
         			didn't match the expected name "Microsoft.Windows.SDK.NET, Version=10.0.17763.24, Culture=neutral, PublicKeyToken=31bf3856ad364e35".
                 Considered "dist\System.IO.FileSystem.DriveInfo.dll",
         			but its name "System.IO.FileSystem.DriveInfo"
         			didn't match the expected name "Microsoft.Windows.SDK.NET, Version=10.0.17763.24, Culture=neutral, PublicKeyToken=31bf3856ad364e35".
                 Considered "dist\System.IO.FileSystem.Primitives.dll",
         			but its name "System.IO.FileSystem.Primitives"
         			didn't match the expected name "Microsoft.Windows.SDK.NET, Version=10.0.17763.24, Culture=neutral, PublicKeyToken=31bf3856ad364e35".
                 Considered "dist\System.IO.FileSystem.Watcher.dll",
         			but its name "System.IO.FileSystem.Watcher"
         			didn't match the expected name "Microsoft.Windows.SDK.NET, Version=10.0.17763.24, Culture=neutral, PublicKeyToken=31bf3856ad364e35".
                 Considered "dist\System.IO.IsolatedStorage.dll",
         			but its name "System.IO.IsolatedStorage"
         			didn't match the expected name "Microsoft.Windows.SDK.NET, Version=10.0.17763.24, Culture=neutral, PublicKeyToken=31bf3856ad364e35".
                 Considered "dist\System.IO.MemoryMappedFiles.dll",
         			but its name "System.IO.MemoryMappedFiles"
         			didn't match the expected name "Microsoft.Windows.SDK.NET, Version=10.0.17763.24, Culture=neutral, PublicKeyToken=31bf3856ad364e35".
                 Considered "dist\System.IO.Packaging.dll",
         			but its name "System.IO.Packaging"
         			didn't match the expected name "Microsoft.Windows.SDK.NET, Version=10.0.17763.24, Culture=neutral, PublicKeyToken=31bf3856ad364e35".
                 Considered "dist\System.IO.Pipes.AccessControl.dll",
         			but its name "System.IO.Pipes.AccessControl"
         			didn't match the expected name "Microsoft.Windows.SDK.NET, Version=10.0.17763.24, Culture=neutral, PublicKeyToken=31bf3856ad364e35".
                 Considered "dist\System.IO.Pipes.dll",
         			but its name "System.IO.Pipes"
         			didn't match the expected name "Microsoft.Windows.SDK.NET, Version=10.0.17763.24, Culture=neutral, PublicKeyToken=31bf3856ad364e35".
                 Considered "dist\System.IO.UnmanagedMemoryStream.dll",
         			but its name "System.IO.UnmanagedMemoryStream"
         			didn't match the expected name "Microsoft.Windows.SDK.NET, Version=10.0.17763.24, Culture=neutral, PublicKeyToken=31bf3856ad364e35".
                 Considered "dist\System.Linq.dll",
         			but its name "System.Linq"
         			didn't match the expected name "Microsoft.Windows.SDK.NET, Version=10.0.17763.24, Culture=neutral, PublicKeyToken=31bf3856ad364e35".
                 Considered "dist\System.Linq.Expressions.dll",
         			but its name "System.Linq.Expressions"
         			didn't match the expected name "Microsoft.Windows.SDK.NET, Version=10.0.17763.24, Culture=neutral, PublicKeyToken=31bf3856ad364e35".
                 Considered "dist\System.Linq.Parallel.dll",
         			but its name "System.Linq.Parallel"
         			didn't match the expected name "Microsoft.Windows.SDK.NET, Version=10.0.17763.24, Culture=neutral, PublicKeyToken=31bf3856ad364e35".
                 Considered "dist\System.Linq.Queryable.dll",
         			but its name "System.Linq.Queryable"
         			didn't match the expected name "Microsoft.Windows.SDK.NET, Version=10.0.17763.24, Culture=neutral, PublicKeyToken=31bf3856ad364e35".
                 Considered "dist\System.Memory.dll",
         			but its name "System.Memory"
         			didn't match the expected name "Microsoft.Windows.SDK.NET, Version=10.0.17763.24, Culture=neutral, PublicKeyToken=31bf3856ad364e35".
                 Considered "dist\System.Net.dll",
         			but its name "System.Net"
         			didn't match the expected name "Microsoft.Windows.SDK.NET, Version=10.0.17763.24, Culture=neutral, PublicKeyToken=31bf3856ad364e35".
                 Considered "dist\System.Net.Http.dll",
         			but its name "System.Net.Http"
         			didn't match the expected name "Microsoft.Windows.SDK.NET, Version=10.0.17763.24, Culture=neutral, PublicKeyToken=31bf3856ad364e35".
                 Considered "dist\System.Net.Http.Json.dll",
         			but its name "System.Net.Http.Json"
         			didn't match the expected name "Microsoft.Windows.SDK.NET, Version=10.0.17763.24, Culture=neutral, PublicKeyToken=31bf3856ad364e35".
                 Considered "dist\System.Net.HttpListener.dll",
         			but its name "System.Net.HttpListener"
         			didn't match the expected name "Microsoft.Windows.SDK.NET, Version=10.0.17763.24, Culture=neutral, PublicKeyToken=31bf3856ad364e35".
                 Considered "dist\System.Net.Mail.dll",
         			but its name "System.Net.Mail"
         			didn't match the expected name "Microsoft.Windows.SDK.NET, Version=10.0.17763.24, Culture=neutral, PublicKeyToken=31bf3856ad364e35".
                 Considered "dist\System.Net.NameResolution.dll",
         			but its name "System.Net.NameResolution"
         			didn't match the expected name "Microsoft.Windows.SDK.NET, Version=10.0.17763.24, Culture=neutral, PublicKeyToken=31bf3856ad364e35".
                 Considered "dist\System.Net.NetworkInformation.dll",
         			but its name "System.Net.NetworkInformation"
         			didn't match the expected name "Microsoft.Windows.SDK.NET, Version=10.0.17763.24, Culture=neutral, PublicKeyToken=31bf3856ad364e35".
                 Considered "dist\System.Net.Ping.dll",
         			but its name "System.Net.Ping"
         			didn't match the expected name "Microsoft.Windows.SDK.NET, Version=10.0.17763.24, Culture=neutral, PublicKeyToken=31bf3856ad364e35".
                 Considered "dist\System.Net.Primitives.dll",
         			but its name "System.Net.Primitives"
         			didn't match the expected name "Microsoft.Windows.SDK.NET, Version=10.0.17763.24, Culture=neutral, PublicKeyToken=31bf3856ad364e35".
                 Considered "dist\System.Net.Quic.dll",
         			but its name "System.Net.Quic"
         			didn't match the expected name "Microsoft.Windows.SDK.NET, Version=10.0.17763.24, Culture=neutral, PublicKeyToken=31bf3856ad364e35".
                 Considered "dist\System.Net.Requests.dll",
         			but its name "System.Net.Requests"
         			didn't match the expected name "Microsoft.Windows.SDK.NET, Version=10.0.17763.24, Culture=neutral, PublicKeyToken=31bf3856ad364e35".
                 Considered "dist\System.Net.Security.dll",
         			but its name "System.Net.Security"
         			didn't match the expected name "Microsoft.Windows.SDK.NET, Version=10.0.17763.24, Culture=neutral, PublicKeyToken=31bf3856ad364e35".
                 Considered "dist\System.Net.ServicePoint.dll",
         			but its name "System.Net.ServicePoint"
         			didn't match the expected name "Microsoft.Windows.SDK.NET, Version=10.0.17763.24, Culture=neutral, PublicKeyToken=31bf3856ad364e35".
                 Considered "dist\System.Net.Sockets.dll",
         			but its name "System.Net.Sockets"
         			didn't match the expected name "Microsoft.Windows.SDK.NET, Version=10.0.17763.24, Culture=neutral, PublicKeyToken=31bf3856ad364e35".
                 Considered "dist\System.Net.WebClient.dll",
         			but its name "System.Net.WebClient"
         			didn't match the expected name "Microsoft.Windows.SDK.NET, Version=10.0.17763.24, Culture=neutral, PublicKeyToken=31bf3856ad364e35".
                 Considered "dist\System.Net.WebHeaderCollection.dll",
         			but its name "System.Net.WebHeaderCollection"
         			didn't match the expected name "Microsoft.Windows.SDK.NET, Version=10.0.17763.24, Culture=neutral, PublicKeyToken=31bf3856ad364e35".
                 Considered "dist\System.Net.WebProxy.dll",
         			but its name "System.Net.WebProxy"
         			didn't match the expected name "Microsoft.Windows.SDK.NET, Version=10.0.17763.24, Culture=neutral, PublicKeyToken=31bf3856ad364e35".
                 Considered "dist\System.Net.WebSockets.Client.dll",
         			but its name "System.Net.WebSockets.Client"
         			didn't match the expected name "Microsoft.Windows.SDK.NET, Version=10.0.17763.24, Culture=neutral, PublicKeyToken=31bf3856ad364e35".
                 Considered "dist\System.Net.WebSockets.dll",
         			but its name "System.Net.WebSockets"
         			didn't match the expected name "Microsoft.Windows.SDK.NET, Version=10.0.17763.24, Culture=neutral, PublicKeyToken=31bf3856ad364e35".
                 Considered "dist\System.Numerics.dll",
         			but its name "System.Numerics"
         			didn't match the expected name "Microsoft.Windows.SDK.NET, Version=10.0.17763.24, Culture=neutral, PublicKeyToken=31bf3856ad364e35".
                 Considered "dist\System.Numerics.Vectors.dll",
         			but its name "System.Numerics.Vectors"
         			didn't match the expected name "Microsoft.Windows.SDK.NET, Version=10.0.17763.24, Culture=neutral, PublicKeyToken=31bf3856ad364e35".
                 Considered "dist\System.ObjectModel.dll",
         			but its name "System.ObjectModel"
         			didn't match the expected name "Microsoft.Windows.SDK.NET, Version=10.0.17763.24, Culture=neutral, PublicKeyToken=31bf3856ad364e35".
                 Considered "dist\System.Printing.dll",
         			but its name "System.Printing"
         			didn't match the expected name "Microsoft.Windows.SDK.NET, Version=10.0.17763.24, Culture=neutral, PublicKeyToken=31bf3856ad364e35".
                 Considered "dist\System.Private.CoreLib.dll",
         			but its name "System.Private.CoreLib"
         			didn't match the expected name "Microsoft.Windows.SDK.NET, Version=10.0.17763.24, Culture=neutral, PublicKeyToken=31bf3856ad364e35".
                 Considered "dist\System.Private.DataContractSerialization.dll",
         			but its name "System.Private.DataContractSerialization"
         			didn't match the expected name "Microsoft.Windows.SDK.NET, Version=10.0.17763.24, Culture=neutral, PublicKeyToken=31bf3856ad364e35".
                 Considered "dist\System.Private.Uri.dll",
         			but its name "System.Private.Uri"
         			didn't match the expected name "Microsoft.Windows.SDK.NET, Version=10.0.17763.24, Culture=neutral, PublicKeyToken=31bf3856ad364e35".
                 Considered "dist\System.Private.Xml.dll",
         			but its name "System.Private.Xml"
         			didn't match the expected name "Microsoft.Windows.SDK.NET, Version=10.0.17763.24, Culture=neutral, PublicKeyToken=31bf3856ad364e35".
                 Considered "dist\System.Private.Xml.Linq.dll",
         			but its name "System.Private.Xml.Linq"
         			didn't match the expected name "Microsoft.Windows.SDK.NET, Version=10.0.17763.24, Culture=neutral, PublicKeyToken=31bf3856ad364e35".
                 Considered "dist\System.Reflection.DispatchProxy.dll",
         			but its name "System.Reflection.DispatchProxy"
         			didn't match the expected name "Microsoft.Windows.SDK.NET, Version=10.0.17763.24, Culture=neutral, PublicKeyToken=31bf3856ad364e35".
                 Considered "dist\System.Reflection.dll",
         			but its name "System.Reflection"
         			didn't match the expected name "Microsoft.Windows.SDK.NET, Version=10.0.17763.24, Culture=neutral, PublicKeyToken=31bf3856ad364e35".
                 Considered "dist\System.Reflection.Emit.dll",
         			but its name "System.Reflection.Emit"
         			didn't match the expected name "Microsoft.Windows.SDK.NET, Version=10.0.17763.24, Culture=neutral, PublicKeyToken=31bf3856ad364e35".
                 Considered "dist\System.Reflection.Emit.ILGeneration.dll",
         			but its name "System.Reflection.Emit.ILGeneration"
         			didn't match the expected name "Microsoft.Windows.SDK.NET, Version=10.0.17763.24, Culture=neutral, PublicKeyToken=31bf3856ad364e35".
                 Considered "dist\System.Reflection.Emit.Lightweight.dll",
         			but its name "System.Reflection.Emit.Lightweight"
         			didn't match the expected name "Microsoft.Windows.SDK.NET, Version=10.0.17763.24, Culture=neutral, PublicKeyToken=31bf3856ad364e35".
                 Considered "dist\System.Reflection.Extensions.dll",
         			but its name "System.Reflection.Extensions"
         			didn't match the expected name "Microsoft.Windows.SDK.NET, Version=10.0.17763.24, Culture=neutral, PublicKeyToken=31bf3856ad364e35".
                 Considered "dist\System.Reflection.Metadata.dll",
         			but its name "System.Reflection.Metadata"
         			didn't match the expected name "Microsoft.Windows.SDK.NET, Version=10.0.17763.24, Culture=neutral, PublicKeyToken=31bf3856ad364e35".
                 Considered "dist\System.Reflection.Primitives.dll",
         			but its name "System.Reflection.Primitives"
         			didn't match the expected name "Microsoft.Windows.SDK.NET, Version=10.0.17763.24, Culture=neutral, PublicKeyToken=31bf3856ad364e35".
                 Considered "dist\System.Reflection.TypeExtensions.dll",
         			but its name "System.Reflection.TypeExtensions"
         			didn't match the expected name "Microsoft.Windows.SDK.NET, Version=10.0.17763.24, Culture=neutral, PublicKeyToken=31bf3856ad364e35".
                 Considered "dist\System.Resources.Extensions.dll",
         			but its name "System.Resources.Extensions"
         			didn't match the expected name "Microsoft.Windows.SDK.NET, Version=10.0.17763.24, Culture=neutral, PublicKeyToken=31bf3856ad364e35".
                 Considered "dist\System.Resources.Reader.dll",
         			but its name "System.Resources.Reader"
         			didn't match the expected name "Microsoft.Windows.SDK.NET, Version=10.0.17763.24, Culture=neutral, PublicKeyToken=31bf3856ad364e35".
                 Considered "dist\System.Resources.ResourceManager.dll",
         			but its name "System.Resources.ResourceManager"
         			didn't match the expected name "Microsoft.Windows.SDK.NET, Version=10.0.17763.24, Culture=neutral, PublicKeyToken=31bf3856ad364e35".
                 Considered "dist\System.Resources.Writer.dll",
         			but its name "System.Resources.Writer"
         			didn't match the expected name "Microsoft.Windows.SDK.NET, Version=10.0.17763.24, Culture=neutral, PublicKeyToken=31bf3856ad364e35".
                 Considered "dist\System.Runtime.CompilerServices.Unsafe.dll",
         			but its name "System.Runtime.CompilerServices.Unsafe"
         			didn't match the expected name "Microsoft.Windows.SDK.NET, Version=10.0.17763.24, Culture=neutral, PublicKeyToken=31bf3856ad364e35".
                 Considered "dist\System.Runtime.CompilerServices.VisualC.dll",
         			but its name "System.Runtime.CompilerServices.VisualC"
         			didn't match the expected name "Microsoft.Windows.SDK.NET, Version=10.0.17763.24, Culture=neutral, PublicKeyToken=31bf3856ad364e35".
                 Considered "dist\System.Runtime.dll",
         			but its name "System.Runtime"
         			didn't match the expected name "Microsoft.Windows.SDK.NET, Version=10.0.17763.24, Culture=neutral, PublicKeyToken=31bf3856ad364e35".
                 Considered "dist\System.Runtime.Extensions.dll",
         			but its name "System.Runtime.Extensions"
         			didn't match the expected name "Microsoft.Windows.SDK.NET, Version=10.0.17763.24, Culture=neutral, PublicKeyToken=31bf3856ad364e35".
                 Considered "dist\System.Runtime.Handles.dll",
         			but its name "System.Runtime.Handles"
         			didn't match the expected name "Microsoft.Windows.SDK.NET, Version=10.0.17763.24, Culture=neutral, PublicKeyToken=31bf3856ad364e35".
                 Considered "dist\System.Runtime.InteropServices.dll",
         			but its name "System.Runtime.InteropServices"
         			didn't match the expected name "Microsoft.Windows.SDK.NET, Version=10.0.17763.24, Culture=neutral, PublicKeyToken=31bf3856ad364e35".
                 Considered "dist\System.Runtime.InteropServices.JavaScript.dll",
         			but its name "System.Runtime.InteropServices.JavaScript"
         			didn't match the expected name "Microsoft.Windows.SDK.NET, Version=10.0.17763.24, Culture=neutral, PublicKeyToken=31bf3856ad364e35".
                 Considered "dist\System.Runtime.InteropServices.RuntimeInformation.dll",
         			but its name "System.Runtime.InteropServices.RuntimeInformation"
         			didn't match the expected name "Microsoft.Windows.SDK.NET, Version=10.0.17763.24, Culture=neutral, PublicKeyToken=31bf3856ad364e35".
                 Considered "dist\System.Runtime.Intrinsics.dll",
         			but its name "System.Runtime.Intrinsics"
         			didn't match the expected name "Microsoft.Windows.SDK.NET, Version=10.0.17763.24, Culture=neutral, PublicKeyToken=31bf3856ad364e35".
                 Considered "dist\System.Runtime.Loader.dll",
         			but its name "System.Runtime.Loader"
         			didn't match the expected name "Microsoft.Windows.SDK.NET, Version=10.0.17763.24, Culture=neutral, PublicKeyToken=31bf3856ad364e35".
                 Considered "dist\System.Runtime.Numerics.dll",
         			but its name "System.Runtime.Numerics"
         			didn't match the expected name "Microsoft.Windows.SDK.NET, Version=10.0.17763.24, Culture=neutral, PublicKeyToken=31bf3856ad364e35".
                 Considered "dist\System.Runtime.Serialization.dll",
         			but its name "System.Runtime.Serialization"
         			didn't match the expected name "Microsoft.Windows.SDK.NET, Version=10.0.17763.24, Culture=neutral, PublicKeyToken=31bf3856ad364e35".
                 Considered "dist\System.Runtime.Serialization.Formatters.dll",
         			but its name "System.Runtime.Serialization.Formatters"
         			didn't match the expected name "Microsoft.Windows.SDK.NET, Version=10.0.17763.24, Culture=neutral, PublicKeyToken=31bf3856ad364e35".
                 Considered "dist\System.Runtime.Serialization.Json.dll",
         			but its name "System.Runtime.Serialization.Json"
         			didn't match the expected name "Microsoft.Windows.SDK.NET, Version=10.0.17763.24, Culture=neutral, PublicKeyToken=31bf3856ad364e35".
                 Considered "dist\System.Runtime.Serialization.Primitives.dll",
         			but its name "System.Runtime.Serialization.Primitives"
         			didn't match the expected name "Microsoft.Windows.SDK.NET, Version=10.0.17763.24, Culture=neutral, PublicKeyToken=31bf3856ad364e35".
                 Considered "dist\System.Runtime.Serialization.Xml.dll",
         			but its name "System.Runtime.Serialization.Xml"
         			didn't match the expected name "Microsoft.Windows.SDK.NET, Version=10.0.17763.24, Culture=neutral, PublicKeyToken=31bf3856ad364e35".
                 Considered "dist\System.Security.AccessControl.dll",
         			but its name "System.Security.AccessControl"
         			didn't match the expected name "Microsoft.Windows.SDK.NET, Version=10.0.17763.24, Culture=neutral, PublicKeyToken=31bf3856ad364e35".
                 Considered "dist\System.Security.Claims.dll",
         			but its name "System.Security.Claims"
         			didn't match the expected name "Microsoft.Windows.SDK.NET, Version=10.0.17763.24, Culture=neutral, PublicKeyToken=31bf3856ad364e35".
                 Considered "dist\System.Security.Cryptography.Algorithms.dll",
         			but its name "System.Security.Cryptography.Algorithms"
         			didn't match the expected name "Microsoft.Windows.SDK.NET, Version=10.0.17763.24, Culture=neutral, PublicKeyToken=31bf3856ad364e35".
                 Considered "dist\System.Security.Cryptography.Cng.dll",
         			but its name "System.Security.Cryptography.Cng"
         			didn't match the expected name "Microsoft.Windows.SDK.NET, Version=10.0.17763.24, Culture=neutral, PublicKeyToken=31bf3856ad364e35".
                 Considered "dist\System.Security.Cryptography.Csp.dll",
         			but its name "System.Security.Cryptography.Csp"
         			didn't match the expected name "Microsoft.Windows.SDK.NET, Version=10.0.17763.24, Culture=neutral, PublicKeyToken=31bf3856ad364e35".
                 Considered "dist\System.Security.Cryptography.dll",
         			but its name "System.Security.Cryptography"
         			didn't match the expected name "Microsoft.Windows.SDK.NET, Version=10.0.17763.24, Culture=neutral, PublicKeyToken=31bf3856ad364e35".
                 Considered "dist\System.Security.Cryptography.Encoding.dll",
         			but its name "System.Security.Cryptography.Encoding"
         			didn't match the expected name "Microsoft.Windows.SDK.NET, Version=10.0.17763.24, Culture=neutral, PublicKeyToken=31bf3856ad364e35".
                 Considered "dist\System.Security.Cryptography.OpenSsl.dll",
         			but its name "System.Security.Cryptography.OpenSsl"
         			didn't match the expected name "Microsoft.Windows.SDK.NET, Version=10.0.17763.24, Culture=neutral, PublicKeyToken=31bf3856ad364e35".
                 Considered "dist\System.Security.Cryptography.Pkcs.dll",
         			but its name "System.Security.Cryptography.Pkcs"
         			didn't match the expected name "Microsoft.Windows.SDK.NET, Version=10.0.17763.24, Culture=neutral, PublicKeyToken=31bf3856ad364e35".
                 Considered "dist\System.Security.Cryptography.Primitives.dll",
         			but its name "System.Security.Cryptography.Primitives"
         			didn't match the expected name "Microsoft.Windows.SDK.NET, Version=10.0.17763.24, Culture=neutral, PublicKeyToken=31bf3856ad364e35".
                 Considered "dist\System.Security.Cryptography.ProtectedData.dll",
         			but its name "System.Security.Cryptography.ProtectedData"
         			didn't match the expected name "Microsoft.Windows.SDK.NET, Version=10.0.17763.24, Culture=neutral, PublicKeyToken=31bf3856ad364e35".
                 Considered "dist\System.Security.Cryptography.X509Certificates.dll",
         			but its name "System.Security.Cryptography.X509Certificates"
         			didn't match the expected name "Microsoft.Windows.SDK.NET, Version=10.0.17763.24, Culture=neutral, PublicKeyToken=31bf3856ad364e35".
                 Considered "dist\System.Security.Cryptography.Xml.dll",
         			but its name "System.Security.Cryptography.Xml"
         			didn't match the expected name "Microsoft.Windows.SDK.NET, Version=10.0.17763.24, Culture=neutral, PublicKeyToken=31bf3856ad364e35".
                 Considered "dist\System.Security.dll",
         			but its name "System.Security"
         			didn't match the expected name "Microsoft.Windows.SDK.NET, Version=10.0.17763.24, Culture=neutral, PublicKeyToken=31bf3856ad364e35".
                 Considered "dist\System.Security.Permissions.dll",
         			but its name "System.Security.Permissions"
         			didn't match the expected name "Microsoft.Windows.SDK.NET, Version=10.0.17763.24, Culture=neutral, PublicKeyToken=31bf3856ad364e35".
                 Considered "dist\System.Security.Principal.dll",
         			but its name "System.Security.Principal"
         			didn't match the expected name "Microsoft.Windows.SDK.NET, Version=10.0.17763.24, Culture=neutral, PublicKeyToken=31bf3856ad364e35".
                 Considered "dist\System.Security.Principal.Windows.dll",
         			but its name "System.Security.Principal.Windows"
         			didn't match the expected name "Microsoft.Windows.SDK.NET, Version=10.0.17763.24, Culture=neutral, PublicKeyToken=31bf3856ad364e35".
                 Considered "dist\System.Security.SecureString.dll",
         			but its name "System.Security.SecureString"
         			didn't match the expected name "Microsoft.Windows.SDK.NET, Version=10.0.17763.24, Culture=neutral, PublicKeyToken=31bf3856ad364e35".
                 Considered "dist\System.ServiceModel.Web.dll",
         			but its name "System.ServiceModel.Web"
         			didn't match the expected name "Microsoft.Windows.SDK.NET, Version=10.0.17763.24, Culture=neutral, PublicKeyToken=31bf3856ad364e35".
                 Considered "dist\System.ServiceProcess.dll",
         			but its name "System.ServiceProcess"
         			didn't match the expected name "Microsoft.Windows.SDK.NET, Version=10.0.17763.24, Culture=neutral, PublicKeyToken=31bf3856ad364e35".
                 Considered "dist\System.Text.Encoding.CodePages.dll",
         			but its name "System.Text.Encoding.CodePages"
         			didn't match the expected name "Microsoft.Windows.SDK.NET, Version=10.0.17763.24, Culture=neutral, PublicKeyToken=31bf3856ad364e35".
                 Considered "dist\System.Text.Encoding.dll",
         			but its name "System.Text.Encoding"
         			didn't match the expected name "Microsoft.Windows.SDK.NET, Version=10.0.17763.24, Culture=neutral, PublicKeyToken=31bf3856ad364e35".
                 Considered "dist\System.Text.Encoding.Extensions.dll",
         			but its name "System.Text.Encoding.Extensions"
         			didn't match the expected name "Microsoft.Windows.SDK.NET, Version=10.0.17763.24, Culture=neutral, PublicKeyToken=31bf3856ad364e35".
                 Considered "dist\System.Text.Encodings.Web.dll",
         			but its name "System.Text.Encodings.Web"
         			didn't match the expected name "Microsoft.Windows.SDK.NET, Version=10.0.17763.24, Culture=neutral, PublicKeyToken=31bf3856ad364e35".
                 Considered "dist\System.Text.Json.dll",
         			but its name "System.Text.Json"
         			didn't match the expected name "Microsoft.Windows.SDK.NET, Version=10.0.17763.24, Culture=neutral, PublicKeyToken=31bf3856ad364e35".
                 Considered "dist\System.Text.RegularExpressions.dll",
         			but its name "System.Text.RegularExpressions"
         			didn't match the expected name "Microsoft.Windows.SDK.NET, Version=10.0.17763.24, Culture=neutral, PublicKeyToken=31bf3856ad364e35".
                 Considered "dist\System.Threading.AccessControl.dll",
         			but its name "System.Threading.AccessControl"
         			didn't match the expected name "Microsoft.Windows.SDK.NET, Version=10.0.17763.24, Culture=neutral, PublicKeyToken=31bf3856ad364e35".
                 Considered "dist\System.Threading.Channels.dll",
         			but its name "System.Threading.Channels"
         			didn't match the expected name "Microsoft.Windows.SDK.NET, Version=10.0.17763.24, Culture=neutral, PublicKeyToken=31bf3856ad364e35".
                 Considered "dist\System.Threading.dll",
         			but its name "System.Threading"
         			didn't match the expected name "Microsoft.Windows.SDK.NET, Version=10.0.17763.24, Culture=neutral, PublicKeyToken=31bf3856ad364e35".
                 Considered "dist\System.Threading.Overlapped.dll",
         			but its name "System.Threading.Overlapped"
         			didn't match the expected name "Microsoft.Windows.SDK.NET, Version=10.0.17763.24, Culture=neutral, PublicKeyToken=31bf3856ad364e35".
                 Considered "dist\System.Threading.Tasks.Dataflow.dll",
         			but its name "System.Threading.Tasks.Dataflow"
         			didn't match the expected name "Microsoft.Windows.SDK.NET, Version=10.0.17763.24, Culture=neutral, PublicKeyToken=31bf3856ad364e35".
                 Considered "dist\System.Threading.Tasks.dll",
         			but its name "System.Threading.Tasks"
         			didn't match the expected name "Microsoft.Windows.SDK.NET, Version=10.0.17763.24, Culture=neutral, PublicKeyToken=31bf3856ad364e35".
                 Considered "dist\System.Threading.Tasks.Extensions.dll",
         			but its name "System.Threading.Tasks.Extensions"
         			didn't match the expected name "Microsoft.Windows.SDK.NET, Version=10.0.17763.24, Culture=neutral, PublicKeyToken=31bf3856ad364e35".
                 Considered "dist\System.Threading.Tasks.Parallel.dll",
         			but its name "System.Threading.Tasks.Parallel"
         			didn't match the expected name "Microsoft.Windows.SDK.NET, Version=10.0.17763.24, Culture=neutral, PublicKeyToken=31bf3856ad364e35".
                 Considered "dist\System.Threading.Thread.dll",
         			but its name "System.Threading.Thread"
         			didn't match the expected name "Microsoft.Windows.SDK.NET, Version=10.0.17763.24, Culture=neutral, PublicKeyToken=31bf3856ad364e35".
                 Considered "dist\System.Threading.ThreadPool.dll",
         			but its name "System.Threading.ThreadPool"
         			didn't match the expected name "Microsoft.Windows.SDK.NET, Version=10.0.17763.24, Culture=neutral, PublicKeyToken=31bf3856ad364e35".
                 Considered "dist\System.Threading.Timer.dll",
         			but its name "System.Threading.Timer"
         			didn't match the expected name "Microsoft.Windows.SDK.NET, Version=10.0.17763.24, Culture=neutral, PublicKeyToken=31bf3856ad364e35".
                 Considered "dist\System.Transactions.dll",
         			but its name "System.Transactions"
         			didn't match the expected name "Microsoft.Windows.SDK.NET, Version=10.0.17763.24, Culture=neutral, PublicKeyToken=31bf3856ad364e35".
                 Considered "dist\System.Transactions.Local.dll",
         			but its name "System.Transactions.Local"
         			didn't match the expected name "Microsoft.Windows.SDK.NET, Version=10.0.17763.24, Culture=neutral, PublicKeyToken=31bf3856ad364e35".
                 Considered "dist\System.ValueTuple.dll",
         			but its name "System.ValueTuple"
         			didn't match the expected name "Microsoft.Windows.SDK.NET, Version=10.0.17763.24, Culture=neutral, PublicKeyToken=31bf3856ad364e35".
                 Considered "dist\System.Web.dll",
         			but its name "System.Web"
         			didn't match the expected name "Microsoft.Windows.SDK.NET, Version=10.0.17763.24, Culture=neutral, PublicKeyToken=31bf3856ad364e35".
                 Considered "dist\System.Web.HttpUtility.dll",
         			but its name "System.Web.HttpUtility"
         			didn't match the expected name "Microsoft.Windows.SDK.NET, Version=10.0.17763.24, Culture=neutral, PublicKeyToken=31bf3856ad364e35".
                 Considered "dist\System.Windows.Controls.Ribbon.dll",
         			but its name "System.Windows.Controls.Ribbon"
         			didn't match the expected name "Microsoft.Windows.SDK.NET, Version=10.0.17763.24, Culture=neutral, PublicKeyToken=31bf3856ad364e35".
                 Considered "dist\System.Windows.dll",
         			but its name "System.Windows"
         			didn't match the expected name "Microsoft.Windows.SDK.NET, Version=10.0.17763.24, Culture=neutral, PublicKeyToken=31bf3856ad364e35".
                 Considered "dist\System.Windows.Extensions.dll",
         			but its name "System.Windows.Extensions"
         			didn't match the expected name "Microsoft.Windows.SDK.NET, Version=10.0.17763.24, Culture=neutral, PublicKeyToken=31bf3856ad364e35".
                 Considered "dist\System.Windows.Forms.Design.dll",
         			but its name "System.Windows.Forms.Design"
         			didn't match the expected name "Microsoft.Windows.SDK.NET, Version=10.0.17763.24, Culture=neutral, PublicKeyToken=31bf3856ad364e35".
                 Considered "dist\System.Windows.Forms.Design.Editors.dll",
         			but its name "System.Windows.Forms.Design.Editors"
         			didn't match the expected name "Microsoft.Windows.SDK.NET, Version=10.0.17763.24, Culture=neutral, PublicKeyToken=31bf3856ad364e35".
                 Considered "dist\System.Windows.Forms.dll",
         			but its name "System.Windows.Forms"
         			didn't match the expected name "Microsoft.Windows.SDK.NET, Version=10.0.17763.24, Culture=neutral, PublicKeyToken=31bf3856ad364e35".
                 Considered "dist\System.Windows.Forms.Primitives.dll",
         			but its name "System.Windows.Forms.Primitives"
         			didn't match the expected name "Microsoft.Windows.SDK.NET, Version=10.0.17763.24, Culture=neutral, PublicKeyToken=31bf3856ad364e35".
                 Considered "dist\System.Windows.Input.Manipulations.dll",
         			but its name "System.Windows.Input.Manipulations"
         			didn't match the expected name "Microsoft.Windows.SDK.NET, Version=10.0.17763.24, Culture=neutral, PublicKeyToken=31bf3856ad364e35".
                 Considered "dist\System.Windows.Presentation.dll",
         			but its name "System.Windows.Presentation"
         			didn't match the expected name "Microsoft.Windows.SDK.NET, Version=10.0.17763.24, Culture=neutral, PublicKeyToken=31bf3856ad364e35".
                 Considered "dist\System.Xaml.dll",
         			but its name "System.Xaml"
         			didn't match the expected name "Microsoft.Windows.SDK.NET, Version=10.0.17763.24, Culture=neutral, PublicKeyToken=31bf3856ad364e35".
                 Considered "dist\System.Xml.dll",
         			but its name "System.Xml"
         			didn't match the expected name "Microsoft.Windows.SDK.NET, Version=10.0.17763.24, Culture=neutral, PublicKeyToken=31bf3856ad364e35".
                 Considered "dist\System.Xml.Linq.dll",
         			but its name "System.Xml.Linq"
         			didn't match the expected name "Microsoft.Windows.SDK.NET, Version=10.0.17763.24, Culture=neutral, PublicKeyToken=31bf3856ad364e35".
                 Considered "dist\System.Xml.ReaderWriter.dll",
         			but its name "System.Xml.ReaderWriter"
         			didn't match the expected name "Microsoft.Windows.SDK.NET, Version=10.0.17763.24, Culture=neutral, PublicKeyToken=31bf3856ad364e35".
                 Considered "dist\System.Xml.Serialization.dll",
         			but its name "System.Xml.Serialization"
         			didn't match the expected name "Microsoft.Windows.SDK.NET, Version=10.0.17763.24, Culture=neutral, PublicKeyToken=31bf3856ad364e35".
                 Considered "dist\System.Xml.XDocument.dll",
         			but its name "System.Xml.XDocument"
         			didn't match the expected name "Microsoft.Windows.SDK.NET, Version=10.0.17763.24, Culture=neutral, PublicKeyToken=31bf3856ad364e35".
                 Considered "dist\System.Xml.XmlDocument.dll",
         			but its name "System.Xml.XmlDocument"
         			didn't match the expected name "Microsoft.Windows.SDK.NET, Version=10.0.17763.24, Culture=neutral, PublicKeyToken=31bf3856ad364e35".
                 Considered "dist\System.Xml.XmlSerializer.dll",
         			but its name "System.Xml.XmlSerializer"
         			didn't match the expected name "Microsoft.Windows.SDK.NET, Version=10.0.17763.24, Culture=neutral, PublicKeyToken=31bf3856ad364e35".
                 Considered "dist\System.Xml.XPath.dll",
         			but its name "System.Xml.XPath"
         			didn't match the expected name "Microsoft.Windows.SDK.NET, Version=10.0.17763.24, Culture=neutral, PublicKeyToken=31bf3856ad364e35".
                 Considered "dist\System.Xml.XPath.XDocument.dll",
         			but its name "System.Xml.XPath.XDocument"
         			didn't match the expected name "Microsoft.Windows.SDK.NET, Version=10.0.17763.24, Culture=neutral, PublicKeyToken=31bf3856ad364e35".
                 Considered "dist\tr\Microsoft.VisualBasic.Forms.resources.dll",
         			but its name "Microsoft.VisualBasic.Forms.resources"
         			didn't match the expected name "Microsoft.Windows.SDK.NET, Version=10.0.17763.24, Culture=neutral, PublicKeyToken=31bf3856ad364e35".
                 Considered "dist\tr\PresentationCore.resources.dll",
         			but its name "PresentationCore.resources"
         			didn't match the expected name "Microsoft.Windows.SDK.NET, Version=10.0.17763.24, Culture=neutral, PublicKeyToken=31bf3856ad364e35".
                 Considered "dist\tr\PresentationFramework.resources.dll",
         			but its name "PresentationFramework.resources"
         			didn't match the expected name "Microsoft.Windows.SDK.NET, Version=10.0.17763.24, Culture=neutral, PublicKeyToken=31bf3856ad364e35".
                 Considered "dist\tr\PresentationUI.resources.dll",
         			but its name "PresentationUI.resources"
         			didn't match the expected name "Microsoft.Windows.SDK.NET, Version=10.0.17763.24, Culture=neutral, PublicKeyToken=31bf3856ad364e35".
                 Considered "dist\tr\ReachFramework.resources.dll",
         			but its name "ReachFramework.resources"
         			didn't match the expected name "Microsoft.Windows.SDK.NET, Version=10.0.17763.24, Culture=neutral, PublicKeyToken=31bf3856ad364e35".
                 Considered "dist\tr\System.Windows.Controls.Ribbon.resources.dll",
         			but its name "System.Windows.Controls.Ribbon.resources"
         			didn't match the expected name "Microsoft.Windows.SDK.NET, Version=10.0.17763.24, Culture=neutral, PublicKeyToken=31bf3856ad364e35".
                 Considered "dist\tr\System.Windows.Forms.Design.resources.dll",
         			but its name "System.Windows.Forms.Design.resources"
         			didn't match the expected name "Microsoft.Windows.SDK.NET, Version=10.0.17763.24, Culture=neutral, PublicKeyToken=31bf3856ad364e35".
                 Considered "dist\tr\System.Windows.Forms.Primitives.resources.dll",
         			but its name "System.Windows.Forms.Primitives.resources"
         			didn't match the expected name "Microsoft.Windows.SDK.NET, Version=10.0.17763.24, Culture=neutral, PublicKeyToken=31bf3856ad364e35".
                 Considered "dist\tr\System.Windows.Forms.resources.dll",
         			but its name "System.Windows.Forms.resources"
         			didn't match the expected name "Microsoft.Windows.SDK.NET, Version=10.0.17763.24, Culture=neutral, PublicKeyToken=31bf3856ad364e35".
                 Considered "dist\tr\System.Windows.Input.Manipulations.resources.dll",
         			but its name "System.Windows.Input.Manipulations.resources"
         			didn't match the expected name "Microsoft.Windows.SDK.NET, Version=10.0.17763.24, Culture=neutral, PublicKeyToken=31bf3856ad364e35".
                 Considered "dist\tr\System.Xaml.resources.dll",
         			but its name "System.Xaml.resources"
         			didn't match the expected name "Microsoft.Windows.SDK.NET, Version=10.0.17763.24, Culture=neutral, PublicKeyToken=31bf3856ad364e35".
                 Considered "dist\tr\UIAutomationClient.resources.dll",
         			but its name "UIAutomationClient.resources"
         			didn't match the expected name "Microsoft.Windows.SDK.NET, Version=10.0.17763.24, Culture=neutral, PublicKeyToken=31bf3856ad364e35".
                 Considered "dist\tr\UIAutomationClientSideProviders.resources.dll",
         			but its name "UIAutomationClientSideProviders.resources"
         			didn't match the expected name "Microsoft.Windows.SDK.NET, Version=10.0.17763.24, Culture=neutral, PublicKeyToken=31bf3856ad364e35".
                 Considered "dist\tr\UIAutomationProvider.resources.dll",
         			but its name "UIAutomationProvider.resources"
         			didn't match the expected name "Microsoft.Windows.SDK.NET, Version=10.0.17763.24, Culture=neutral, PublicKeyToken=31bf3856ad364e35".
                 Considered "dist\tr\UIAutomationTypes.resources.dll",
         			but its name "UIAutomationTypes.resources"
         			didn't match the expected name "Microsoft.Windows.SDK.NET, Version=10.0.17763.24, Culture=neutral, PublicKeyToken=31bf3856ad364e35".
                 Considered "dist\tr\WindowsBase.resources.dll",
         			but its name "WindowsBase.resources"
         			didn't match the expected name "Microsoft.Windows.SDK.NET, Version=10.0.17763.24, Culture=neutral, PublicKeyToken=31bf3856ad364e35".
                 Considered "dist\tr\WindowsFormsIntegration.resources.dll",
         			but its name "WindowsFormsIntegration.resources"
         			didn't match the expected name "Microsoft.Windows.SDK.NET, Version=10.0.17763.24, Culture=neutral, PublicKeyToken=31bf3856ad364e35".
                 Considered "dist\UIAutomationClient.dll",
         			but its name "UIAutomationClient"
         			didn't match the expected name "Microsoft.Windows.SDK.NET, Version=10.0.17763.24, Culture=neutral, PublicKeyToken=31bf3856ad364e35".
                 Considered "dist\UIAutomationClientSideProviders.dll",
         			but its name "UIAutomationClientSideProviders"
         			didn't match the expected name "Microsoft.Windows.SDK.NET, Version=10.0.17763.24, Culture=neutral, PublicKeyToken=31bf3856ad364e35".
                 Considered "dist\UIAutomationProvider.dll",
         			but its name "UIAutomationProvider"
         			didn't match the expected name "Microsoft.Windows.SDK.NET, Version=10.0.17763.24, Culture=neutral, PublicKeyToken=31bf3856ad364e35".
                 Considered "dist\UIAutomationTypes.dll",
         			but its name "UIAutomationTypes"
         			didn't match the expected name "Microsoft.Windows.SDK.NET, Version=10.0.17763.24, Culture=neutral, PublicKeyToken=31bf3856ad364e35".
                 Considered "dist\vcruntime140_cor3.dll",
         			but its name "vcruntime140_cor3"
         			didn't match the expected name "Microsoft.Windows.SDK.NET, Version=10.0.17763.24, Culture=neutral, PublicKeyToken=31bf3856ad364e35".
                 Considered "dist\WebView2Loader.dll",
         			but its name "WebView2Loader"
         			didn't match the expected name "Microsoft.Windows.SDK.NET, Version=10.0.17763.24, Culture=neutral, PublicKeyToken=31bf3856ad364e35".
                 Considered "dist\WindowsBase.dll",
         			but its name "WindowsBase"
         			didn't match the expected name "Microsoft.Windows.SDK.NET, Version=10.0.17763.24, Culture=neutral, PublicKeyToken=31bf3856ad364e35".
                 Considered "dist\WindowsFormsIntegration.dll",
         			but its name "WindowsFormsIntegration"
         			didn't match the expected name "Microsoft.Windows.SDK.NET, Version=10.0.17763.24, Culture=neutral, PublicKeyToken=31bf3856ad364e35".
                 Considered "dist\wpfgfx_cor3.dll",
         			but its name "wpfgfx_cor3"
         			didn't match the expected name "Microsoft.Windows.SDK.NET, Version=10.0.17763.24, Culture=neutral, PublicKeyToken=31bf3856ad364e35".
                 Considered "dist\zh-Hans\Microsoft.VisualBasic.Forms.resources.dll",
         			but its name "Microsoft.VisualBasic.Forms.resources"
         			didn't match the expected name "Microsoft.Windows.SDK.NET, Version=10.0.17763.24, Culture=neutral, PublicKeyToken=31bf3856ad364e35".
                 Considered "dist\zh-Hans\PresentationCore.resources.dll",
         			but its name "PresentationCore.resources"
         			didn't match the expected name "Microsoft.Windows.SDK.NET, Version=10.0.17763.24, Culture=neutral, PublicKeyToken=31bf3856ad364e35".
                 Considered "dist\zh-Hans\PresentationFramework.resources.dll",
         			but its name "PresentationFramework.resources"
         			didn't match the expected name "Microsoft.Windows.SDK.NET, Version=10.0.17763.24, Culture=neutral, PublicKeyToken=31bf3856ad364e35".
                 Considered "dist\zh-Hans\PresentationUI.resources.dll",
         			but its name "PresentationUI.resources"
         			didn't match the expected name "Microsoft.Windows.SDK.NET, Version=10.0.17763.24, Culture=neutral, PublicKeyToken=31bf3856ad364e35".
                 Considered "dist\zh-Hans\ReachFramework.resources.dll",
         			but its name "ReachFramework.resources"
         			didn't match the expected name "Microsoft.Windows.SDK.NET, Version=10.0.17763.24, Culture=neutral, PublicKeyToken=31bf3856ad364e35".
                 Considered "dist\zh-Hans\System.Windows.Controls.Ribbon.resources.dll",
         			but its name "System.Windows.Controls.Ribbon.resources"
         			didn't match the expected name "Microsoft.Windows.SDK.NET, Version=10.0.17763.24, Culture=neutral, PublicKeyToken=31bf3856ad364e35".
                 Considered "dist\zh-Hans\System.Windows.Forms.Design.resources.dll",
         			but its name "System.Windows.Forms.Design.resources"
         			didn't match the expected name "Microsoft.Windows.SDK.NET, Version=10.0.17763.24, Culture=neutral, PublicKeyToken=31bf3856ad364e35".
                 Considered "dist\zh-Hans\System.Windows.Forms.Primitives.resources.dll",
         			but its name "System.Windows.Forms.Primitives.resources"
         			didn't match the expected name "Microsoft.Windows.SDK.NET, Version=10.0.17763.24, Culture=neutral, PublicKeyToken=31bf3856ad364e35".
                 Considered "dist\zh-Hans\System.Windows.Forms.resources.dll",
         			but its name "System.Windows.Forms.resources"
         			didn't match the expected name "Microsoft.Windows.SDK.NET, Version=10.0.17763.24, Culture=neutral, PublicKeyToken=31bf3856ad364e35".
                 Considered "dist\zh-Hans\System.Windows.Input.Manipulations.resources.dll",
         			but its name "System.Windows.Input.Manipulations.resources"
         			didn't match the expected name "Microsoft.Windows.SDK.NET, Version=10.0.17763.24, Culture=neutral, PublicKeyToken=31bf3856ad364e35".
                 Considered "dist\zh-Hans\System.Xaml.resources.dll",
         			but its name "System.Xaml.resources"
         			didn't match the expected name "Microsoft.Windows.SDK.NET, Version=10.0.17763.24, Culture=neutral, PublicKeyToken=31bf3856ad364e35".
                 Considered "dist\zh-Hans\UIAutomationClient.resources.dll",
         			but its name "UIAutomationClient.resources"
         			didn't match the expected name "Microsoft.Windows.SDK.NET, Version=10.0.17763.24, Culture=neutral, PublicKeyToken=31bf3856ad364e35".
                 Considered "dist\zh-Hans\UIAutomationClientSideProviders.resources.dll",
         			but its name "UIAutomationClientSideProviders.resources"
         			didn't match the expected name "Microsoft.Windows.SDK.NET, Version=10.0.17763.24, Culture=neutral, PublicKeyToken=31bf3856ad364e35".
                 Considered "dist\zh-Hans\UIAutomationProvider.resources.dll",
         			but its name "UIAutomationProvider.resources"
         			didn't match the expected name "Microsoft.Windows.SDK.NET, Version=10.0.17763.24, Culture=neutral, PublicKeyToken=31bf3856ad364e35".
                 Considered "dist\zh-Hans\UIAutomationTypes.resources.dll",
         			but its name "UIAutomationTypes.resources"
         			didn't match the expected name "Microsoft.Windows.SDK.NET, Version=10.0.17763.24, Culture=neutral, PublicKeyToken=31bf3856ad364e35".
                 Considered "dist\zh-Hans\WindowsBase.resources.dll",
         			but its name "WindowsBase.resources"
         			didn't match the expected name "Microsoft.Windows.SDK.NET, Version=10.0.17763.24, Culture=neutral, PublicKeyToken=31bf3856ad364e35".
                 Considered "dist\zh-Hans\WindowsFormsIntegration.resources.dll",
         			but its name "WindowsFormsIntegration.resources"
         			didn't match the expected name "Microsoft.Windows.SDK.NET, Version=10.0.17763.24, Culture=neutral, PublicKeyToken=31bf3856ad364e35".
                 Considered "dist\zh-Hant\Microsoft.VisualBasic.Forms.resources.dll",
         			but its name "Microsoft.VisualBasic.Forms.resources"
         			didn't match the expected name "Microsoft.Windows.SDK.NET, Version=10.0.17763.24, Culture=neutral, PublicKeyToken=31bf3856ad364e35".
                 Considered "dist\zh-Hant\PresentationCore.resources.dll",
         			but its name "PresentationCore.resources"
         			didn't match the expected name "Microsoft.Windows.SDK.NET, Version=10.0.17763.24, Culture=neutral, PublicKeyToken=31bf3856ad364e35".
                 Considered "dist\zh-Hant\PresentationFramework.resources.dll",
         			but its name "PresentationFramework.resources"
         			didn't match the expected name "Microsoft.Windows.SDK.NET, Version=10.0.17763.24, Culture=neutral, PublicKeyToken=31bf3856ad364e35".
                 Considered "dist\zh-Hant\PresentationUI.resources.dll",
         			but its name "PresentationUI.resources"
         			didn't match the expected name "Microsoft.Windows.SDK.NET, Version=10.0.17763.24, Culture=neutral, PublicKeyToken=31bf3856ad364e35".
                 Considered "dist\zh-Hant\ReachFramework.resources.dll",
         			but its name "ReachFramework.resources"
         			didn't match the expected name "Microsoft.Windows.SDK.NET, Version=10.0.17763.24, Culture=neutral, PublicKeyToken=31bf3856ad364e35".
                 Considered "dist\zh-Hant\System.Windows.Controls.Ribbon.resources.dll",
         			but its name "System.Windows.Controls.Ribbon.resources"
         			didn't match the expected name "Microsoft.Windows.SDK.NET, Version=10.0.17763.24, Culture=neutral, PublicKeyToken=31bf3856ad364e35".
                 Considered "dist\zh-Hant\System.Windows.Forms.Design.resources.dll",
         			but its name "System.Windows.Forms.Design.resources"
         			didn't match the expected name "Microsoft.Windows.SDK.NET, Version=10.0.17763.24, Culture=neutral, PublicKeyToken=31bf3856ad364e35".
                 Considered "dist\zh-Hant\System.Windows.Forms.Primitives.resources.dll",
         			but its name "System.Windows.Forms.Primitives.resources"
         			didn't match the expected name "Microsoft.Windows.SDK.NET, Version=10.0.17763.24, Culture=neutral, PublicKeyToken=31bf3856ad364e35".
                 Considered "dist\zh-Hant\System.Windows.Forms.resources.dll",
         			but its name "System.Windows.Forms.resources"
         			didn't match the expected name "Microsoft.Windows.SDK.NET, Version=10.0.17763.24, Culture=neutral, PublicKeyToken=31bf3856ad364e35".
                 Considered "dist\zh-Hant\System.Windows.Input.Manipulations.resources.dll",
         			but its name "System.Windows.Input.Manipulations.resources"
         			didn't match the expected name "Microsoft.Windows.SDK.NET, Version=10.0.17763.24, Culture=neutral, PublicKeyToken=31bf3856ad364e35".
                 Considered "dist\zh-Hant\System.Xaml.resources.dll",
         			but its name "System.Xaml.resources"
         			didn't match the expected name "Microsoft.Windows.SDK.NET, Version=10.0.17763.24, Culture=neutral, PublicKeyToken=31bf3856ad364e35".
                 Considered "dist\zh-Hant\UIAutomationClient.resources.dll",
         			but its name "UIAutomationClient.resources"
         			didn't match the expected name "Microsoft.Windows.SDK.NET, Version=10.0.17763.24, Culture=neutral, PublicKeyToken=31bf3856ad364e35".
                 Considered "dist\zh-Hant\UIAutomationClientSideProviders.resources.dll",
         			but its name "UIAutomationClientSideProviders.resources"
         			didn't match the expected name "Microsoft.Windows.SDK.NET, Version=10.0.17763.24, Culture=neutral, PublicKeyToken=31bf3856ad364e35".
                 Considered "dist\zh-Hant\UIAutomationProvider.resources.dll",
         			but its name "UIAutomationProvider.resources"
         			didn't match the expected name "Microsoft.Windows.SDK.NET, Version=10.0.17763.24, Culture=neutral, PublicKeyToken=31bf3856ad364e35".
                 Considered "dist\zh-Hant\UIAutomationTypes.resources.dll",
         			but its name "UIAutomationTypes.resources"
         			didn't match the expected name "Microsoft.Windows.SDK.NET, Version=10.0.17763.24, Culture=neutral, PublicKeyToken=31bf3856ad364e35".
                 Considered "dist\zh-Hant\WindowsBase.resources.dll",
         			but its name "WindowsBase.resources"
         			didn't match the expected name "Microsoft.Windows.SDK.NET, Version=10.0.17763.24, Culture=neutral, PublicKeyToken=31bf3856ad364e35".
                 Considered "dist\zh-Hant\WindowsFormsIntegration.resources.dll",
         			but its name "WindowsFormsIntegration.resources"
         			didn't match the expected name "Microsoft.Windows.SDK.NET, Version=10.0.17763.24, Culture=neutral, PublicKeyToken=31bf3856ad364e35".
             Required by "C:\Users\user\.nuget\packages\microsoft.web.webview2\1.0.2903.40\buildTransitive\..\\lib_manual\net5.0-windows10.0.17763.0\Microsoft.Web.WebView2.Wpf.dll".
         Dependency "WinRT.Runtime, Version=1.6.0.0, Culture=neutral, PublicKeyToken=99ea127f02d97709".
             Could not resolve this reference. Could not locate the assembly "WinRT.Runtime, Version=1.6.0.0, Culture=neutral, PublicKeyToken=99ea127f02d97709". Check to make sure the assembly exists on disk. If this reference is required by your code, you may get compilation errors.
                 For SearchPath "C:\Users\user\.nuget\packages\microsoft.web.webview2\1.0.2903.40\lib_manual\net5.0-windows10.0.17763.0" (added by referencing assembly "C:\Users\user\.nuget\packages\microsoft.web.webview2\1.0.2903.40\lib_manual\net5.0-windows10.0.17763.0\Microsoft.Web.WebView2.Wpf.dll").
                 Considered "C:\Users\user\.nuget\packages\microsoft.web.webview2\1.0.2903.40\lib_manual\net5.0-windows10.0.17763.0\WinRT.Runtime.winmd", but it didn't exist.
                 Considered "C:\Users\user\.nuget\packages\microsoft.web.webview2\1.0.2903.40\lib_manual\net5.0-windows10.0.17763.0\WinRT.Runtime.dll", but it didn't exist.
                 Considered "C:\Users\user\.nuget\packages\microsoft.web.webview2\1.0.2903.40\lib_manual\net5.0-windows10.0.17763.0\WinRT.Runtime.exe", but it didn't exist.
                 For SearchPath "{CandidateAssemblyFiles}".
                 Considered "C:\Users\user\.nuget\packages\microsoft.web.webview2\1.0.2903.40\build\\..\runtimes\win-x86\native\WebView2Loader.dll",
         			but its name "WebView2Loader"
         			didn't match the expected name "WinRT.Runtime, Version=1.6.0.0, Culture=neutral, PublicKeyToken=99ea127f02d97709".
                 Considered "C:\Users\user\.nuget\packages\microsoft.web.webview2\1.0.2903.40\build\\..\runtimes\win-x64\native\WebView2Loader.dll",
         			but its name "WebView2Loader"
         			didn't match the expected name "WinRT.Runtime, Version=1.6.0.0, Culture=neutral, PublicKeyToken=99ea127f02d97709".
                 Considered "C:\Users\user\.nuget\packages\microsoft.web.webview2\1.0.2903.40\build\\..\runtimes\win-arm64\native\WebView2Loader.dll",
         			but its name "WebView2Loader"
         			didn't match the expected name "WinRT.Runtime, Version=1.6.0.0, Culture=neutral, PublicKeyToken=99ea127f02d97709".
                 Considered "dist\Accessibility.dll",
         			but its name "Accessibility"
         			didn't match the expected name "WinRT.Runtime, Version=1.6.0.0, Culture=neutral, PublicKeyToken=99ea127f02d97709".
                 Considered "dist\clretwrc.dll",
         			but its name "clretwrc"
         			didn't match the expected name "WinRT.Runtime, Version=1.6.0.0, Culture=neutral, PublicKeyToken=99ea127f02d97709".
                 Considered "dist\clrgc.dll",
         			but its name "clrgc"
         			didn't match the expected name "WinRT.Runtime, Version=1.6.0.0, Culture=neutral, PublicKeyToken=99ea127f02d97709".
                 Considered "dist\clrjit.dll",
         			but its name "clrjit"
         			didn't match the expected name "WinRT.Runtime, Version=1.6.0.0, Culture=neutral, PublicKeyToken=99ea127f02d97709".
                 Considered "dist\coreclr.dll",
         			but its name "coreclr"
         			didn't match the expected name "WinRT.Runtime, Version=1.6.0.0, Culture=neutral, PublicKeyToken=99ea127f02d97709".
                 Considered "dist\createdump.exe",
         			but its name "createdump"
         			didn't match the expected name "WinRT.Runtime, Version=1.6.0.0, Culture=neutral, PublicKeyToken=99ea127f02d97709".
                 Considered "dist\cs\Microsoft.VisualBasic.Forms.resources.dll",
         			but its name "Microsoft.VisualBasic.Forms.resources"
         			didn't match the expected name "WinRT.Runtime, Version=1.6.0.0, Culture=neutral, PublicKeyToken=99ea127f02d97709".
                 Considered "dist\cs\PresentationCore.resources.dll",
         			but its name "PresentationCore.resources"
         			didn't match the expected name "WinRT.Runtime, Version=1.6.0.0, Culture=neutral, PublicKeyToken=99ea127f02d97709".
                 Considered "dist\cs\PresentationFramework.resources.dll",
         			but its name "PresentationFramework.resources"
         			didn't match the expected name "WinRT.Runtime, Version=1.6.0.0, Culture=neutral, PublicKeyToken=99ea127f02d97709".
                 Considered "dist\cs\PresentationUI.resources.dll",
         			but its name "PresentationUI.resources"
         			didn't match the expected name "WinRT.Runtime, Version=1.6.0.0, Culture=neutral, PublicKeyToken=99ea127f02d97709".
                 Considered "dist\cs\ReachFramework.resources.dll",
         			but its name "ReachFramework.resources"
         			didn't match the expected name "WinRT.Runtime, Version=1.6.0.0, Culture=neutral, PublicKeyToken=99ea127f02d97709".
                 Considered "dist\cs\System.Windows.Controls.Ribbon.resources.dll",
         			but its name "System.Windows.Controls.Ribbon.resources"
         			didn't match the expected name "WinRT.Runtime, Version=1.6.0.0, Culture=neutral, PublicKeyToken=99ea127f02d97709".
                 Considered "dist\cs\System.Windows.Forms.Design.resources.dll",
         			but its name "System.Windows.Forms.Design.resources"
         			didn't match the expected name "WinRT.Runtime, Version=1.6.0.0, Culture=neutral, PublicKeyToken=99ea127f02d97709".
                 Considered "dist\cs\System.Windows.Forms.Primitives.resources.dll",
         			but its name "System.Windows.Forms.Primitives.resources"
         			didn't match the expected name "WinRT.Runtime, Version=1.6.0.0, Culture=neutral, PublicKeyToken=99ea127f02d97709".
                 Considered "dist\cs\System.Windows.Forms.resources.dll",
         			but its name "System.Windows.Forms.resources"
         			didn't match the expected name "WinRT.Runtime, Version=1.6.0.0, Culture=neutral, PublicKeyToken=99ea127f02d97709".
                 Considered "dist\cs\System.Windows.Input.Manipulations.resources.dll",
         			but its name "System.Windows.Input.Manipulations.resources"
         			didn't match the expected name "WinRT.Runtime, Version=1.6.0.0, Culture=neutral, PublicKeyToken=99ea127f02d97709".
                 Considered "dist\cs\System.Xaml.resources.dll",
         			but its name "System.Xaml.resources"
         			didn't match the expected name "WinRT.Runtime, Version=1.6.0.0, Culture=neutral, PublicKeyToken=99ea127f02d97709".
                 Considered "dist\cs\UIAutomationClient.resources.dll",
         			but its name "UIAutomationClient.resources"
         			didn't match the expected name "WinRT.Runtime, Version=1.6.0.0, Culture=neutral, PublicKeyToken=99ea127f02d97709".
                 Considered "dist\cs\UIAutomationClientSideProviders.resources.dll",
         			but its name "UIAutomationClientSideProviders.resources"
         			didn't match the expected name "WinRT.Runtime, Version=1.6.0.0, Culture=neutral, PublicKeyToken=99ea127f02d97709".
                 Considered "dist\cs\UIAutomationProvider.resources.dll",
         			but its name "UIAutomationProvider.resources"
         			didn't match the expected name "WinRT.Runtime, Version=1.6.0.0, Culture=neutral, PublicKeyToken=99ea127f02d97709".
                 Considered "dist\cs\UIAutomationTypes.resources.dll",
         			but its name "UIAutomationTypes.resources"
         			didn't match the expected name "WinRT.Runtime, Version=1.6.0.0, Culture=neutral, PublicKeyToken=99ea127f02d97709".
                 Considered "dist\cs\WindowsBase.resources.dll",
         			but its name "WindowsBase.resources"
         			didn't match the expected name "WinRT.Runtime, Version=1.6.0.0, Culture=neutral, PublicKeyToken=99ea127f02d97709".
                 Considered "dist\cs\WindowsFormsIntegration.resources.dll",
         			but its name "WindowsFormsIntegration.resources"
         			didn't match the expected name "WinRT.Runtime, Version=1.6.0.0, Culture=neutral, PublicKeyToken=99ea127f02d97709".
                 Considered "dist\D3DCompiler_47_cor3.dll",
         			but its name "D3DCompiler_47_cor3"
         			didn't match the expected name "WinRT.Runtime, Version=1.6.0.0, Culture=neutral, PublicKeyToken=99ea127f02d97709".
                 Considered "dist\Dapper.dll",
         			but its name "Dapper"
         			didn't match the expected name "WinRT.Runtime, Version=1.6.0.0, Culture=neutral, PublicKeyToken=99ea127f02d97709".
                 Considered "dist\de\Microsoft.VisualBasic.Forms.resources.dll",
         			but its name "Microsoft.VisualBasic.Forms.resources"
         			didn't match the expected name "WinRT.Runtime, Version=1.6.0.0, Culture=neutral, PublicKeyToken=99ea127f02d97709".
                 Considered "dist\de\PresentationCore.resources.dll",
         			but its name "PresentationCore.resources"
         			didn't match the expected name "WinRT.Runtime, Version=1.6.0.0, Culture=neutral, PublicKeyToken=99ea127f02d97709".
                 Considered "dist\de\PresentationFramework.resources.dll",
         			but its name "PresentationFramework.resources"
         			didn't match the expected name "WinRT.Runtime, Version=1.6.0.0, Culture=neutral, PublicKeyToken=99ea127f02d97709".
                 Considered "dist\de\PresentationUI.resources.dll",
         			but its name "PresentationUI.resources"
         			didn't match the expected name "WinRT.Runtime, Version=1.6.0.0, Culture=neutral, PublicKeyToken=99ea127f02d97709".
                 Considered "dist\de\ReachFramework.resources.dll",
         			but its name "ReachFramework.resources"
         			didn't match the expected name "WinRT.Runtime, Version=1.6.0.0, Culture=neutral, PublicKeyToken=99ea127f02d97709".
                 Considered "dist\de\System.Windows.Controls.Ribbon.resources.dll",
         			but its name "System.Windows.Controls.Ribbon.resources"
         			didn't match the expected name "WinRT.Runtime, Version=1.6.0.0, Culture=neutral, PublicKeyToken=99ea127f02d97709".
                 Considered "dist\de\System.Windows.Forms.Design.resources.dll",
         			but its name "System.Windows.Forms.Design.resources"
         			didn't match the expected name "WinRT.Runtime, Version=1.6.0.0, Culture=neutral, PublicKeyToken=99ea127f02d97709".
                 Considered "dist\de\System.Windows.Forms.Primitives.resources.dll",
         			but its name "System.Windows.Forms.Primitives.resources"
         			didn't match the expected name "WinRT.Runtime, Version=1.6.0.0, Culture=neutral, PublicKeyToken=99ea127f02d97709".
                 Considered "dist\de\System.Windows.Forms.resources.dll",
         			but its name "System.Windows.Forms.resources"
         			didn't match the expected name "WinRT.Runtime, Version=1.6.0.0, Culture=neutral, PublicKeyToken=99ea127f02d97709".
                 Considered "dist\de\System.Windows.Input.Manipulations.resources.dll",
         			but its name "System.Windows.Input.Manipulations.resources"
         			didn't match the expected name "WinRT.Runtime, Version=1.6.0.0, Culture=neutral, PublicKeyToken=99ea127f02d97709".
                 Considered "dist\de\System.Xaml.resources.dll",
         			but its name "System.Xaml.resources"
         			didn't match the expected name "WinRT.Runtime, Version=1.6.0.0, Culture=neutral, PublicKeyToken=99ea127f02d97709".
                 Considered "dist\de\UIAutomationClient.resources.dll",
         			but its name "UIAutomationClient.resources"
         			didn't match the expected name "WinRT.Runtime, Version=1.6.0.0, Culture=neutral, PublicKeyToken=99ea127f02d97709".
                 Considered "dist\de\UIAutomationClientSideProviders.resources.dll",
         			but its name "UIAutomationClientSideProviders.resources"
         			didn't match the expected name "WinRT.Runtime, Version=1.6.0.0, Culture=neutral, PublicKeyToken=99ea127f02d97709".
                 Considered "dist\de\UIAutomationProvider.resources.dll",
         			but its name "UIAutomationProvider.resources"
         			didn't match the expected name "WinRT.Runtime, Version=1.6.0.0, Culture=neutral, PublicKeyToken=99ea127f02d97709".
                 Considered "dist\de\UIAutomationTypes.resources.dll",
         			but its name "UIAutomationTypes.resources"
         			didn't match the expected name "WinRT.Runtime, Version=1.6.0.0, Culture=neutral, PublicKeyToken=99ea127f02d97709".
                 Considered "dist\de\WindowsBase.resources.dll",
         			but its name "WindowsBase.resources"
         			didn't match the expected name "WinRT.Runtime, Version=1.6.0.0, Culture=neutral, PublicKeyToken=99ea127f02d97709".
                 Considered "dist\de\WindowsFormsIntegration.resources.dll",
         			but its name "WindowsFormsIntegration.resources"
         			didn't match the expected name "WinRT.Runtime, Version=1.6.0.0, Culture=neutral, PublicKeyToken=99ea127f02d97709".
                 Considered "dist\DirectWriteForwarder.dll",
         			but its name "DirectWriteForwarder"
         			didn't match the expected name "WinRT.Runtime, Version=1.6.0.0, Culture=neutral, PublicKeyToken=99ea127f02d97709".
                 Considered "dist\es\Microsoft.VisualBasic.Forms.resources.dll",
         			but its name "Microsoft.VisualBasic.Forms.resources"
         			didn't match the expected name "WinRT.Runtime, Version=1.6.0.0, Culture=neutral, PublicKeyToken=99ea127f02d97709".
                 Considered "dist\es\PresentationCore.resources.dll",
         			but its name "PresentationCore.resources"
         			didn't match the expected name "WinRT.Runtime, Version=1.6.0.0, Culture=neutral, PublicKeyToken=99ea127f02d97709".
                 Considered "dist\es\PresentationFramework.resources.dll",
         			but its name "PresentationFramework.resources"
         			didn't match the expected name "WinRT.Runtime, Version=1.6.0.0, Culture=neutral, PublicKeyToken=99ea127f02d97709".
                 Considered "dist\es\PresentationUI.resources.dll",
         			but its name "PresentationUI.resources"
         			didn't match the expected name "WinRT.Runtime, Version=1.6.0.0, Culture=neutral, PublicKeyToken=99ea127f02d97709".
                 Considered "dist\es\ReachFramework.resources.dll",
         			but its name "ReachFramework.resources"
         			didn't match the expected name "WinRT.Runtime, Version=1.6.0.0, Culture=neutral, PublicKeyToken=99ea127f02d97709".
                 Considered "dist\es\System.Windows.Controls.Ribbon.resources.dll",
         			but its name "System.Windows.Controls.Ribbon.resources"
         			didn't match the expected name "WinRT.Runtime, Version=1.6.0.0, Culture=neutral, PublicKeyToken=99ea127f02d97709".
                 Considered "dist\es\System.Windows.Forms.Design.resources.dll",
         			but its name "System.Windows.Forms.Design.resources"
         			didn't match the expected name "WinRT.Runtime, Version=1.6.0.0, Culture=neutral, PublicKeyToken=99ea127f02d97709".
                 Considered "dist\es\System.Windows.Forms.Primitives.resources.dll",
         			but its name "System.Windows.Forms.Primitives.resources"
         			didn't match the expected name "WinRT.Runtime, Version=1.6.0.0, Culture=neutral, PublicKeyToken=99ea127f02d97709".
                 Considered "dist\es\System.Windows.Forms.resources.dll",
         			but its name "System.Windows.Forms.resources"
         			didn't match the expected name "WinRT.Runtime, Version=1.6.0.0, Culture=neutral, PublicKeyToken=99ea127f02d97709".
                 Considered "dist\es\System.Windows.Input.Manipulations.resources.dll",
         			but its name "System.Windows.Input.Manipulations.resources"
         			didn't match the expected name "WinRT.Runtime, Version=1.6.0.0, Culture=neutral, PublicKeyToken=99ea127f02d97709".
                 Considered "dist\es\System.Xaml.resources.dll",
         			but its name "System.Xaml.resources"
         			didn't match the expected name "WinRT.Runtime, Version=1.6.0.0, Culture=neutral, PublicKeyToken=99ea127f02d97709".
                 Considered "dist\es\UIAutomationClient.resources.dll",
         			but its name "UIAutomationClient.resources"
         			didn't match the expected name "WinRT.Runtime, Version=1.6.0.0, Culture=neutral, PublicKeyToken=99ea127f02d97709".
                 Considered "dist\es\UIAutomationClientSideProviders.resources.dll",
         			but its name "UIAutomationClientSideProviders.resources"
         			didn't match the expected name "WinRT.Runtime, Version=1.6.0.0, Culture=neutral, PublicKeyToken=99ea127f02d97709".
                 Considered "dist\es\UIAutomationProvider.resources.dll",
         			but its name "UIAutomationProvider.resources"
         			didn't match the expected name "WinRT.Runtime, Version=1.6.0.0, Culture=neutral, PublicKeyToken=99ea127f02d97709".
                 Considered "dist\es\UIAutomationTypes.resources.dll",
         			but its name "UIAutomationTypes.resources"
         			didn't match the expected name "WinRT.Runtime, Version=1.6.0.0, Culture=neutral, PublicKeyToken=99ea127f02d97709".
                 Considered "dist\es\WindowsBase.resources.dll",
         			but its name "WindowsBase.resources"
         			didn't match the expected name "WinRT.Runtime, Version=1.6.0.0, Culture=neutral, PublicKeyToken=99ea127f02d97709".
                 Considered "dist\es\WindowsFormsIntegration.resources.dll",
         			but its name "WindowsFormsIntegration.resources"
         			didn't match the expected name "WinRT.Runtime, Version=1.6.0.0, Culture=neutral, PublicKeyToken=99ea127f02d97709".
                 Considered "dist\e_sqlite3.dll",
         			but its name "e_sqlite3"
         			didn't match the expected name "WinRT.Runtime, Version=1.6.0.0, Culture=neutral, PublicKeyToken=99ea127f02d97709".
                 Considered "dist\FgGrillPos.dll",
         			but its name "FgGrillPos"
         			didn't match the expected name "WinRT.Runtime, Version=1.6.0.0, Culture=neutral, PublicKeyToken=99ea127f02d97709".
                 Considered "dist\FgGrillPos.exe",
         			but its name "FgGrillPos"
         			didn't match the expected name "WinRT.Runtime, Version=1.6.0.0, Culture=neutral, PublicKeyToken=99ea127f02d97709".
                 Considered "dist\fr\Microsoft.VisualBasic.Forms.resources.dll",
         			but its name "Microsoft.VisualBasic.Forms.resources"
         			didn't match the expected name "WinRT.Runtime, Version=1.6.0.0, Culture=neutral, PublicKeyToken=99ea127f02d97709".
                 Considered "dist\fr\PresentationCore.resources.dll",
         			but its name "PresentationCore.resources"
         			didn't match the expected name "WinRT.Runtime, Version=1.6.0.0, Culture=neutral, PublicKeyToken=99ea127f02d97709".
                 Considered "dist\fr\PresentationFramework.resources.dll",
         			but its name "PresentationFramework.resources"
         			didn't match the expected name "WinRT.Runtime, Version=1.6.0.0, Culture=neutral, PublicKeyToken=99ea127f02d97709".
                 Considered "dist\fr\PresentationUI.resources.dll",
         			but its name "PresentationUI.resources"
         			didn't match the expected name "WinRT.Runtime, Version=1.6.0.0, Culture=neutral, PublicKeyToken=99ea127f02d97709".
                 Considered "dist\fr\ReachFramework.resources.dll",
         			but its name "ReachFramework.resources"
         			didn't match the expected name "WinRT.Runtime, Version=1.6.0.0, Culture=neutral, PublicKeyToken=99ea127f02d97709".
                 Considered "dist\fr\System.Windows.Controls.Ribbon.resources.dll",
         			but its name "System.Windows.Controls.Ribbon.resources"
         			didn't match the expected name "WinRT.Runtime, Version=1.6.0.0, Culture=neutral, PublicKeyToken=99ea127f02d97709".
                 Considered "dist\fr\System.Windows.Forms.Design.resources.dll",
         			but its name "System.Windows.Forms.Design.resources"
         			didn't match the expected name "WinRT.Runtime, Version=1.6.0.0, Culture=neutral, PublicKeyToken=99ea127f02d97709".
                 Considered "dist\fr\System.Windows.Forms.Primitives.resources.dll",
         			but its name "System.Windows.Forms.Primitives.resources"
         			didn't match the expected name "WinRT.Runtime, Version=1.6.0.0, Culture=neutral, PublicKeyToken=99ea127f02d97709".
                 Considered "dist\fr\System.Windows.Forms.resources.dll",
         			but its name "System.Windows.Forms.resources"
         			didn't match the expected name "WinRT.Runtime, Version=1.6.0.0, Culture=neutral, PublicKeyToken=99ea127f02d97709".
                 Considered "dist\fr\System.Windows.Input.Manipulations.resources.dll",
         			but its name "System.Windows.Input.Manipulations.resources"
         			didn't match the expected name "WinRT.Runtime, Version=1.6.0.0, Culture=neutral, PublicKeyToken=99ea127f02d97709".
                 Considered "dist\fr\System.Xaml.resources.dll",
         			but its name "System.Xaml.resources"
         			didn't match the expected name "WinRT.Runtime, Version=1.6.0.0, Culture=neutral, PublicKeyToken=99ea127f02d97709".
                 Considered "dist\fr\UIAutomationClient.resources.dll",
         			but its name "UIAutomationClient.resources"
         			didn't match the expected name "WinRT.Runtime, Version=1.6.0.0, Culture=neutral, PublicKeyToken=99ea127f02d97709".
                 Considered "dist\fr\UIAutomationClientSideProviders.resources.dll",
         			but its name "UIAutomationClientSideProviders.resources"
         			didn't match the expected name "WinRT.Runtime, Version=1.6.0.0, Culture=neutral, PublicKeyToken=99ea127f02d97709".
                 Considered "dist\fr\UIAutomationProvider.resources.dll",
         			but its name "UIAutomationProvider.resources"
         			didn't match the expected name "WinRT.Runtime, Version=1.6.0.0, Culture=neutral, PublicKeyToken=99ea127f02d97709".
                 Considered "dist\fr\UIAutomationTypes.resources.dll",
         			but its name "UIAutomationTypes.resources"
         			didn't match the expected name "WinRT.Runtime, Version=1.6.0.0, Culture=neutral, PublicKeyToken=99ea127f02d97709".
                 Considered "dist\fr\WindowsBase.resources.dll",
         			but its name "WindowsBase.resources"
         			didn't match the expected name "WinRT.Runtime, Version=1.6.0.0, Culture=neutral, PublicKeyToken=99ea127f02d97709".
                 Considered "dist\fr\WindowsFormsIntegration.resources.dll",
         			but its name "WindowsFormsIntegration.resources"
         			didn't match the expected name "WinRT.Runtime, Version=1.6.0.0, Culture=neutral, PublicKeyToken=99ea127f02d97709".
                 Considered "dist\hostfxr.dll",
         			but its name "hostfxr"
         			didn't match the expected name "WinRT.Runtime, Version=1.6.0.0, Culture=neutral, PublicKeyToken=99ea127f02d97709".
                 Considered "dist\hostpolicy.dll",
         			but its name "hostpolicy"
         			didn't match the expected name "WinRT.Runtime, Version=1.6.0.0, Culture=neutral, PublicKeyToken=99ea127f02d97709".
                 Considered "dist\it\Microsoft.VisualBasic.Forms.resources.dll",
         			but its name "Microsoft.VisualBasic.Forms.resources"
         			didn't match the expected name "WinRT.Runtime, Version=1.6.0.0, Culture=neutral, PublicKeyToken=99ea127f02d97709".
                 Considered "dist\it\PresentationCore.resources.dll",
         			but its name "PresentationCore.resources"
         			didn't match the expected name "WinRT.Runtime, Version=1.6.0.0, Culture=neutral, PublicKeyToken=99ea127f02d97709".
                 Considered "dist\it\PresentationFramework.resources.dll",
         			but its name "PresentationFramework.resources"
         			didn't match the expected name "WinRT.Runtime, Version=1.6.0.0, Culture=neutral, PublicKeyToken=99ea127f02d97709".
                 Considered "dist\it\PresentationUI.resources.dll",
         			but its name "PresentationUI.resources"
         			didn't match the expected name "WinRT.Runtime, Version=1.6.0.0, Culture=neutral, PublicKeyToken=99ea127f02d97709".
                 Considered "dist\it\ReachFramework.resources.dll",
         			but its name "ReachFramework.resources"
         			didn't match the expected name "WinRT.Runtime, Version=1.6.0.0, Culture=neutral, PublicKeyToken=99ea127f02d97709".
                 Considered "dist\it\System.Windows.Controls.Ribbon.resources.dll",
         			but its name "System.Windows.Controls.Ribbon.resources"
         			didn't match the expected name "WinRT.Runtime, Version=1.6.0.0, Culture=neutral, PublicKeyToken=99ea127f02d97709".
                 Considered "dist\it\System.Windows.Forms.Design.resources.dll",
         			but its name "System.Windows.Forms.Design.resources"
         			didn't match the expected name "WinRT.Runtime, Version=1.6.0.0, Culture=neutral, PublicKeyToken=99ea127f02d97709".
                 Considered "dist\it\System.Windows.Forms.Primitives.resources.dll",
         			but its name "System.Windows.Forms.Primitives.resources"
         			didn't match the expected name "WinRT.Runtime, Version=1.6.0.0, Culture=neutral, PublicKeyToken=99ea127f02d97709".
                 Considered "dist\it\System.Windows.Forms.resources.dll",
         			but its name "System.Windows.Forms.resources"
         			didn't match the expected name "WinRT.Runtime, Version=1.6.0.0, Culture=neutral, PublicKeyToken=99ea127f02d97709".
                 Considered "dist\it\System.Windows.Input.Manipulations.resources.dll",
         			but its name "System.Windows.Input.Manipulations.resources"
         			didn't match the expected name "WinRT.Runtime, Version=1.6.0.0, Culture=neutral, PublicKeyToken=99ea127f02d97709".
                 Considered "dist\it\System.Xaml.resources.dll",
         			but its name "System.Xaml.resources"
         			didn't match the expected name "WinRT.Runtime, Version=1.6.0.0, Culture=neutral, PublicKeyToken=99ea127f02d97709".
                 Considered "dist\it\UIAutomationClient.resources.dll",
         			but its name "UIAutomationClient.resources"
         			didn't match the expected name "WinRT.Runtime, Version=1.6.0.0, Culture=neutral, PublicKeyToken=99ea127f02d97709".
                 Considered "dist\it\UIAutomationClientSideProviders.resources.dll",
         			but its name "UIAutomationClientSideProviders.resources"
         			didn't match the expected name "WinRT.Runtime, Version=1.6.0.0, Culture=neutral, PublicKeyToken=99ea127f02d97709".
                 Considered "dist\it\UIAutomationProvider.resources.dll",
         			but its name "UIAutomationProvider.resources"
         			didn't match the expected name "WinRT.Runtime, Version=1.6.0.0, Culture=neutral, PublicKeyToken=99ea127f02d97709".
                 Considered "dist\it\UIAutomationTypes.resources.dll",
         			but its name "UIAutomationTypes.resources"
         			didn't match the expected name "WinRT.Runtime, Version=1.6.0.0, Culture=neutral, PublicKeyToken=99ea127f02d97709".
                 Considered "dist\it\WindowsBase.resources.dll",
         			but its name "WindowsBase.resources"
         			didn't match the expected name "WinRT.Runtime, Version=1.6.0.0, Culture=neutral, PublicKeyToken=99ea127f02d97709".
                 Considered "dist\it\WindowsFormsIntegration.resources.dll",
         			but its name "WindowsFormsIntegration.resources"
         			didn't match the expected name "WinRT.Runtime, Version=1.6.0.0, Culture=neutral, PublicKeyToken=99ea127f02d97709".
                 Considered "dist\ja\Microsoft.VisualBasic.Forms.resources.dll",
         			but its name "Microsoft.VisualBasic.Forms.resources"
         			didn't match the expected name "WinRT.Runtime, Version=1.6.0.0, Culture=neutral, PublicKeyToken=99ea127f02d97709".
                 Considered "dist\ja\PresentationCore.resources.dll",
         			but its name "PresentationCore.resources"
         			didn't match the expected name "WinRT.Runtime, Version=1.6.0.0, Culture=neutral, PublicKeyToken=99ea127f02d97709".
                 Considered "dist\ja\PresentationFramework.resources.dll",
         			but its name "PresentationFramework.resources"
         			didn't match the expected name "WinRT.Runtime, Version=1.6.0.0, Culture=neutral, PublicKeyToken=99ea127f02d97709".
                 Considered "dist\ja\PresentationUI.resources.dll",
         			but its name "PresentationUI.resources"
         			didn't match the expected name "WinRT.Runtime, Version=1.6.0.0, Culture=neutral, PublicKeyToken=99ea127f02d97709".
                 Considered "dist\ja\ReachFramework.resources.dll",
         			but its name "ReachFramework.resources"
         			didn't match the expected name "WinRT.Runtime, Version=1.6.0.0, Culture=neutral, PublicKeyToken=99ea127f02d97709".
                 Considered "dist\ja\System.Windows.Controls.Ribbon.resources.dll",
         			but its name "System.Windows.Controls.Ribbon.resources"
         			didn't match the expected name "WinRT.Runtime, Version=1.6.0.0, Culture=neutral, PublicKeyToken=99ea127f02d97709".
                 Considered "dist\ja\System.Windows.Forms.Design.resources.dll",
         			but its name "System.Windows.Forms.Design.resources"
         			didn't match the expected name "WinRT.Runtime, Version=1.6.0.0, Culture=neutral, PublicKeyToken=99ea127f02d97709".
                 Considered "dist\ja\System.Windows.Forms.Primitives.resources.dll",
         			but its name "System.Windows.Forms.Primitives.resources"
         			didn't match the expected name "WinRT.Runtime, Version=1.6.0.0, Culture=neutral, PublicKeyToken=99ea127f02d97709".
                 Considered "dist\ja\System.Windows.Forms.resources.dll",
         			but its name "System.Windows.Forms.resources"
         			didn't match the expected name "WinRT.Runtime, Version=1.6.0.0, Culture=neutral, PublicKeyToken=99ea127f02d97709".
                 Considered "dist\ja\System.Windows.Input.Manipulations.resources.dll",
         			but its name "System.Windows.Input.Manipulations.resources"
         			didn't match the expected name "WinRT.Runtime, Version=1.6.0.0, Culture=neutral, PublicKeyToken=99ea127f02d97709".
                 Considered "dist\ja\System.Xaml.resources.dll",
         			but its name "System.Xaml.resources"
         			didn't match the expected name "WinRT.Runtime, Version=1.6.0.0, Culture=neutral, PublicKeyToken=99ea127f02d97709".
                 Considered "dist\ja\UIAutomationClient.resources.dll",
         			but its name "UIAutomationClient.resources"
         			didn't match the expected name "WinRT.Runtime, Version=1.6.0.0, Culture=neutral, PublicKeyToken=99ea127f02d97709".
                 Considered "dist\ja\UIAutomationClientSideProviders.resources.dll",
         			but its name "UIAutomationClientSideProviders.resources"
         			didn't match the expected name "WinRT.Runtime, Version=1.6.0.0, Culture=neutral, PublicKeyToken=99ea127f02d97709".
                 Considered "dist\ja\UIAutomationProvider.resources.dll",
         			but its name "UIAutomationProvider.resources"
         			didn't match the expected name "WinRT.Runtime, Version=1.6.0.0, Culture=neutral, PublicKeyToken=99ea127f02d97709".
                 Considered "dist\ja\UIAutomationTypes.resources.dll",
         			but its name "UIAutomationTypes.resources"
         			didn't match the expected name "WinRT.Runtime, Version=1.6.0.0, Culture=neutral, PublicKeyToken=99ea127f02d97709".
                 Considered "dist\ja\WindowsBase.resources.dll",
         			but its name "WindowsBase.resources"
         			didn't match the expected name "WinRT.Runtime, Version=1.6.0.0, Culture=neutral, PublicKeyToken=99ea127f02d97709".
                 Considered "dist\ja\WindowsFormsIntegration.resources.dll",
         			but its name "WindowsFormsIntegration.resources"
         			didn't match the expected name "WinRT.Runtime, Version=1.6.0.0, Culture=neutral, PublicKeyToken=99ea127f02d97709".
                 Considered "dist\ko\Microsoft.VisualBasic.Forms.resources.dll",
         			but its name "Microsoft.VisualBasic.Forms.resources"
         			didn't match the expected name "WinRT.Runtime, Version=1.6.0.0, Culture=neutral, PublicKeyToken=99ea127f02d97709".
                 Considered "dist\ko\PresentationCore.resources.dll",
         			but its name "PresentationCore.resources"
         			didn't match the expected name "WinRT.Runtime, Version=1.6.0.0, Culture=neutral, PublicKeyToken=99ea127f02d97709".
                 Considered "dist\ko\PresentationFramework.resources.dll",
         			but its name "PresentationFramework.resources"
         			didn't match the expected name "WinRT.Runtime, Version=1.6.0.0, Culture=neutral, PublicKeyToken=99ea127f02d97709".
                 Considered "dist\ko\PresentationUI.resources.dll",
         			but its name "PresentationUI.resources"
         			didn't match the expected name "WinRT.Runtime, Version=1.6.0.0, Culture=neutral, PublicKeyToken=99ea127f02d97709".
                 Considered "dist\ko\ReachFramework.resources.dll",
         			but its name "ReachFramework.resources"
         			didn't match the expected name "WinRT.Runtime, Version=1.6.0.0, Culture=neutral, PublicKeyToken=99ea127f02d97709".
                 Considered "dist\ko\System.Windows.Controls.Ribbon.resources.dll",
         			but its name "System.Windows.Controls.Ribbon.resources"
         			didn't match the expected name "WinRT.Runtime, Version=1.6.0.0, Culture=neutral, PublicKeyToken=99ea127f02d97709".
                 Considered "dist\ko\System.Windows.Forms.Design.resources.dll",
         			but its name "System.Windows.Forms.Design.resources"
         			didn't match the expected name "WinRT.Runtime, Version=1.6.0.0, Culture=neutral, PublicKeyToken=99ea127f02d97709".
                 Considered "dist\ko\System.Windows.Forms.Primitives.resources.dll",
         			but its name "System.Windows.Forms.Primitives.resources"
         			didn't match the expected name "WinRT.Runtime, Version=1.6.0.0, Culture=neutral, PublicKeyToken=99ea127f02d97709".
                 Considered "dist\ko\System.Windows.Forms.resources.dll",
         			but its name "System.Windows.Forms.resources"
         			didn't match the expected name "WinRT.Runtime, Version=1.6.0.0, Culture=neutral, PublicKeyToken=99ea127f02d97709".
                 Considered "dist\ko\System.Windows.Input.Manipulations.resources.dll",
         			but its name "System.Windows.Input.Manipulations.resources"
         			didn't match the expected name "WinRT.Runtime, Version=1.6.0.0, Culture=neutral, PublicKeyToken=99ea127f02d97709".
                 Considered "dist\ko\System.Xaml.resources.dll",
         			but its name "System.Xaml.resources"
         			didn't match the expected name "WinRT.Runtime, Version=1.6.0.0, Culture=neutral, PublicKeyToken=99ea127f02d97709".
                 Considered "dist\ko\UIAutomationClient.resources.dll",
         			but its name "UIAutomationClient.resources"
         			didn't match the expected name "WinRT.Runtime, Version=1.6.0.0, Culture=neutral, PublicKeyToken=99ea127f02d97709".
                 Considered "dist\ko\UIAutomationClientSideProviders.resources.dll",
         			but its name "UIAutomationClientSideProviders.resources"
         			didn't match the expected name "WinRT.Runtime, Version=1.6.0.0, Culture=neutral, PublicKeyToken=99ea127f02d97709".
                 Considered "dist\ko\UIAutomationProvider.resources.dll",
         			but its name "UIAutomationProvider.resources"
         			didn't match the expected name "WinRT.Runtime, Version=1.6.0.0, Culture=neutral, PublicKeyToken=99ea127f02d97709".
                 Considered "dist\ko\UIAutomationTypes.resources.dll",
         			but its name "UIAutomationTypes.resources"
         			didn't match the expected name "WinRT.Runtime, Version=1.6.0.0, Culture=neutral, PublicKeyToken=99ea127f02d97709".
                 Considered "dist\ko\WindowsBase.resources.dll",
         			but its name "WindowsBase.resources"
         			didn't match the expected name "WinRT.Runtime, Version=1.6.0.0, Culture=neutral, PublicKeyToken=99ea127f02d97709".
                 Considered "dist\ko\WindowsFormsIntegration.resources.dll",
         			but its name "WindowsFormsIntegration.resources"
         			didn't match the expected name "WinRT.Runtime, Version=1.6.0.0, Culture=neutral, PublicKeyToken=99ea127f02d97709".
                 Considered "dist\Microsoft.CSharp.dll",
         			but its name "Microsoft.CSharp"
         			didn't match the expected name "WinRT.Runtime, Version=1.6.0.0, Culture=neutral, PublicKeyToken=99ea127f02d97709".
                 Considered "dist\Microsoft.Data.Sqlite.dll",
         			but its name "Microsoft.Data.Sqlite"
         			didn't match the expected name "WinRT.Runtime, Version=1.6.0.0, Culture=neutral, PublicKeyToken=99ea127f02d97709".
                 Considered "dist\Microsoft.DiaSymReader.Native.amd64.dll",
         			but its name "Microsoft.DiaSymReader.Native.amd64"
         			didn't match the expected name "WinRT.Runtime, Version=1.6.0.0, Culture=neutral, PublicKeyToken=99ea127f02d97709".
                 Considered "dist\Microsoft.VisualBasic.Core.dll",
         			but its name "Microsoft.VisualBasic.Core"
         			didn't match the expected name "WinRT.Runtime, Version=1.6.0.0, Culture=neutral, PublicKeyToken=99ea127f02d97709".
                 Considered "dist\Microsoft.VisualBasic.dll",
         			but its name "Microsoft.VisualBasic"
         			didn't match the expected name "WinRT.Runtime, Version=1.6.0.0, Culture=neutral, PublicKeyToken=99ea127f02d97709".
                 Considered "dist\Microsoft.VisualBasic.Forms.dll",
         			but its name "Microsoft.VisualBasic.Forms"
         			didn't match the expected name "WinRT.Runtime, Version=1.6.0.0, Culture=neutral, PublicKeyToken=99ea127f02d97709".
                 Considered "dist\Microsoft.Web.WebView2.Core.dll",
         			but its name "Microsoft.Web.WebView2.Core"
         			didn't match the expected name "WinRT.Runtime, Version=1.6.0.0, Culture=neutral, PublicKeyToken=99ea127f02d97709".
                 Considered "dist\Microsoft.Web.WebView2.WinForms.dll",
         			but its name "Microsoft.Web.WebView2.WinForms"
         			didn't match the expected name "WinRT.Runtime, Version=1.6.0.0, Culture=neutral, PublicKeyToken=99ea127f02d97709".
                 Considered "dist\Microsoft.Web.WebView2.Wpf.dll",
         			but its name "Microsoft.Web.WebView2.Wpf"
         			didn't match the expected name "WinRT.Runtime, Version=1.6.0.0, Culture=neutral, PublicKeyToken=99ea127f02d97709".
                 Considered "dist\Microsoft.Win32.Primitives.dll",
         			but its name "Microsoft.Win32.Primitives"
         			didn't match the expected name "WinRT.Runtime, Version=1.6.0.0, Culture=neutral, PublicKeyToken=99ea127f02d97709".
                 Considered "dist\Microsoft.Win32.Registry.AccessControl.dll",
         			but its name "Microsoft.Win32.Registry.AccessControl"
         			didn't match the expected name "WinRT.Runtime, Version=1.6.0.0, Culture=neutral, PublicKeyToken=99ea127f02d97709".
                 Considered "dist\Microsoft.Win32.Registry.dll",
         			but its name "Microsoft.Win32.Registry"
         			didn't match the expected name "WinRT.Runtime, Version=1.6.0.0, Culture=neutral, PublicKeyToken=99ea127f02d97709".
                 Considered "dist\Microsoft.Win32.SystemEvents.dll",
         			but its name "Microsoft.Win32.SystemEvents"
         			didn't match the expected name "WinRT.Runtime, Version=1.6.0.0, Culture=neutral, PublicKeyToken=99ea127f02d97709".
                 Considered "dist\mscordaccore.dll",
         			but its name "mscordaccore"
         			didn't match the expected name "WinRT.Runtime, Version=1.6.0.0, Culture=neutral, PublicKeyToken=99ea127f02d97709".
                 Considered "dist\mscordaccore_amd64_amd64_8.0.2426.7010.dll",
         			but its name "mscordaccore_amd64_amd64_8.0.2426.7010"
         			didn't match the expected name "WinRT.Runtime, Version=1.6.0.0, Culture=neutral, PublicKeyToken=99ea127f02d97709".
                 Considered "dist\mscordbi.dll",
         			but its name "mscordbi"
         			didn't match the expected name "WinRT.Runtime, Version=1.6.0.0, Culture=neutral, PublicKeyToken=99ea127f02d97709".
                 Considered "dist\mscorlib.dll",
         			but its name "mscorlib"
         			didn't match the expected name "WinRT.Runtime, Version=1.6.0.0, Culture=neutral, PublicKeyToken=99ea127f02d97709".
                 Considered "dist\mscorrc.dll",
         			but its name "mscorrc"
         			didn't match the expected name "WinRT.Runtime, Version=1.6.0.0, Culture=neutral, PublicKeyToken=99ea127f02d97709".
                 Considered "dist\msquic.dll",
         			but its name "msquic"
         			didn't match the expected name "WinRT.Runtime, Version=1.6.0.0, Culture=neutral, PublicKeyToken=99ea127f02d97709".
                 Considered "dist\netstandard.dll",
         			but its name "netstandard"
         			didn't match the expected name "WinRT.Runtime, Version=1.6.0.0, Culture=neutral, PublicKeyToken=99ea127f02d97709".
                 Considered "dist\Newtonsoft.Json.dll",
         			but its name "Newtonsoft.Json"
         			didn't match the expected name "WinRT.Runtime, Version=1.6.0.0, Culture=neutral, PublicKeyToken=99ea127f02d97709".
                 Considered "dist\PenImc_cor3.dll",
         			but its name "PenImc_cor3"
         			didn't match the expected name "WinRT.Runtime, Version=1.6.0.0, Culture=neutral, PublicKeyToken=99ea127f02d97709".
                 Considered "dist\pl\Microsoft.VisualBasic.Forms.resources.dll",
         			but its name "Microsoft.VisualBasic.Forms.resources"
         			didn't match the expected name "WinRT.Runtime, Version=1.6.0.0, Culture=neutral, PublicKeyToken=99ea127f02d97709".
                 Considered "dist\pl\PresentationCore.resources.dll",
         			but its name "PresentationCore.resources"
         			didn't match the expected name "WinRT.Runtime, Version=1.6.0.0, Culture=neutral, PublicKeyToken=99ea127f02d97709".
                 Considered "dist\pl\PresentationFramework.resources.dll",
         			but its name "PresentationFramework.resources"
         			didn't match the expected name "WinRT.Runtime, Version=1.6.0.0, Culture=neutral, PublicKeyToken=99ea127f02d97709".
                 Considered "dist\pl\PresentationUI.resources.dll",
         			but its name "PresentationUI.resources"
         			didn't match the expected name "WinRT.Runtime, Version=1.6.0.0, Culture=neutral, PublicKeyToken=99ea127f02d97709".
                 Considered "dist\pl\ReachFramework.resources.dll",
         			but its name "ReachFramework.resources"
         			didn't match the expected name "WinRT.Runtime, Version=1.6.0.0, Culture=neutral, PublicKeyToken=99ea127f02d97709".
                 Considered "dist\pl\System.Windows.Controls.Ribbon.resources.dll",
         			but its name "System.Windows.Controls.Ribbon.resources"
         			didn't match the expected name "WinRT.Runtime, Version=1.6.0.0, Culture=neutral, PublicKeyToken=99ea127f02d97709".
                 Considered "dist\pl\System.Windows.Forms.Design.resources.dll",
         			but its name "System.Windows.Forms.Design.resources"
         			didn't match the expected name "WinRT.Runtime, Version=1.6.0.0, Culture=neutral, PublicKeyToken=99ea127f02d97709".
                 Considered "dist\pl\System.Windows.Forms.Primitives.resources.dll",
         			but its name "System.Windows.Forms.Primitives.resources"
         			didn't match the expected name "WinRT.Runtime, Version=1.6.0.0, Culture=neutral, PublicKeyToken=99ea127f02d97709".
                 Considered "dist\pl\System.Windows.Forms.resources.dll",
         			but its name "System.Windows.Forms.resources"
         			didn't match the expected name "WinRT.Runtime, Version=1.6.0.0, Culture=neutral, PublicKeyToken=99ea127f02d97709".
                 Considered "dist\pl\System.Windows.Input.Manipulations.resources.dll",
         			but its name "System.Windows.Input.Manipulations.resources"
         			didn't match the expected name "WinRT.Runtime, Version=1.6.0.0, Culture=neutral, PublicKeyToken=99ea127f02d97709".
                 Considered "dist\pl\System.Xaml.resources.dll",
         			but its name "System.Xaml.resources"
         			didn't match the expected name "WinRT.Runtime, Version=1.6.0.0, Culture=neutral, PublicKeyToken=99ea127f02d97709".
                 Considered "dist\pl\UIAutomationClient.resources.dll",
         			but its name "UIAutomationClient.resources"
         			didn't match the expected name "WinRT.Runtime, Version=1.6.0.0, Culture=neutral, PublicKeyToken=99ea127f02d97709".
                 Considered "dist\pl\UIAutomationClientSideProviders.resources.dll",
         			but its name "UIAutomationClientSideProviders.resources"
         			didn't match the expected name "WinRT.Runtime, Version=1.6.0.0, Culture=neutral, PublicKeyToken=99ea127f02d97709".
                 Considered "dist\pl\UIAutomationProvider.resources.dll",
         			but its name "UIAutomationProvider.resources"
         			didn't match the expected name "WinRT.Runtime, Version=1.6.0.0, Culture=neutral, PublicKeyToken=99ea127f02d97709".
                 Considered "dist\pl\UIAutomationTypes.resources.dll",
         			but its name "UIAutomationTypes.resources"
         			didn't match the expected name "WinRT.Runtime, Version=1.6.0.0, Culture=neutral, PublicKeyToken=99ea127f02d97709".
                 Considered "dist\pl\WindowsBase.resources.dll",
         			but its name "WindowsBase.resources"
         			didn't match the expected name "WinRT.Runtime, Version=1.6.0.0, Culture=neutral, PublicKeyToken=99ea127f02d97709".
                 Considered "dist\pl\WindowsFormsIntegration.resources.dll",
         			but its name "WindowsFormsIntegration.resources"
         			didn't match the expected name "WinRT.Runtime, Version=1.6.0.0, Culture=neutral, PublicKeyToken=99ea127f02d97709".
                 Considered "dist\PresentationCore.dll",
         			but its name "PresentationCore"
         			didn't match the expected name "WinRT.Runtime, Version=1.6.0.0, Culture=neutral, PublicKeyToken=99ea127f02d97709".
                 Considered "dist\PresentationFramework-SystemCore.dll",
         			but its name "PresentationFramework-SystemCore"
         			didn't match the expected name "WinRT.Runtime, Version=1.6.0.0, Culture=neutral, PublicKeyToken=99ea127f02d97709".
                 Considered "dist\PresentationFramework-SystemData.dll",
         			but its name "PresentationFramework-SystemData"
         			didn't match the expected name "WinRT.Runtime, Version=1.6.0.0, Culture=neutral, PublicKeyToken=99ea127f02d97709".
                 Considered "dist\PresentationFramework-SystemDrawing.dll",
         			but its name "PresentationFramework-SystemDrawing"
         			didn't match the expected name "WinRT.Runtime, Version=1.6.0.0, Culture=neutral, PublicKeyToken=99ea127f02d97709".
                 Considered "dist\PresentationFramework-SystemXml.dll",
         			but its name "PresentationFramework-SystemXml"
         			didn't match the expected name "WinRT.Runtime, Version=1.6.0.0, Culture=neutral, PublicKeyToken=99ea127f02d97709".
                 Considered "dist\PresentationFramework-SystemXmlLinq.dll",
         			but its name "PresentationFramework-SystemXmlLinq"
         			didn't match the expected name "WinRT.Runtime, Version=1.6.0.0, Culture=neutral, PublicKeyToken=99ea127f02d97709".
                 Considered "dist\PresentationFramework.Aero.dll",
         			but its name "PresentationFramework.Aero"
         			didn't match the expected name "WinRT.Runtime, Version=1.6.0.0, Culture=neutral, PublicKeyToken=99ea127f02d97709".
                 Considered "dist\PresentationFramework.Aero2.dll",
         			but its name "PresentationFramework.Aero2"
         			didn't match the expected name "WinRT.Runtime, Version=1.6.0.0, Culture=neutral, PublicKeyToken=99ea127f02d97709".
                 Considered "dist\PresentationFramework.AeroLite.dll",
         			but its name "PresentationFramework.AeroLite"
         			didn't match the expected name "WinRT.Runtime, Version=1.6.0.0, Culture=neutral, PublicKeyToken=99ea127f02d97709".
                 Considered "dist\PresentationFramework.Classic.dll",
         			but its name "PresentationFramework.Classic"
         			didn't match the expected name "WinRT.Runtime, Version=1.6.0.0, Culture=neutral, PublicKeyToken=99ea127f02d97709".
                 Considered "dist\PresentationFramework.dll",
         			but its name "PresentationFramework"
         			didn't match the expected name "WinRT.Runtime, Version=1.6.0.0, Culture=neutral, PublicKeyToken=99ea127f02d97709".
                 Considered "dist\PresentationFramework.Luna.dll",
         			but its name "PresentationFramework.Luna"
         			didn't match the expected name "WinRT.Runtime, Version=1.6.0.0, Culture=neutral, PublicKeyToken=99ea127f02d97709".
                 Considered "dist\PresentationFramework.Royale.dll",
         			but its name "PresentationFramework.Royale"
         			didn't match the expected name "WinRT.Runtime, Version=1.6.0.0, Culture=neutral, PublicKeyToken=99ea127f02d97709".
                 Considered "dist\PresentationNative_cor3.dll",
         			but its name "PresentationNative_cor3"
         			didn't match the expected name "WinRT.Runtime, Version=1.6.0.0, Culture=neutral, PublicKeyToken=99ea127f02d97709".
                 Considered "dist\PresentationUI.dll",
         			but its name "PresentationUI"
         			didn't match the expected name "WinRT.Runtime, Version=1.6.0.0, Culture=neutral, PublicKeyToken=99ea127f02d97709".
                 Considered "dist\pt-BR\Microsoft.VisualBasic.Forms.resources.dll",
         			but its name "Microsoft.VisualBasic.Forms.resources"
         			didn't match the expected name "WinRT.Runtime, Version=1.6.0.0, Culture=neutral, PublicKeyToken=99ea127f02d97709".
                 Considered "dist\pt-BR\PresentationCore.resources.dll",
         			but its name "PresentationCore.resources"
         			didn't match the expected name "WinRT.Runtime, Version=1.6.0.0, Culture=neutral, PublicKeyToken=99ea127f02d97709".
                 Considered "dist\pt-BR\PresentationFramework.resources.dll",
         			but its name "PresentationFramework.resources"
         			didn't match the expected name "WinRT.Runtime, Version=1.6.0.0, Culture=neutral, PublicKeyToken=99ea127f02d97709".
                 Considered "dist\pt-BR\PresentationUI.resources.dll",
         			but its name "PresentationUI.resources"
         			didn't match the expected name "WinRT.Runtime, Version=1.6.0.0, Culture=neutral, PublicKeyToken=99ea127f02d97709".
                 Considered "dist\pt-BR\ReachFramework.resources.dll",
         			but its name "ReachFramework.resources"
         			didn't match the expected name "WinRT.Runtime, Version=1.6.0.0, Culture=neutral, PublicKeyToken=99ea127f02d97709".
                 Considered "dist\pt-BR\System.Windows.Controls.Ribbon.resources.dll",
         			but its name "System.Windows.Controls.Ribbon.resources"
         			didn't match the expected name "WinRT.Runtime, Version=1.6.0.0, Culture=neutral, PublicKeyToken=99ea127f02d97709".
                 Considered "dist\pt-BR\System.Windows.Forms.Design.resources.dll",
         			but its name "System.Windows.Forms.Design.resources"
         			didn't match the expected name "WinRT.Runtime, Version=1.6.0.0, Culture=neutral, PublicKeyToken=99ea127f02d97709".
                 Considered "dist\pt-BR\System.Windows.Forms.Primitives.resources.dll",
         			but its name "System.Windows.Forms.Primitives.resources"
         			didn't match the expected name "WinRT.Runtime, Version=1.6.0.0, Culture=neutral, PublicKeyToken=99ea127f02d97709".
                 Considered "dist\pt-BR\System.Windows.Forms.resources.dll",
         			but its name "System.Windows.Forms.resources"
         			didn't match the expected name "WinRT.Runtime, Version=1.6.0.0, Culture=neutral, PublicKeyToken=99ea127f02d97709".
                 Considered "dist\pt-BR\System.Windows.Input.Manipulations.resources.dll",
         			but its name "System.Windows.Input.Manipulations.resources"
         			didn't match the expected name "WinRT.Runtime, Version=1.6.0.0, Culture=neutral, PublicKeyToken=99ea127f02d97709".
                 Considered "dist\pt-BR\System.Xaml.resources.dll",
         			but its name "System.Xaml.resources"
         			didn't match the expected name "WinRT.Runtime, Version=1.6.0.0, Culture=neutral, PublicKeyToken=99ea127f02d97709".
                 Considered "dist\pt-BR\UIAutomationClient.resources.dll",
         			but its name "UIAutomationClient.resources"
         			didn't match the expected name "WinRT.Runtime, Version=1.6.0.0, Culture=neutral, PublicKeyToken=99ea127f02d97709".
                 Considered "dist\pt-BR\UIAutomationClientSideProviders.resources.dll",
         			but its name "UIAutomationClientSideProviders.resources"
         			didn't match the expected name "WinRT.Runtime, Version=1.6.0.0, Culture=neutral, PublicKeyToken=99ea127f02d97709".
                 Considered "dist\pt-BR\UIAutomationProvider.resources.dll",
         			but its name "UIAutomationProvider.resources"
         			didn't match the expected name "WinRT.Runtime, Version=1.6.0.0, Culture=neutral, PublicKeyToken=99ea127f02d97709".
                 Considered "dist\pt-BR\UIAutomationTypes.resources.dll",
         			but its name "UIAutomationTypes.resources"
         			didn't match the expected name "WinRT.Runtime, Version=1.6.0.0, Culture=neutral, PublicKeyToken=99ea127f02d97709".
                 Considered "dist\pt-BR\WindowsBase.resources.dll",
         			but its name "WindowsBase.resources"
         			didn't match the expected name "WinRT.Runtime, Version=1.6.0.0, Culture=neutral, PublicKeyToken=99ea127f02d97709".
                 Considered "dist\pt-BR\WindowsFormsIntegration.resources.dll",
         			but its name "WindowsFormsIntegration.resources"
         			didn't match the expected name "WinRT.Runtime, Version=1.6.0.0, Culture=neutral, PublicKeyToken=99ea127f02d97709".
                 Considered "dist\ReachFramework.dll",
         			but its name "ReachFramework"
         			didn't match the expected name "WinRT.Runtime, Version=1.6.0.0, Culture=neutral, PublicKeyToken=99ea127f02d97709".
                 Considered "dist\runtimes\win-x64\native\WebView2Loader.dll",
         			but its name "WebView2Loader"
         			didn't match the expected name "WinRT.Runtime, Version=1.6.0.0, Culture=neutral, PublicKeyToken=99ea127f02d97709".
                 Considered "dist\ru\Microsoft.VisualBasic.Forms.resources.dll",
         			but its name "Microsoft.VisualBasic.Forms.resources"
         			didn't match the expected name "WinRT.Runtime, Version=1.6.0.0, Culture=neutral, PublicKeyToken=99ea127f02d97709".
                 Considered "dist\ru\PresentationCore.resources.dll",
         			but its name "PresentationCore.resources"
         			didn't match the expected name "WinRT.Runtime, Version=1.6.0.0, Culture=neutral, PublicKeyToken=99ea127f02d97709".
                 Considered "dist\ru\PresentationFramework.resources.dll",
         			but its name "PresentationFramework.resources"
         			didn't match the expected name "WinRT.Runtime, Version=1.6.0.0, Culture=neutral, PublicKeyToken=99ea127f02d97709".
                 Considered "dist\ru\PresentationUI.resources.dll",
         			but its name "PresentationUI.resources"
         			didn't match the expected name "WinRT.Runtime, Version=1.6.0.0, Culture=neutral, PublicKeyToken=99ea127f02d97709".
                 Considered "dist\ru\ReachFramework.resources.dll",
         			but its name "ReachFramework.resources"
         			didn't match the expected name "WinRT.Runtime, Version=1.6.0.0, Culture=neutral, PublicKeyToken=99ea127f02d97709".
                 Considered "dist\ru\System.Windows.Controls.Ribbon.resources.dll",
         			but its name "System.Windows.Controls.Ribbon.resources"
         			didn't match the expected name "WinRT.Runtime, Version=1.6.0.0, Culture=neutral, PublicKeyToken=99ea127f02d97709".
                 Considered "dist\ru\System.Windows.Forms.Design.resources.dll",
         			but its name "System.Windows.Forms.Design.resources"
         			didn't match the expected name "WinRT.Runtime, Version=1.6.0.0, Culture=neutral, PublicKeyToken=99ea127f02d97709".
                 Considered "dist\ru\System.Windows.Forms.Primitives.resources.dll",
         			but its name "System.Windows.Forms.Primitives.resources"
         			didn't match the expected name "WinRT.Runtime, Version=1.6.0.0, Culture=neutral, PublicKeyToken=99ea127f02d97709".
                 Considered "dist\ru\System.Windows.Forms.resources.dll",
         			but its name "System.Windows.Forms.resources"
         			didn't match the expected name "WinRT.Runtime, Version=1.6.0.0, Culture=neutral, PublicKeyToken=99ea127f02d97709".
                 Considered "dist\ru\System.Windows.Input.Manipulations.resources.dll",
         			but its name "System.Windows.Input.Manipulations.resources"
         			didn't match the expected name "WinRT.Runtime, Version=1.6.0.0, Culture=neutral, PublicKeyToken=99ea127f02d97709".
                 Considered "dist\ru\System.Xaml.resources.dll",
         			but its name "System.Xaml.resources"
         			didn't match the expected name "WinRT.Runtime, Version=1.6.0.0, Culture=neutral, PublicKeyToken=99ea127f02d97709".
                 Considered "dist\ru\UIAutomationClient.resources.dll",
         			but its name "UIAutomationClient.resources"
         			didn't match the expected name "WinRT.Runtime, Version=1.6.0.0, Culture=neutral, PublicKeyToken=99ea127f02d97709".
                 Considered "dist\ru\UIAutomationClientSideProviders.resources.dll",
         			but its name "UIAutomationClientSideProviders.resources"
         			didn't match the expected name "WinRT.Runtime, Version=1.6.0.0, Culture=neutral, PublicKeyToken=99ea127f02d97709".
                 Considered "dist\ru\UIAutomationProvider.resources.dll",
         			but its name "UIAutomationProvider.resources"
         			didn't match the expected name "WinRT.Runtime, Version=1.6.0.0, Culture=neutral, PublicKeyToken=99ea127f02d97709".
                 Considered "dist\ru\UIAutomationTypes.resources.dll",
         			but its name "UIAutomationTypes.resources"
         			didn't match the expected name "WinRT.Runtime, Version=1.6.0.0, Culture=neutral, PublicKeyToken=99ea127f02d97709".
                 Considered "dist\ru\WindowsBase.resources.dll",
         			but its name "WindowsBase.resources"
         			didn't match the expected name "WinRT.Runtime, Version=1.6.0.0, Culture=neutral, PublicKeyToken=99ea127f02d97709".
                 Considered "dist\ru\WindowsFormsIntegration.resources.dll",
         			but its name "WindowsFormsIntegration.resources"
         			didn't match the expected name "WinRT.Runtime, Version=1.6.0.0, Culture=neutral, PublicKeyToken=99ea127f02d97709".
                 Considered "dist\SQLitePCLRaw.batteries_v2.dll",
         			but its name "SQLitePCLRaw.batteries_v2"
         			didn't match the expected name "WinRT.Runtime, Version=1.6.0.0, Culture=neutral, PublicKeyToken=99ea127f02d97709".
                 Considered "dist\SQLitePCLRaw.core.dll",
         			but its name "SQLitePCLRaw.core"
         			didn't match the expected name "WinRT.Runtime, Version=1.6.0.0, Culture=neutral, PublicKeyToken=99ea127f02d97709".
                 Considered "dist\SQLitePCLRaw.provider.e_sqlite3.dll",
         			but its name "SQLitePCLRaw.provider.e_sqlite3"
         			didn't match the expected name "WinRT.Runtime, Version=1.6.0.0, Culture=neutral, PublicKeyToken=99ea127f02d97709".
                 Considered "dist\System.AppContext.dll",
         			but its name "System.AppContext"
         			didn't match the expected name "WinRT.Runtime, Version=1.6.0.0, Culture=neutral, PublicKeyToken=99ea127f02d97709".
                 Considered "dist\System.Buffers.dll",
         			but its name "System.Buffers"
         			didn't match the expected name "WinRT.Runtime, Version=1.6.0.0, Culture=neutral, PublicKeyToken=99ea127f02d97709".
                 Considered "dist\System.CodeDom.dll",
         			but its name "System.CodeDom"
         			didn't match the expected name "WinRT.Runtime, Version=1.6.0.0, Culture=neutral, PublicKeyToken=99ea127f02d97709".
                 Considered "dist\System.Collections.Concurrent.dll",
         			but its name "System.Collections.Concurrent"
         			didn't match the expected name "WinRT.Runtime, Version=1.6.0.0, Culture=neutral, PublicKeyToken=99ea127f02d97709".
                 Considered "dist\System.Collections.dll",
         			but its name "System.Collections"
         			didn't match the expected name "WinRT.Runtime, Version=1.6.0.0, Culture=neutral, PublicKeyToken=99ea127f02d97709".
                 Considered "dist\System.Collections.Immutable.dll",
         			but its name "System.Collections.Immutable"
         			didn't match the expected name "WinRT.Runtime, Version=1.6.0.0, Culture=neutral, PublicKeyToken=99ea127f02d97709".
                 Considered "dist\System.Collections.NonGeneric.dll",
         			but its name "System.Collections.NonGeneric"
         			didn't match the expected name "WinRT.Runtime, Version=1.6.0.0, Culture=neutral, PublicKeyToken=99ea127f02d97709".
                 Considered "dist\System.Collections.Specialized.dll",
         			but its name "System.Collections.Specialized"
         			didn't match the expected name "WinRT.Runtime, Version=1.6.0.0, Culture=neutral, PublicKeyToken=99ea127f02d97709".
                 Considered "dist\System.ComponentModel.Annotations.dll",
         			but its name "System.ComponentModel.Annotations"
         			didn't match the expected name "WinRT.Runtime, Version=1.6.0.0, Culture=neutral, PublicKeyToken=99ea127f02d97709".
                 Considered "dist\System.ComponentModel.DataAnnotations.dll",
         			but its name "System.ComponentModel.DataAnnotations"
         			didn't match the expected name "WinRT.Runtime, Version=1.6.0.0, Culture=neutral, PublicKeyToken=99ea127f02d97709".
                 Considered "dist\System.ComponentModel.dll",
         			but its name "System.ComponentModel"
         			didn't match the expected name "WinRT.Runtime, Version=1.6.0.0, Culture=neutral, PublicKeyToken=99ea127f02d97709".
                 Considered "dist\System.ComponentModel.EventBasedAsync.dll",
         			but its name "System.ComponentModel.EventBasedAsync"
         			didn't match the expected name "WinRT.Runtime, Version=1.6.0.0, Culture=neutral, PublicKeyToken=99ea127f02d97709".
                 Considered "dist\System.ComponentModel.Primitives.dll",
         			but its name "System.ComponentModel.Primitives"
         			didn't match the expected name "WinRT.Runtime, Version=1.6.0.0, Culture=neutral, PublicKeyToken=99ea127f02d97709".
                 Considered "dist\System.ComponentModel.TypeConverter.dll",
         			but its name "System.ComponentModel.TypeConverter"
         			didn't match the expected name "WinRT.Runtime, Version=1.6.0.0, Culture=neutral, PublicKeyToken=99ea127f02d97709".
                 Considered "dist\System.Configuration.ConfigurationManager.dll",
         			but its name "System.Configuration.ConfigurationManager"
         			didn't match the expected name "WinRT.Runtime, Version=1.6.0.0, Culture=neutral, PublicKeyToken=99ea127f02d97709".
                 Considered "dist\System.Configuration.dll",
         			but its name "System.Configuration"
         			didn't match the expected name "WinRT.Runtime, Version=1.6.0.0, Culture=neutral, PublicKeyToken=99ea127f02d97709".
                 Considered "dist\System.Console.dll",
         			but its name "System.Console"
         			didn't match the expected name "WinRT.Runtime, Version=1.6.0.0, Culture=neutral, PublicKeyToken=99ea127f02d97709".
                 Considered "dist\System.Core.dll",
         			but its name "System.Core"
         			didn't match the expected name "WinRT.Runtime, Version=1.6.0.0, Culture=neutral, PublicKeyToken=99ea127f02d97709".
                 Considered "dist\System.Data.Common.dll",
         			but its name "System.Data.Common"
         			didn't match the expected name "WinRT.Runtime, Version=1.6.0.0, Culture=neutral, PublicKeyToken=99ea127f02d97709".
                 Considered "dist\System.Data.DataSetExtensions.dll",
         			but its name "System.Data.DataSetExtensions"
         			didn't match the expected name "WinRT.Runtime, Version=1.6.0.0, Culture=neutral, PublicKeyToken=99ea127f02d97709".
                 Considered "dist\System.Data.dll",
         			but its name "System.Data"
         			didn't match the expected name "WinRT.Runtime, Version=1.6.0.0, Culture=neutral, PublicKeyToken=99ea127f02d97709".
                 Considered "dist\System.Design.dll",
         			but its name "System.Design"
         			didn't match the expected name "WinRT.Runtime, Version=1.6.0.0, Culture=neutral, PublicKeyToken=99ea127f02d97709".
                 Considered "dist\System.Diagnostics.Contracts.dll",
         			but its name "System.Diagnostics.Contracts"
         			didn't match the expected name "WinRT.Runtime, Version=1.6.0.0, Culture=neutral, PublicKeyToken=99ea127f02d97709".
                 Considered "dist\System.Diagnostics.Debug.dll",
         			but its name "System.Diagnostics.Debug"
         			didn't match the expected name "WinRT.Runtime, Version=1.6.0.0, Culture=neutral, PublicKeyToken=99ea127f02d97709".
                 Considered "dist\System.Diagnostics.DiagnosticSource.dll",
         			but its name "System.Diagnostics.DiagnosticSource"
         			didn't match the expected name "WinRT.Runtime, Version=1.6.0.0, Culture=neutral, PublicKeyToken=99ea127f02d97709".
                 Considered "dist\System.Diagnostics.EventLog.dll",
         			but its name "System.Diagnostics.EventLog"
         			didn't match the expected name "WinRT.Runtime, Version=1.6.0.0, Culture=neutral, PublicKeyToken=99ea127f02d97709".
                 Considered "dist\System.Diagnostics.EventLog.Messages.dll",
         			but its name "System.Diagnostics.EventLog.Messages"
         			didn't match the expected name "WinRT.Runtime, Version=1.6.0.0, Culture=neutral, PublicKeyToken=99ea127f02d97709".
                 Considered "dist\System.Diagnostics.FileVersionInfo.dll",
         			but its name "System.Diagnostics.FileVersionInfo"
         			didn't match the expected name "WinRT.Runtime, Version=1.6.0.0, Culture=neutral, PublicKeyToken=99ea127f02d97709".
                 Considered "dist\System.Diagnostics.PerformanceCounter.dll",
         			but its name "System.Diagnostics.PerformanceCounter"
         			didn't match the expected name "WinRT.Runtime, Version=1.6.0.0, Culture=neutral, PublicKeyToken=99ea127f02d97709".
                 Considered "dist\System.Diagnostics.Process.dll",
         			but its name "System.Diagnostics.Process"
         			didn't match the expected name "WinRT.Runtime, Version=1.6.0.0, Culture=neutral, PublicKeyToken=99ea127f02d97709".
                 Considered "dist\System.Diagnostics.StackTrace.dll",
         			but its name "System.Diagnostics.StackTrace"
         			didn't match the expected name "WinRT.Runtime, Version=1.6.0.0, Culture=neutral, PublicKeyToken=99ea127f02d97709".
                 Considered "dist\System.Diagnostics.TextWriterTraceListener.dll",
         			but its name "System.Diagnostics.TextWriterTraceListener"
         			didn't match the expected name "WinRT.Runtime, Version=1.6.0.0, Culture=neutral, PublicKeyToken=99ea127f02d97709".
                 Considered "dist\System.Diagnostics.Tools.dll",
         			but its name "System.Diagnostics.Tools"
         			didn't match the expected name "WinRT.Runtime, Version=1.6.0.0, Culture=neutral, PublicKeyToken=99ea127f02d97709".
                 Considered "dist\System.Diagnostics.TraceSource.dll",
         			but its name "System.Diagnostics.TraceSource"
         			didn't match the expected name "WinRT.Runtime, Version=1.6.0.0, Culture=neutral, PublicKeyToken=99ea127f02d97709".
                 Considered "dist\System.Diagnostics.Tracing.dll",
         			but its name "System.Diagnostics.Tracing"
         			didn't match the expected name "WinRT.Runtime, Version=1.6.0.0, Culture=neutral, PublicKeyToken=99ea127f02d97709".
                 Considered "dist\System.DirectoryServices.dll",
         			but its name "System.DirectoryServices"
         			didn't match the expected name "WinRT.Runtime, Version=1.6.0.0, Culture=neutral, PublicKeyToken=99ea127f02d97709".
                 Considered "dist\System.dll",
         			but its name "System"
         			didn't match the expected name "WinRT.Runtime, Version=1.6.0.0, Culture=neutral, PublicKeyToken=99ea127f02d97709".
                 Considered "dist\System.Drawing.Common.dll",
         			but its name "System.Drawing.Common"
         			didn't match the expected name "WinRT.Runtime, Version=1.6.0.0, Culture=neutral, PublicKeyToken=99ea127f02d97709".
                 Considered "dist\System.Drawing.Design.dll",
         			but its name "System.Drawing.Design"
         			didn't match the expected name "WinRT.Runtime, Version=1.6.0.0, Culture=neutral, PublicKeyToken=99ea127f02d97709".
                 Considered "dist\System.Drawing.dll",
         			but its name "System.Drawing"
         			didn't match the expected name "WinRT.Runtime, Version=1.6.0.0, Culture=neutral, PublicKeyToken=99ea127f02d97709".
                 Considered "dist\System.Drawing.Primitives.dll",
         			but its name "System.Drawing.Primitives"
         			didn't match the expected name "WinRT.Runtime, Version=1.6.0.0, Culture=neutral, PublicKeyToken=99ea127f02d97709".
                 Considered "dist\System.Dynamic.Runtime.dll",
         			but its name "System.Dynamic.Runtime"
         			didn't match the expected name "WinRT.Runtime, Version=1.6.0.0, Culture=neutral, PublicKeyToken=99ea127f02d97709".
                 Considered "dist\System.Formats.Asn1.dll",
         			but its name "System.Formats.Asn1"
         			didn't match the expected name "WinRT.Runtime, Version=1.6.0.0, Culture=neutral, PublicKeyToken=99ea127f02d97709".
                 Considered "dist\System.Formats.Tar.dll",
         			but its name "System.Formats.Tar"
         			didn't match the expected name "WinRT.Runtime, Version=1.6.0.0, Culture=neutral, PublicKeyToken=99ea127f02d97709".
                 Considered "dist\System.Globalization.Calendars.dll",
         			but its name "System.Globalization.Calendars"
         			didn't match the expected name "WinRT.Runtime, Version=1.6.0.0, Culture=neutral, PublicKeyToken=99ea127f02d97709".
                 Considered "dist\System.Globalization.dll",
         			but its name "System.Globalization"
         			didn't match the expected name "WinRT.Runtime, Version=1.6.0.0, Culture=neutral, PublicKeyToken=99ea127f02d97709".
                 Considered "dist\System.Globalization.Extensions.dll",
         			but its name "System.Globalization.Extensions"
         			didn't match the expected name "WinRT.Runtime, Version=1.6.0.0, Culture=neutral, PublicKeyToken=99ea127f02d97709".
                 Considered "dist\System.IO.Compression.Brotli.dll",
         			but its name "System.IO.Compression.Brotli"
         			didn't match the expected name "WinRT.Runtime, Version=1.6.0.0, Culture=neutral, PublicKeyToken=99ea127f02d97709".
                 Considered "dist\System.IO.Compression.dll",
         			but its name "System.IO.Compression"
         			didn't match the expected name "WinRT.Runtime, Version=1.6.0.0, Culture=neutral, PublicKeyToken=99ea127f02d97709".
                 Considered "dist\System.IO.Compression.FileSystem.dll",
         			but its name "System.IO.Compression.FileSystem"
         			didn't match the expected name "WinRT.Runtime, Version=1.6.0.0, Culture=neutral, PublicKeyToken=99ea127f02d97709".
                 Considered "dist\System.IO.Compression.Native.dll",
         			but its name "System.IO.Compression.Native"
         			didn't match the expected name "WinRT.Runtime, Version=1.6.0.0, Culture=neutral, PublicKeyToken=99ea127f02d97709".
                 Considered "dist\System.IO.Compression.ZipFile.dll",
         			but its name "System.IO.Compression.ZipFile"
         			didn't match the expected name "WinRT.Runtime, Version=1.6.0.0, Culture=neutral, PublicKeyToken=99ea127f02d97709".
                 Considered "dist\System.IO.dll",
         			but its name "System.IO"
         			didn't match the expected name "WinRT.Runtime, Version=1.6.0.0, Culture=neutral, PublicKeyToken=99ea127f02d97709".
                 Considered "dist\System.IO.FileSystem.AccessControl.dll",
         			but its name "System.IO.FileSystem.AccessControl"
         			didn't match the expected name "WinRT.Runtime, Version=1.6.0.0, Culture=neutral, PublicKeyToken=99ea127f02d97709".
                 Considered "dist\System.IO.FileSystem.dll",
         			but its name "System.IO.FileSystem"
         			didn't match the expected name "WinRT.Runtime, Version=1.6.0.0, Culture=neutral, PublicKeyToken=99ea127f02d97709".
                 Considered "dist\System.IO.FileSystem.DriveInfo.dll",
         			but its name "System.IO.FileSystem.DriveInfo"
         			didn't match the expected name "WinRT.Runtime, Version=1.6.0.0, Culture=neutral, PublicKeyToken=99ea127f02d97709".
                 Considered "dist\System.IO.FileSystem.Primitives.dll",
         			but its name "System.IO.FileSystem.Primitives"
         			didn't match the expected name "WinRT.Runtime, Version=1.6.0.0, Culture=neutral, PublicKeyToken=99ea127f02d97709".
                 Considered "dist\System.IO.FileSystem.Watcher.dll",
         			but its name "System.IO.FileSystem.Watcher"
         			didn't match the expected name "WinRT.Runtime, Version=1.6.0.0, Culture=neutral, PublicKeyToken=99ea127f02d97709".
                 Considered "dist\System.IO.IsolatedStorage.dll",
         			but its name "System.IO.IsolatedStorage"
         			didn't match the expected name "WinRT.Runtime, Version=1.6.0.0, Culture=neutral, PublicKeyToken=99ea127f02d97709".
                 Considered "dist\System.IO.MemoryMappedFiles.dll",
         			but its name "System.IO.MemoryMappedFiles"
         			didn't match the expected name "WinRT.Runtime, Version=1.6.0.0, Culture=neutral, PublicKeyToken=99ea127f02d97709".
                 Considered "dist\System.IO.Packaging.dll",
         			but its name "System.IO.Packaging"
         			didn't match the expected name "WinRT.Runtime, Version=1.6.0.0, Culture=neutral, PublicKeyToken=99ea127f02d97709".
                 Considered "dist\System.IO.Pipes.AccessControl.dll",
         			but its name "System.IO.Pipes.AccessControl"
         			didn't match the expected name "WinRT.Runtime, Version=1.6.0.0, Culture=neutral, PublicKeyToken=99ea127f02d97709".
                 Considered "dist\System.IO.Pipes.dll",
         			but its name "System.IO.Pipes"
         			didn't match the expected name "WinRT.Runtime, Version=1.6.0.0, Culture=neutral, PublicKeyToken=99ea127f02d97709".
                 Considered "dist\System.IO.UnmanagedMemoryStream.dll",
         			but its name "System.IO.UnmanagedMemoryStream"
         			didn't match the expected name "WinRT.Runtime, Version=1.6.0.0, Culture=neutral, PublicKeyToken=99ea127f02d97709".
                 Considered "dist\System.Linq.dll",
         			but its name "System.Linq"
         			didn't match the expected name "WinRT.Runtime, Version=1.6.0.0, Culture=neutral, PublicKeyToken=99ea127f02d97709".
                 Considered "dist\System.Linq.Expressions.dll",
         			but its name "System.Linq.Expressions"
         			didn't match the expected name "WinRT.Runtime, Version=1.6.0.0, Culture=neutral, PublicKeyToken=99ea127f02d97709".
                 Considered "dist\System.Linq.Parallel.dll",
         			but its name "System.Linq.Parallel"
         			didn't match the expected name "WinRT.Runtime, Version=1.6.0.0, Culture=neutral, PublicKeyToken=99ea127f02d97709".
                 Considered "dist\System.Linq.Queryable.dll",
         			but its name "System.Linq.Queryable"
         			didn't match the expected name "WinRT.Runtime, Version=1.6.0.0, Culture=neutral, PublicKeyToken=99ea127f02d97709".
                 Considered "dist\System.Memory.dll",
         			but its name "System.Memory"
         			didn't match the expected name "WinRT.Runtime, Version=1.6.0.0, Culture=neutral, PublicKeyToken=99ea127f02d97709".
                 Considered "dist\System.Net.dll",
         			but its name "System.Net"
         			didn't match the expected name "WinRT.Runtime, Version=1.6.0.0, Culture=neutral, PublicKeyToken=99ea127f02d97709".
                 Considered "dist\System.Net.Http.dll",
         			but its name "System.Net.Http"
         			didn't match the expected name "WinRT.Runtime, Version=1.6.0.0, Culture=neutral, PublicKeyToken=99ea127f02d97709".
                 Considered "dist\System.Net.Http.Json.dll",
         			but its name "System.Net.Http.Json"
         			didn't match the expected name "WinRT.Runtime, Version=1.6.0.0, Culture=neutral, PublicKeyToken=99ea127f02d97709".
                 Considered "dist\System.Net.HttpListener.dll",
         			but its name "System.Net.HttpListener"
         			didn't match the expected name "WinRT.Runtime, Version=1.6.0.0, Culture=neutral, PublicKeyToken=99ea127f02d97709".
                 Considered "dist\System.Net.Mail.dll",
         			but its name "System.Net.Mail"
         			didn't match the expected name "WinRT.Runtime, Version=1.6.0.0, Culture=neutral, PublicKeyToken=99ea127f02d97709".
                 Considered "dist\System.Net.NameResolution.dll",
         			but its name "System.Net.NameResolution"
         			didn't match the expected name "WinRT.Runtime, Version=1.6.0.0, Culture=neutral, PublicKeyToken=99ea127f02d97709".
                 Considered "dist\System.Net.NetworkInformation.dll",
         			but its name "System.Net.NetworkInformation"
         			didn't match the expected name "WinRT.Runtime, Version=1.6.0.0, Culture=neutral, PublicKeyToken=99ea127f02d97709".
                 Considered "dist\System.Net.Ping.dll",
         			but its name "System.Net.Ping"
         			didn't match the expected name "WinRT.Runtime, Version=1.6.0.0, Culture=neutral, PublicKeyToken=99ea127f02d97709".
                 Considered "dist\System.Net.Primitives.dll",
         			but its name "System.Net.Primitives"
         			didn't match the expected name "WinRT.Runtime, Version=1.6.0.0, Culture=neutral, PublicKeyToken=99ea127f02d97709".
                 Considered "dist\System.Net.Quic.dll",
         			but its name "System.Net.Quic"
         			didn't match the expected name "WinRT.Runtime, Version=1.6.0.0, Culture=neutral, PublicKeyToken=99ea127f02d97709".
                 Considered "dist\System.Net.Requests.dll",
         			but its name "System.Net.Requests"
         			didn't match the expected name "WinRT.Runtime, Version=1.6.0.0, Culture=neutral, PublicKeyToken=99ea127f02d97709".
                 Considered "dist\System.Net.Security.dll",
         			but its name "System.Net.Security"
         			didn't match the expected name "WinRT.Runtime, Version=1.6.0.0, Culture=neutral, PublicKeyToken=99ea127f02d97709".
                 Considered "dist\System.Net.ServicePoint.dll",
         			but its name "System.Net.ServicePoint"
         			didn't match the expected name "WinRT.Runtime, Version=1.6.0.0, Culture=neutral, PublicKeyToken=99ea127f02d97709".
                 Considered "dist\System.Net.Sockets.dll",
         			but its name "System.Net.Sockets"
         			didn't match the expected name "WinRT.Runtime, Version=1.6.0.0, Culture=neutral, PublicKeyToken=99ea127f02d97709".
                 Considered "dist\System.Net.WebClient.dll",
         			but its name "System.Net.WebClient"
         			didn't match the expected name "WinRT.Runtime, Version=1.6.0.0, Culture=neutral, PublicKeyToken=99ea127f02d97709".
                 Considered "dist\System.Net.WebHeaderCollection.dll",
         			but its name "System.Net.WebHeaderCollection"
         			didn't match the expected name "WinRT.Runtime, Version=1.6.0.0, Culture=neutral, PublicKeyToken=99ea127f02d97709".
                 Considered "dist\System.Net.WebProxy.dll",
         			but its name "System.Net.WebProxy"
         			didn't match the expected name "WinRT.Runtime, Version=1.6.0.0, Culture=neutral, PublicKeyToken=99ea127f02d97709".
                 Considered "dist\System.Net.WebSockets.Client.dll",
         			but its name "System.Net.WebSockets.Client"
         			didn't match the expected name "WinRT.Runtime, Version=1.6.0.0, Culture=neutral, PublicKeyToken=99ea127f02d97709".
                 Considered "dist\System.Net.WebSockets.dll",
         			but its name "System.Net.WebSockets"
         			didn't match the expected name "WinRT.Runtime, Version=1.6.0.0, Culture=neutral, PublicKeyToken=99ea127f02d97709".
                 Considered "dist\System.Numerics.dll",
         			but its name "System.Numerics"
         			didn't match the expected name "WinRT.Runtime, Version=1.6.0.0, Culture=neutral, PublicKeyToken=99ea127f02d97709".
                 Considered "dist\System.Numerics.Vectors.dll",
         			but its name "System.Numerics.Vectors"
         			didn't match the expected name "WinRT.Runtime, Version=1.6.0.0, Culture=neutral, PublicKeyToken=99ea127f02d97709".
                 Considered "dist\System.ObjectModel.dll",
         			but its name "System.ObjectModel"
         			didn't match the expected name "WinRT.Runtime, Version=1.6.0.0, Culture=neutral, PublicKeyToken=99ea127f02d97709".
                 Considered "dist\System.Printing.dll",
         			but its name "System.Printing"
         			didn't match the expected name "WinRT.Runtime, Version=1.6.0.0, Culture=neutral, PublicKeyToken=99ea127f02d97709".
                 Considered "dist\System.Private.CoreLib.dll",
         			but its name "System.Private.CoreLib"
         			didn't match the expected name "WinRT.Runtime, Version=1.6.0.0, Culture=neutral, PublicKeyToken=99ea127f02d97709".
                 Considered "dist\System.Private.DataContractSerialization.dll",
         			but its name "System.Private.DataContractSerialization"
         			didn't match the expected name "WinRT.Runtime, Version=1.6.0.0, Culture=neutral, PublicKeyToken=99ea127f02d97709".
                 Considered "dist\System.Private.Uri.dll",
         			but its name "System.Private.Uri"
         			didn't match the expected name "WinRT.Runtime, Version=1.6.0.0, Culture=neutral, PublicKeyToken=99ea127f02d97709".
                 Considered "dist\System.Private.Xml.dll",
         			but its name "System.Private.Xml"
         			didn't match the expected name "WinRT.Runtime, Version=1.6.0.0, Culture=neutral, PublicKeyToken=99ea127f02d97709".
                 Considered "dist\System.Private.Xml.Linq.dll",
         			but its name "System.Private.Xml.Linq"
         			didn't match the expected name "WinRT.Runtime, Version=1.6.0.0, Culture=neutral, PublicKeyToken=99ea127f02d97709".
                 Considered "dist\System.Reflection.DispatchProxy.dll",
         			but its name "System.Reflection.DispatchProxy"
         			didn't match the expected name "WinRT.Runtime, Version=1.6.0.0, Culture=neutral, PublicKeyToken=99ea127f02d97709".
                 Considered "dist\System.Reflection.dll",
         			but its name "System.Reflection"
         			didn't match the expected name "WinRT.Runtime, Version=1.6.0.0, Culture=neutral, PublicKeyToken=99ea127f02d97709".
                 Considered "dist\System.Reflection.Emit.dll",
         			but its name "System.Reflection.Emit"
         			didn't match the expected name "WinRT.Runtime, Version=1.6.0.0, Culture=neutral, PublicKeyToken=99ea127f02d97709".
                 Considered "dist\System.Reflection.Emit.ILGeneration.dll",
         			but its name "System.Reflection.Emit.ILGeneration"
         			didn't match the expected name "WinRT.Runtime, Version=1.6.0.0, Culture=neutral, PublicKeyToken=99ea127f02d97709".
                 Considered "dist\System.Reflection.Emit.Lightweight.dll",
         			but its name "System.Reflection.Emit.Lightweight"
         			didn't match the expected name "WinRT.Runtime, Version=1.6.0.0, Culture=neutral, PublicKeyToken=99ea127f02d97709".
                 Considered "dist\System.Reflection.Extensions.dll",
         			but its name "System.Reflection.Extensions"
         			didn't match the expected name "WinRT.Runtime, Version=1.6.0.0, Culture=neutral, PublicKeyToken=99ea127f02d97709".
                 Considered "dist\System.Reflection.Metadata.dll",
         			but its name "System.Reflection.Metadata"
         			didn't match the expected name "WinRT.Runtime, Version=1.6.0.0, Culture=neutral, PublicKeyToken=99ea127f02d97709".
                 Considered "dist\System.Reflection.Primitives.dll",
         			but its name "System.Reflection.Primitives"
         			didn't match the expected name "WinRT.Runtime, Version=1.6.0.0, Culture=neutral, PublicKeyToken=99ea127f02d97709".
                 Considered "dist\System.Reflection.TypeExtensions.dll",
         			but its name "System.Reflection.TypeExtensions"
         			didn't match the expected name "WinRT.Runtime, Version=1.6.0.0, Culture=neutral, PublicKeyToken=99ea127f02d97709".
                 Considered "dist\System.Resources.Extensions.dll",
         			but its name "System.Resources.Extensions"
         			didn't match the expected name "WinRT.Runtime, Version=1.6.0.0, Culture=neutral, PublicKeyToken=99ea127f02d97709".
                 Considered "dist\System.Resources.Reader.dll",
         			but its name "System.Resources.Reader"
         			didn't match the expected name "WinRT.Runtime, Version=1.6.0.0, Culture=neutral, PublicKeyToken=99ea127f02d97709".
                 Considered "dist\System.Resources.ResourceManager.dll",
         			but its name "System.Resources.ResourceManager"
         			didn't match the expected name "WinRT.Runtime, Version=1.6.0.0, Culture=neutral, PublicKeyToken=99ea127f02d97709".
                 Considered "dist\System.Resources.Writer.dll",
         			but its name "System.Resources.Writer"
         			didn't match the expected name "WinRT.Runtime, Version=1.6.0.0, Culture=neutral, PublicKeyToken=99ea127f02d97709".
                 Considered "dist\System.Runtime.CompilerServices.Unsafe.dll",
         			but its name "System.Runtime.CompilerServices.Unsafe"
         			didn't match the expected name "WinRT.Runtime, Version=1.6.0.0, Culture=neutral, PublicKeyToken=99ea127f02d97709".
                 Considered "dist\System.Runtime.CompilerServices.VisualC.dll",
         			but its name "System.Runtime.CompilerServices.VisualC"
         			didn't match the expected name "WinRT.Runtime, Version=1.6.0.0, Culture=neutral, PublicKeyToken=99ea127f02d97709".
                 Considered "dist\System.Runtime.dll",
         			but its name "System.Runtime"
         			didn't match the expected name "WinRT.Runtime, Version=1.6.0.0, Culture=neutral, PublicKeyToken=99ea127f02d97709".
                 Considered "dist\System.Runtime.Extensions.dll",
         			but its name "System.Runtime.Extensions"
         			didn't match the expected name "WinRT.Runtime, Version=1.6.0.0, Culture=neutral, PublicKeyToken=99ea127f02d97709".
                 Considered "dist\System.Runtime.Handles.dll",
         			but its name "System.Runtime.Handles"
         			didn't match the expected name "WinRT.Runtime, Version=1.6.0.0, Culture=neutral, PublicKeyToken=99ea127f02d97709".
                 Considered "dist\System.Runtime.InteropServices.dll",
         			but its name "System.Runtime.InteropServices"
         			didn't match the expected name "WinRT.Runtime, Version=1.6.0.0, Culture=neutral, PublicKeyToken=99ea127f02d97709".
                 Considered "dist\System.Runtime.InteropServices.JavaScript.dll",
         			but its name "System.Runtime.InteropServices.JavaScript"
         			didn't match the expected name "WinRT.Runtime, Version=1.6.0.0, Culture=neutral, PublicKeyToken=99ea127f02d97709".
                 Considered "dist\System.Runtime.InteropServices.RuntimeInformation.dll",
         			but its name "System.Runtime.InteropServices.RuntimeInformation"
         			didn't match the expected name "WinRT.Runtime, Version=1.6.0.0, Culture=neutral, PublicKeyToken=99ea127f02d97709".
                 Considered "dist\System.Runtime.Intrinsics.dll",
         			but its name "System.Runtime.Intrinsics"
         			didn't match the expected name "WinRT.Runtime, Version=1.6.0.0, Culture=neutral, PublicKeyToken=99ea127f02d97709".
                 Considered "dist\System.Runtime.Loader.dll",
         			but its name "System.Runtime.Loader"
         			didn't match the expected name "WinRT.Runtime, Version=1.6.0.0, Culture=neutral, PublicKeyToken=99ea127f02d97709".
                 Considered "dist\System.Runtime.Numerics.dll",
         			but its name "System.Runtime.Numerics"
         			didn't match the expected name "WinRT.Runtime, Version=1.6.0.0, Culture=neutral, PublicKeyToken=99ea127f02d97709".
                 Considered "dist\System.Runtime.Serialization.dll",
         			but its name "System.Runtime.Serialization"
         			didn't match the expected name "WinRT.Runtime, Version=1.6.0.0, Culture=neutral, PublicKeyToken=99ea127f02d97709".
                 Considered "dist\System.Runtime.Serialization.Formatters.dll",
         			but its name "System.Runtime.Serialization.Formatters"
         			didn't match the expected name "WinRT.Runtime, Version=1.6.0.0, Culture=neutral, PublicKeyToken=99ea127f02d97709".
                 Considered "dist\System.Runtime.Serialization.Json.dll",
         			but its name "System.Runtime.Serialization.Json"
         			didn't match the expected name "WinRT.Runtime, Version=1.6.0.0, Culture=neutral, PublicKeyToken=99ea127f02d97709".
                 Considered "dist\System.Runtime.Serialization.Primitives.dll",
         			but its name "System.Runtime.Serialization.Primitives"
         			didn't match the expected name "WinRT.Runtime, Version=1.6.0.0, Culture=neutral, PublicKeyToken=99ea127f02d97709".
                 Considered "dist\System.Runtime.Serialization.Xml.dll",
         			but its name "System.Runtime.Serialization.Xml"
         			didn't match the expected name "WinRT.Runtime, Version=1.6.0.0, Culture=neutral, PublicKeyToken=99ea127f02d97709".
                 Considered "dist\System.Security.AccessControl.dll",
         			but its name "System.Security.AccessControl"
         			didn't match the expected name "WinRT.Runtime, Version=1.6.0.0, Culture=neutral, PublicKeyToken=99ea127f02d97709".
                 Considered "dist\System.Security.Claims.dll",
         			but its name "System.Security.Claims"
         			didn't match the expected name "WinRT.Runtime, Version=1.6.0.0, Culture=neutral, PublicKeyToken=99ea127f02d97709".
                 Considered "dist\System.Security.Cryptography.Algorithms.dll",
         			but its name "System.Security.Cryptography.Algorithms"
         			didn't match the expected name "WinRT.Runtime, Version=1.6.0.0, Culture=neutral, PublicKeyToken=99ea127f02d97709".
                 Considered "dist\System.Security.Cryptography.Cng.dll",
         			but its name "System.Security.Cryptography.Cng"
         			didn't match the expected name "WinRT.Runtime, Version=1.6.0.0, Culture=neutral, PublicKeyToken=99ea127f02d97709".
                 Considered "dist\System.Security.Cryptography.Csp.dll",
         			but its name "System.Security.Cryptography.Csp"
         			didn't match the expected name "WinRT.Runtime, Version=1.6.0.0, Culture=neutral, PublicKeyToken=99ea127f02d97709".
                 Considered "dist\System.Security.Cryptography.dll",
         			but its name "System.Security.Cryptography"
         			didn't match the expected name "WinRT.Runtime, Version=1.6.0.0, Culture=neutral, PublicKeyToken=99ea127f02d97709".
                 Considered "dist\System.Security.Cryptography.Encoding.dll",
         			but its name "System.Security.Cryptography.Encoding"
         			didn't match the expected name "WinRT.Runtime, Version=1.6.0.0, Culture=neutral, PublicKeyToken=99ea127f02d97709".
                 Considered "dist\System.Security.Cryptography.OpenSsl.dll",
         			but its name "System.Security.Cryptography.OpenSsl"
         			didn't match the expected name "WinRT.Runtime, Version=1.6.0.0, Culture=neutral, PublicKeyToken=99ea127f02d97709".
                 Considered "dist\System.Security.Cryptography.Pkcs.dll",
         			but its name "System.Security.Cryptography.Pkcs"
         			didn't match the expected name "WinRT.Runtime, Version=1.6.0.0, Culture=neutral, PublicKeyToken=99ea127f02d97709".
                 Considered "dist\System.Security.Cryptography.Primitives.dll",
         			but its name "System.Security.Cryptography.Primitives"
         			didn't match the expected name "WinRT.Runtime, Version=1.6.0.0, Culture=neutral, PublicKeyToken=99ea127f02d97709".
                 Considered "dist\System.Security.Cryptography.ProtectedData.dll",
         			but its name "System.Security.Cryptography.ProtectedData"
         			didn't match the expected name "WinRT.Runtime, Version=1.6.0.0, Culture=neutral, PublicKeyToken=99ea127f02d97709".
                 Considered "dist\System.Security.Cryptography.X509Certificates.dll",
         			but its name "System.Security.Cryptography.X509Certificates"
         			didn't match the expected name "WinRT.Runtime, Version=1.6.0.0, Culture=neutral, PublicKeyToken=99ea127f02d97709".
                 Considered "dist\System.Security.Cryptography.Xml.dll",
         			but its name "System.Security.Cryptography.Xml"
         			didn't match the expected name "WinRT.Runtime, Version=1.6.0.0, Culture=neutral, PublicKeyToken=99ea127f02d97709".
                 Considered "dist\System.Security.dll",
         			but its name "System.Security"
         			didn't match the expected name "WinRT.Runtime, Version=1.6.0.0, Culture=neutral, PublicKeyToken=99ea127f02d97709".
                 Considered "dist\System.Security.Permissions.dll",
         			but its name "System.Security.Permissions"
         			didn't match the expected name "WinRT.Runtime, Version=1.6.0.0, Culture=neutral, PublicKeyToken=99ea127f02d97709".
                 Considered "dist\System.Security.Principal.dll",
         			but its name "System.Security.Principal"
         			didn't match the expected name "WinRT.Runtime, Version=1.6.0.0, Culture=neutral, PublicKeyToken=99ea127f02d97709".
                 Considered "dist\System.Security.Principal.Windows.dll",
         			but its name "System.Security.Principal.Windows"
         			didn't match the expected name "WinRT.Runtime, Version=1.6.0.0, Culture=neutral, PublicKeyToken=99ea127f02d97709".
                 Considered "dist\System.Security.SecureString.dll",
         			but its name "System.Security.SecureString"
         			didn't match the expected name "WinRT.Runtime, Version=1.6.0.0, Culture=neutral, PublicKeyToken=99ea127f02d97709".
                 Considered "dist\System.ServiceModel.Web.dll",
         			but its name "System.ServiceModel.Web"
         			didn't match the expected name "WinRT.Runtime, Version=1.6.0.0, Culture=neutral, PublicKeyToken=99ea127f02d97709".
                 Considered "dist\System.ServiceProcess.dll",
         			but its name "System.ServiceProcess"
         			didn't match the expected name "WinRT.Runtime, Version=1.6.0.0, Culture=neutral, PublicKeyToken=99ea127f02d97709".
                 Considered "dist\System.Text.Encoding.CodePages.dll",
         			but its name "System.Text.Encoding.CodePages"
         			didn't match the expected name "WinRT.Runtime, Version=1.6.0.0, Culture=neutral, PublicKeyToken=99ea127f02d97709".
                 Considered "dist\System.Text.Encoding.dll",
         			but its name "System.Text.Encoding"
         			didn't match the expected name "WinRT.Runtime, Version=1.6.0.0, Culture=neutral, PublicKeyToken=99ea127f02d97709".
                 Considered "dist\System.Text.Encoding.Extensions.dll",
         			but its name "System.Text.Encoding.Extensions"
         			didn't match the expected name "WinRT.Runtime, Version=1.6.0.0, Culture=neutral, PublicKeyToken=99ea127f02d97709".
                 Considered "dist\System.Text.Encodings.Web.dll",
         			but its name "System.Text.Encodings.Web"
         			didn't match the expected name "WinRT.Runtime, Version=1.6.0.0, Culture=neutral, PublicKeyToken=99ea127f02d97709".
                 Considered "dist\System.Text.Json.dll",
         			but its name "System.Text.Json"
         			didn't match the expected name "WinRT.Runtime, Version=1.6.0.0, Culture=neutral, PublicKeyToken=99ea127f02d97709".
                 Considered "dist\System.Text.RegularExpressions.dll",
         			but its name "System.Text.RegularExpressions"
         			didn't match the expected name "WinRT.Runtime, Version=1.6.0.0, Culture=neutral, PublicKeyToken=99ea127f02d97709".
                 Considered "dist\System.Threading.AccessControl.dll",
         			but its name "System.Threading.AccessControl"
         			didn't match the expected name "WinRT.Runtime, Version=1.6.0.0, Culture=neutral, PublicKeyToken=99ea127f02d97709".
                 Considered "dist\System.Threading.Channels.dll",
         			but its name "System.Threading.Channels"
         			didn't match the expected name "WinRT.Runtime, Version=1.6.0.0, Culture=neutral, PublicKeyToken=99ea127f02d97709".
                 Considered "dist\System.Threading.dll",
         			but its name "System.Threading"
         			didn't match the expected name "WinRT.Runtime, Version=1.6.0.0, Culture=neutral, PublicKeyToken=99ea127f02d97709".
                 Considered "dist\System.Threading.Overlapped.dll",
         			but its name "System.Threading.Overlapped"
         			didn't match the expected name "WinRT.Runtime, Version=1.6.0.0, Culture=neutral, PublicKeyToken=99ea127f02d97709".
                 Considered "dist\System.Threading.Tasks.Dataflow.dll",
         			but its name "System.Threading.Tasks.Dataflow"
         			didn't match the expected name "WinRT.Runtime, Version=1.6.0.0, Culture=neutral, PublicKeyToken=99ea127f02d97709".
                 Considered "dist\System.Threading.Tasks.dll",
         			but its name "System.Threading.Tasks"
         			didn't match the expected name "WinRT.Runtime, Version=1.6.0.0, Culture=neutral, PublicKeyToken=99ea127f02d97709".
                 Considered "dist\System.Threading.Tasks.Extensions.dll",
         			but its name "System.Threading.Tasks.Extensions"
         			didn't match the expected name "WinRT.Runtime, Version=1.6.0.0, Culture=neutral, PublicKeyToken=99ea127f02d97709".
                 Considered "dist\System.Threading.Tasks.Parallel.dll",
         			but its name "System.Threading.Tasks.Parallel"
         			didn't match the expected name "WinRT.Runtime, Version=1.6.0.0, Culture=neutral, PublicKeyToken=99ea127f02d97709".
                 Considered "dist\System.Threading.Thread.dll",
         			but its name "System.Threading.Thread"
         			didn't match the expected name "WinRT.Runtime, Version=1.6.0.0, Culture=neutral, PublicKeyToken=99ea127f02d97709".
                 Considered "dist\System.Threading.ThreadPool.dll",
         			but its name "System.Threading.ThreadPool"
         			didn't match the expected name "WinRT.Runtime, Version=1.6.0.0, Culture=neutral, PublicKeyToken=99ea127f02d97709".
                 Considered "dist\System.Threading.Timer.dll",
         			but its name "System.Threading.Timer"
         			didn't match the expected name "WinRT.Runtime, Version=1.6.0.0, Culture=neutral, PublicKeyToken=99ea127f02d97709".
                 Considered "dist\System.Transactions.dll",
         			but its name "System.Transactions"
         			didn't match the expected name "WinRT.Runtime, Version=1.6.0.0, Culture=neutral, PublicKeyToken=99ea127f02d97709".
                 Considered "dist\System.Transactions.Local.dll",
         			but its name "System.Transactions.Local"
         			didn't match the expected name "WinRT.Runtime, Version=1.6.0.0, Culture=neutral, PublicKeyToken=99ea127f02d97709".
                 Considered "dist\System.ValueTuple.dll",
         			but its name "System.ValueTuple"
         			didn't match the expected name "WinRT.Runtime, Version=1.6.0.0, Culture=neutral, PublicKeyToken=99ea127f02d97709".
                 Considered "dist\System.Web.dll",
         			but its name "System.Web"
         			didn't match the expected name "WinRT.Runtime, Version=1.6.0.0, Culture=neutral, PublicKeyToken=99ea127f02d97709".
                 Considered "dist\System.Web.HttpUtility.dll",
         			but its name "System.Web.HttpUtility"
         			didn't match the expected name "WinRT.Runtime, Version=1.6.0.0, Culture=neutral, PublicKeyToken=99ea127f02d97709".
                 Considered "dist\System.Windows.Controls.Ribbon.dll",
         			but its name "System.Windows.Controls.Ribbon"
         			didn't match the expected name "WinRT.Runtime, Version=1.6.0.0, Culture=neutral, PublicKeyToken=99ea127f02d97709".
                 Considered "dist\System.Windows.dll",
         			but its name "System.Windows"
         			didn't match the expected name "WinRT.Runtime, Version=1.6.0.0, Culture=neutral, PublicKeyToken=99ea127f02d97709".
                 Considered "dist\System.Windows.Extensions.dll",
         			but its name "System.Windows.Extensions"
         			didn't match the expected name "WinRT.Runtime, Version=1.6.0.0, Culture=neutral, PublicKeyToken=99ea127f02d97709".
                 Considered "dist\System.Windows.Forms.Design.dll",
         			but its name "System.Windows.Forms.Design"
         			didn't match the expected name "WinRT.Runtime, Version=1.6.0.0, Culture=neutral, PublicKeyToken=99ea127f02d97709".
                 Considered "dist\System.Windows.Forms.Design.Editors.dll",
         			but its name "System.Windows.Forms.Design.Editors"
         			didn't match the expected name "WinRT.Runtime, Version=1.6.0.0, Culture=neutral, PublicKeyToken=99ea127f02d97709".
                 Considered "dist\System.Windows.Forms.dll",
         			but its name "System.Windows.Forms"
         			didn't match the expected name "WinRT.Runtime, Version=1.6.0.0, Culture=neutral, PublicKeyToken=99ea127f02d97709".
                 Considered "dist\System.Windows.Forms.Primitives.dll",
         			but its name "System.Windows.Forms.Primitives"
         			didn't match the expected name "WinRT.Runtime, Version=1.6.0.0, Culture=neutral, PublicKeyToken=99ea127f02d97709".
                 Considered "dist\System.Windows.Input.Manipulations.dll",
         			but its name "System.Windows.Input.Manipulations"
         			didn't match the expected name "WinRT.Runtime, Version=1.6.0.0, Culture=neutral, PublicKeyToken=99ea127f02d97709".
                 Considered "dist\System.Windows.Presentation.dll",
         			but its name "System.Windows.Presentation"
         			didn't match the expected name "WinRT.Runtime, Version=1.6.0.0, Culture=neutral, PublicKeyToken=99ea127f02d97709".
                 Considered "dist\System.Xaml.dll",
         			but its name "System.Xaml"
         			didn't match the expected name "WinRT.Runtime, Version=1.6.0.0, Culture=neutral, PublicKeyToken=99ea127f02d97709".
                 Considered "dist\System.Xml.dll",
         			but its name "System.Xml"
         			didn't match the expected name "WinRT.Runtime, Version=1.6.0.0, Culture=neutral, PublicKeyToken=99ea127f02d97709".
                 Considered "dist\System.Xml.Linq.dll",
         			but its name "System.Xml.Linq"
         			didn't match the expected name "WinRT.Runtime, Version=1.6.0.0, Culture=neutral, PublicKeyToken=99ea127f02d97709".
                 Considered "dist\System.Xml.ReaderWriter.dll",
         			but its name "System.Xml.ReaderWriter"
         			didn't match the expected name "WinRT.Runtime, Version=1.6.0.0, Culture=neutral, PublicKeyToken=99ea127f02d97709".
                 Considered "dist\System.Xml.Serialization.dll",
         			but its name "System.Xml.Serialization"
         			didn't match the expected name "WinRT.Runtime, Version=1.6.0.0, Culture=neutral, PublicKeyToken=99ea127f02d97709".
                 Considered "dist\System.Xml.XDocument.dll",
         			but its name "System.Xml.XDocument"
         			didn't match the expected name "WinRT.Runtime, Version=1.6.0.0, Culture=neutral, PublicKeyToken=99ea127f02d97709".
                 Considered "dist\System.Xml.XmlDocument.dll",
         			but its name "System.Xml.XmlDocument"
         			didn't match the expected name "WinRT.Runtime, Version=1.6.0.0, Culture=neutral, PublicKeyToken=99ea127f02d97709".
                 Considered "dist\System.Xml.XmlSerializer.dll",
         			but its name "System.Xml.XmlSerializer"
         			didn't match the expected name "WinRT.Runtime, Version=1.6.0.0, Culture=neutral, PublicKeyToken=99ea127f02d97709".
                 Considered "dist\System.Xml.XPath.dll",
         			but its name "System.Xml.XPath"
         			didn't match the expected name "WinRT.Runtime, Version=1.6.0.0, Culture=neutral, PublicKeyToken=99ea127f02d97709".
                 Considered "dist\System.Xml.XPath.XDocument.dll",
         			but its name "System.Xml.XPath.XDocument"
         			didn't match the expected name "WinRT.Runtime, Version=1.6.0.0, Culture=neutral, PublicKeyToken=99ea127f02d97709".
                 Considered "dist\tr\Microsoft.VisualBasic.Forms.resources.dll",
         			but its name "Microsoft.VisualBasic.Forms.resources"
         			didn't match the expected name "WinRT.Runtime, Version=1.6.0.0, Culture=neutral, PublicKeyToken=99ea127f02d97709".
                 Considered "dist\tr\PresentationCore.resources.dll",
         			but its name "PresentationCore.resources"
         			didn't match the expected name "WinRT.Runtime, Version=1.6.0.0, Culture=neutral, PublicKeyToken=99ea127f02d97709".
                 Considered "dist\tr\PresentationFramework.resources.dll",
         			but its name "PresentationFramework.resources"
         			didn't match the expected name "WinRT.Runtime, Version=1.6.0.0, Culture=neutral, PublicKeyToken=99ea127f02d97709".
                 Considered "dist\tr\PresentationUI.resources.dll",
         			but its name "PresentationUI.resources"
         			didn't match the expected name "WinRT.Runtime, Version=1.6.0.0, Culture=neutral, PublicKeyToken=99ea127f02d97709".
                 Considered "dist\tr\ReachFramework.resources.dll",
         			but its name "ReachFramework.resources"
         			didn't match the expected name "WinRT.Runtime, Version=1.6.0.0, Culture=neutral, PublicKeyToken=99ea127f02d97709".
                 Considered "dist\tr\System.Windows.Controls.Ribbon.resources.dll",
         			but its name "System.Windows.Controls.Ribbon.resources"
         			didn't match the expected name "WinRT.Runtime, Version=1.6.0.0, Culture=neutral, PublicKeyToken=99ea127f02d97709".
                 Considered "dist\tr\System.Windows.Forms.Design.resources.dll",
         			but its name "System.Windows.Forms.Design.resources"
         			didn't match the expected name "WinRT.Runtime, Version=1.6.0.0, Culture=neutral, PublicKeyToken=99ea127f02d97709".
                 Considered "dist\tr\System.Windows.Forms.Primitives.resources.dll",
         			but its name "System.Windows.Forms.Primitives.resources"
         			didn't match the expected name "WinRT.Runtime, Version=1.6.0.0, Culture=neutral, PublicKeyToken=99ea127f02d97709".
                 Considered "dist\tr\System.Windows.Forms.resources.dll",
         			but its name "System.Windows.Forms.resources"
         			didn't match the expected name "WinRT.Runtime, Version=1.6.0.0, Culture=neutral, PublicKeyToken=99ea127f02d97709".
                 Considered "dist\tr\System.Windows.Input.Manipulations.resources.dll",
         			but its name "System.Windows.Input.Manipulations.resources"
         			didn't match the expected name "WinRT.Runtime, Version=1.6.0.0, Culture=neutral, PublicKeyToken=99ea127f02d97709".
                 Considered "dist\tr\System.Xaml.resources.dll",
         			but its name "System.Xaml.resources"
         			didn't match the expected name "WinRT.Runtime, Version=1.6.0.0, Culture=neutral, PublicKeyToken=99ea127f02d97709".
                 Considered "dist\tr\UIAutomationClient.resources.dll",
         			but its name "UIAutomationClient.resources"
         			didn't match the expected name "WinRT.Runtime, Version=1.6.0.0, Culture=neutral, PublicKeyToken=99ea127f02d97709".
                 Considered "dist\tr\UIAutomationClientSideProviders.resources.dll",
         			but its name "UIAutomationClientSideProviders.resources"
         			didn't match the expected name "WinRT.Runtime, Version=1.6.0.0, Culture=neutral, PublicKeyToken=99ea127f02d97709".
                 Considered "dist\tr\UIAutomationProvider.resources.dll",
         			but its name "UIAutomationProvider.resources"
         			didn't match the expected name "WinRT.Runtime, Version=1.6.0.0, Culture=neutral, PublicKeyToken=99ea127f02d97709".
                 Considered "dist\tr\UIAutomationTypes.resources.dll",
         			but its name "UIAutomationTypes.resources"
         			didn't match the expected name "WinRT.Runtime, Version=1.6.0.0, Culture=neutral, PublicKeyToken=99ea127f02d97709".
                 Considered "dist\tr\WindowsBase.resources.dll",
         			but its name "WindowsBase.resources"
         			didn't match the expected name "WinRT.Runtime, Version=1.6.0.0, Culture=neutral, PublicKeyToken=99ea127f02d97709".
                 Considered "dist\tr\WindowsFormsIntegration.resources.dll",
         			but its name "WindowsFormsIntegration.resources"
         			didn't match the expected name "WinRT.Runtime, Version=1.6.0.0, Culture=neutral, PublicKeyToken=99ea127f02d97709".
                 Considered "dist\UIAutomationClient.dll",
         			but its name "UIAutomationClient"
         			didn't match the expected name "WinRT.Runtime, Version=1.6.0.0, Culture=neutral, PublicKeyToken=99ea127f02d97709".
                 Considered "dist\UIAutomationClientSideProviders.dll",
         			but its name "UIAutomationClientSideProviders"
         			didn't match the expected name "WinRT.Runtime, Version=1.6.0.0, Culture=neutral, PublicKeyToken=99ea127f02d97709".
                 Considered "dist\UIAutomationProvider.dll",
         			but its name "UIAutomationProvider"
         			didn't match the expected name "WinRT.Runtime, Version=1.6.0.0, Culture=neutral, PublicKeyToken=99ea127f02d97709".
                 Considered "dist\UIAutomationTypes.dll",
         			but its name "UIAutomationTypes"
         			didn't match the expected name "WinRT.Runtime, Version=1.6.0.0, Culture=neutral, PublicKeyToken=99ea127f02d97709".
                 Considered "dist\vcruntime140_cor3.dll",
         			but its name "vcruntime140_cor3"
         			didn't match the expected name "WinRT.Runtime, Version=1.6.0.0, Culture=neutral, PublicKeyToken=99ea127f02d97709".
                 Considered "dist\WebView2Loader.dll",
         			but its name "WebView2Loader"
         			didn't match the expected name "WinRT.Runtime, Version=1.6.0.0, Culture=neutral, PublicKeyToken=99ea127f02d97709".
                 Considered "dist\WindowsBase.dll",
         			but its name "WindowsBase"
         			didn't match the expected name "WinRT.Runtime, Version=1.6.0.0, Culture=neutral, PublicKeyToken=99ea127f02d97709".
                 Considered "dist\WindowsFormsIntegration.dll",
         			but its name "WindowsFormsIntegration"
         			didn't match the expected name "WinRT.Runtime, Version=1.6.0.0, Culture=neutral, PublicKeyToken=99ea127f02d97709".
                 Considered "dist\wpfgfx_cor3.dll",
         			but its name "wpfgfx_cor3"
         			didn't match the expected name "WinRT.Runtime, Version=1.6.0.0, Culture=neutral, PublicKeyToken=99ea127f02d97709".
                 Considered "dist\zh-Hans\Microsoft.VisualBasic.Forms.resources.dll",
         			but its name "Microsoft.VisualBasic.Forms.resources"
         			didn't match the expected name "WinRT.Runtime, Version=1.6.0.0, Culture=neutral, PublicKeyToken=99ea127f02d97709".
                 Considered "dist\zh-Hans\PresentationCore.resources.dll",
         			but its name "PresentationCore.resources"
         			didn't match the expected name "WinRT.Runtime, Version=1.6.0.0, Culture=neutral, PublicKeyToken=99ea127f02d97709".
                 Considered "dist\zh-Hans\PresentationFramework.resources.dll",
         			but its name "PresentationFramework.resources"
         			didn't match the expected name "WinRT.Runtime, Version=1.6.0.0, Culture=neutral, PublicKeyToken=99ea127f02d97709".
                 Considered "dist\zh-Hans\PresentationUI.resources.dll",
         			but its name "PresentationUI.resources"
         			didn't match the expected name "WinRT.Runtime, Version=1.6.0.0, Culture=neutral, PublicKeyToken=99ea127f02d97709".
                 Considered "dist\zh-Hans\ReachFramework.resources.dll",
         			but its name "ReachFramework.resources"
         			didn't match the expected name "WinRT.Runtime, Version=1.6.0.0, Culture=neutral, PublicKeyToken=99ea127f02d97709".
                 Considered "dist\zh-Hans\System.Windows.Controls.Ribbon.resources.dll",
         			but its name "System.Windows.Controls.Ribbon.resources"
         			didn't match the expected name "WinRT.Runtime, Version=1.6.0.0, Culture=neutral, PublicKeyToken=99ea127f02d97709".
                 Considered "dist\zh-Hans\System.Windows.Forms.Design.resources.dll",
         			but its name "System.Windows.Forms.Design.resources"
         			didn't match the expected name "WinRT.Runtime, Version=1.6.0.0, Culture=neutral, PublicKeyToken=99ea127f02d97709".
                 Considered "dist\zh-Hans\System.Windows.Forms.Primitives.resources.dll",
         			but its name "System.Windows.Forms.Primitives.resources"
         			didn't match the expected name "WinRT.Runtime, Version=1.6.0.0, Culture=neutral, PublicKeyToken=99ea127f02d97709".
                 Considered "dist\zh-Hans\System.Windows.Forms.resources.dll",
         			but its name "System.Windows.Forms.resources"
         			didn't match the expected name "WinRT.Runtime, Version=1.6.0.0, Culture=neutral, PublicKeyToken=99ea127f02d97709".
                 Considered "dist\zh-Hans\System.Windows.Input.Manipulations.resources.dll",
         			but its name "System.Windows.Input.Manipulations.resources"
         			didn't match the expected name "WinRT.Runtime, Version=1.6.0.0, Culture=neutral, PublicKeyToken=99ea127f02d97709".
                 Considered "dist\zh-Hans\System.Xaml.resources.dll",
         			but its name "System.Xaml.resources"
         			didn't match the expected name "WinRT.Runtime, Version=1.6.0.0, Culture=neutral, PublicKeyToken=99ea127f02d97709".
                 Considered "dist\zh-Hans\UIAutomationClient.resources.dll",
         			but its name "UIAutomationClient.resources"
         			didn't match the expected name "WinRT.Runtime, Version=1.6.0.0, Culture=neutral, PublicKeyToken=99ea127f02d97709".
                 Considered "dist\zh-Hans\UIAutomationClientSideProviders.resources.dll",
         			but its name "UIAutomationClientSideProviders.resources"
         			didn't match the expected name "WinRT.Runtime, Version=1.6.0.0, Culture=neutral, PublicKeyToken=99ea127f02d97709".
                 Considered "dist\zh-Hans\UIAutomationProvider.resources.dll",
         			but its name "UIAutomationProvider.resources"
         			didn't match the expected name "WinRT.Runtime, Version=1.6.0.0, Culture=neutral, PublicKeyToken=99ea127f02d97709".
                 Considered "dist\zh-Hans\UIAutomationTypes.resources.dll",
         			but its name "UIAutomationTypes.resources"
         			didn't match the expected name "WinRT.Runtime, Version=1.6.0.0, Culture=neutral, PublicKeyToken=99ea127f02d97709".
                 Considered "dist\zh-Hans\WindowsBase.resources.dll",
         			but its name "WindowsBase.resources"
         			didn't match the expected name "WinRT.Runtime, Version=1.6.0.0, Culture=neutral, PublicKeyToken=99ea127f02d97709".
                 Considered "dist\zh-Hans\WindowsFormsIntegration.resources.dll",
         			but its name "WindowsFormsIntegration.resources"
         			didn't match the expected name "WinRT.Runtime, Version=1.6.0.0, Culture=neutral, PublicKeyToken=99ea127f02d97709".
                 Considered "dist\zh-Hant\Microsoft.VisualBasic.Forms.resources.dll",
         			but its name "Microsoft.VisualBasic.Forms.resources"
         			didn't match the expected name "WinRT.Runtime, Version=1.6.0.0, Culture=neutral, PublicKeyToken=99ea127f02d97709".
                 Considered "dist\zh-Hant\PresentationCore.resources.dll",
         			but its name "PresentationCore.resources"
         			didn't match the expected name "WinRT.Runtime, Version=1.6.0.0, Culture=neutral, PublicKeyToken=99ea127f02d97709".
                 Considered "dist\zh-Hant\PresentationFramework.resources.dll",
         			but its name "PresentationFramework.resources"
         			didn't match the expected name "WinRT.Runtime, Version=1.6.0.0, Culture=neutral, PublicKeyToken=99ea127f02d97709".
                 Considered "dist\zh-Hant\PresentationUI.resources.dll",
         			but its name "PresentationUI.resources"
         			didn't match the expected name "WinRT.Runtime, Version=1.6.0.0, Culture=neutral, PublicKeyToken=99ea127f02d97709".
                 Considered "dist\zh-Hant\ReachFramework.resources.dll",
         			but its name "ReachFramework.resources"
         			didn't match the expected name "WinRT.Runtime, Version=1.6.0.0, Culture=neutral, PublicKeyToken=99ea127f02d97709".
                 Considered "dist\zh-Hant\System.Windows.Controls.Ribbon.resources.dll",
         			but its name "System.Windows.Controls.Ribbon.resources"
         			didn't match the expected name "WinRT.Runtime, Version=1.6.0.0, Culture=neutral, PublicKeyToken=99ea127f02d97709".
                 Considered "dist\zh-Hant\System.Windows.Forms.Design.resources.dll",
         			but its name "System.Windows.Forms.Design.resources"
         			didn't match the expected name "WinRT.Runtime, Version=1.6.0.0, Culture=neutral, PublicKeyToken=99ea127f02d97709".
                 Considered "dist\zh-Hant\System.Windows.Forms.Primitives.resources.dll",
         			but its name "System.Windows.Forms.Primitives.resources"
         			didn't match the expected name "WinRT.Runtime, Version=1.6.0.0, Culture=neutral, PublicKeyToken=99ea127f02d97709".
                 Considered "dist\zh-Hant\System.Windows.Forms.resources.dll",
         			but its name "System.Windows.Forms.resources"
         			didn't match the expected name "WinRT.Runtime, Version=1.6.0.0, Culture=neutral, PublicKeyToken=99ea127f02d97709".
                 Considered "dist\zh-Hant\System.Windows.Input.Manipulations.resources.dll",
         			but its name "System.Windows.Input.Manipulations.resources"
         			didn't match the expected name "WinRT.Runtime, Version=1.6.0.0, Culture=neutral, PublicKeyToken=99ea127f02d97709".
                 Considered "dist\zh-Hant\System.Xaml.resources.dll",
         			but its name "System.Xaml.resources"
         			didn't match the expected name "WinRT.Runtime, Version=1.6.0.0, Culture=neutral, PublicKeyToken=99ea127f02d97709".
                 Considered "dist\zh-Hant\UIAutomationClient.resources.dll",
         			but its name "UIAutomationClient.resources"
         			didn't match the expected name "WinRT.Runtime, Version=1.6.0.0, Culture=neutral, PublicKeyToken=99ea127f02d97709".
                 Considered "dist\zh-Hant\UIAutomationClientSideProviders.resources.dll",
         			but its name "UIAutomationClientSideProviders.resources"
         			didn't match the expected name "WinRT.Runtime, Version=1.6.0.0, Culture=neutral, PublicKeyToken=99ea127f02d97709".
                 Considered "dist\zh-Hant\UIAutomationProvider.resources.dll",
         			but its name "UIAutomationProvider.resources"
         			didn't match the expected name "WinRT.Runtime, Version=1.6.0.0, Culture=neutral, PublicKeyToken=99ea127f02d97709".
                 Considered "dist\zh-Hant\UIAutomationTypes.resources.dll",
         			but its name "UIAutomationTypes.resources"
         			didn't match the expected name "WinRT.Runtime, Version=1.6.0.0, Culture=neutral, PublicKeyToken=99ea127f02d97709".
                 Considered "dist\zh-Hant\WindowsBase.resources.dll",
         			but its name "WindowsBase.resources"
         			didn't match the expected name "WinRT.Runtime, Version=1.6.0.0, Culture=neutral, PublicKeyToken=99ea127f02d97709".
                 Considered "dist\zh-Hant\WindowsFormsIntegration.resources.dll",
         			but its name "WindowsFormsIntegration.resources"
         			didn't match the expected name "WinRT.Runtime, Version=1.6.0.0, Culture=neutral, PublicKeyToken=99ea127f02d97709".
             Required by "C:\Users\user\.nuget\packages\microsoft.web.webview2\1.0.2903.40\buildTransitive\..\\lib_manual\net5.0-windows10.0.17763.0\Microsoft.Web.WebView2.Wpf.dll".
       Done executing task "ResolveAssemblyReference".
   1:7>Done building target "ResolveAssemblyReferences" in project "FgGrillPos.csproj".
       Target "_ErrorOnUnresolvedWindowsSDKAssemblyConflict" skipped, due to false condition; ( '@(ResolveAssemblyReferenceUnresolvedAssemblyConflicts)' != '' ) was evaluated as ( '' != '' ).
       Target "GenerateBindingRedirects" skipped, due to false condition; ('$(AutoGenerateBindingRedirects)' == 'true' and '$(GenerateBindingRedirectsOutputType)' == 'true' and '@(SuggestedBindingRedirects)' != '' and '$(DesignTimeBuild)' != 'true' and '$(BuildingProject)' == 'true') was evaluated as ('' == 'true' and 'true' == 'true' and 'System.Drawing.Common, Culture=neutral, PublicKeyToken=cc7b13ffcd2ddd51;System.Collections, Culture=neutral, PublicKeyToken=b03f5f7f11d50a3a;System.ComponentModel.Primitives, Culture=neutral, PublicKeyToken=b03f5f7f11d50a3a;...' != '' and '' != 'true' and 'true' == 'true').
       Target "GenerateSupportedRuntime" skipped, due to false condition; ('$(GenerateSupportedRuntime)' != 'false' and '$(TargetFrameworkIdentifier)' == '.NETFramework' and '$(HasRuntimeOutput)' == 'true') was evaluated as ('' != 'false' and '.NETCoreApp' == '.NETFramework' and 'true' == 'true').
       Target "GenerateBindingRedirectsUpdateAppConfig" skipped, due to false condition; ('$(AutoGenerateBindingRedirects)' == 'true' and '$(GenerateBindingRedirectsOutputType)' == 'true') was evaluated as ('' == 'true' and 'true' == 'true').
       Target "ResolveComReferences" skipped, due to false condition; ('@(COMReference)'!='' or '@(COMFileReference)'!='') was evaluated as (''!='' or ''!='').
   1:7>Target "AfterResolveReferences" in file "C:\Program Files\dotnet\sdk\8.0.418\Microsoft.Common.CurrentVersion.targets" from project "C:\Users\user\Desktop\fggrill\desktop-app\FgGrillPos\FgGrillPos.csproj" (target "ResolveReferences" depends on it):
   1:7>Done building target "AfterResolveReferences" in project "FgGrillPos.csproj".
   1:7>Target "ResolveReferences" in file "C:\Program Files\dotnet\sdk\8.0.418\Microsoft.Common.CurrentVersion.targets" from project "C:\Users\user\Desktop\fggrill\desktop-app\FgGrillPos\FgGrillPos.csproj" (target "_BlockWinMDsOnUnsupportedTFMs" depends on it):
   1:7>Done building target "ResolveReferences" in project "FgGrillPos.csproj".
   1:7>Target "_BlockWinMDsOnUnsupportedTFMs" in file "C:\Program Files\dotnet\sdk\8.0.418\Sdks\Microsoft.NET.Sdk\targets\Microsoft.NET.Sdk.targets" from project "C:\Users\user\Desktop\fggrill\desktop-app\FgGrillPos\FgGrillPos.csproj" (target "CoreBuild" depends on it):
       Using "CheckForUnsupportedWinMDReferences" task from assembly "C:\Program Files\dotnet\sdk\8.0.418\Sdks\Microsoft.NET.Sdk\targets\..\tools\net8.0\Microsoft.NET.Build.Tasks.dll".
       Task "CheckForUnsupportedWinMDReferences"
       Done executing task "CheckForUnsupportedWinMDReferences".
       Task "NETSdkError" skipped, due to false condition; ('$(OutputType)' == 'winmdobj') was evaluated as ('WinExe' == 'winmdobj').
   1:7>Done building target "_BlockWinMDsOnUnsupportedTFMs" in project "FgGrillPos.csproj".
       Target "ResolveReferences" skipped. Previously built successfully.
       Target "SplashScreenValidation" skipped, due to false condition; ('@(SplashScreen)' != '') was evaluated as ('' != '').
   1:7>Target "MarkupCompilePass1" in file "C:\Program Files\dotnet\sdk\8.0.418\Sdks\Microsoft.NET.Sdk.WindowsDesktop\targets\Microsoft.WinFX.targets" from project "C:\Users\user\Desktop\fggrill\desktop-app\FgGrillPos\FgGrillPos.csproj" (target "PrepareResources" depends on it):
       Task "Message" skipped, due to false condition; ('$(MSBuildTargetsVerbose)'=='true') was evaluated as (''=='true').
       Task "Message" skipped, due to false condition; ('$(MSBuildTargetsVerbose)'=='true') was evaluated as (''=='true').
       Task "Message" skipped, due to false condition; ('$(MSBuildTargetsVerbose)'=='true') was evaluated as (''=='true').
       Task "Message" skipped, due to false condition; ('$(MSBuildTargetsVerbose)'=='true') was evaluated as (''=='true').
       Assembly loaded during TaskRun: PresentationBuildTasks, Version=8.0.24.0, Culture=neutral, PublicKeyToken=31bf3856ad364e35 (location: C:\Program Files\dotnet\sdk\8.0.418\Sdks\Microsoft.NET.Sdk.WindowsDesktop\tools\net8.0\PresentationBuildTasks.dll, MVID: df8a3757-8cd0-480a-83b0-799a285d2f9f, AssemblyLoadContext: MSBuild plugin C:\Program Files\dotnet\sdk\8.0.418\Sdks\Microsoft.NET.Sdk.WindowsDesktop\tools\net8.0\PresentationBuildTasks.dll)
       Using "MarkupCompilePass1" task from assembly "C:\Program Files\dotnet\sdk\8.0.418\Sdks\Microsoft.NET.Sdk.WindowsDesktop\tools\net8.0\PresentationBuildTasks.dll".
       Task "MarkupCompilePass1"
         
         
         Microsoft (R) Build Task 'MarkupCompilePass1' Version '8.0.2426.7205'.
         Copyright (C) Microsoft Corporation 2005. All rights reserved.
         
         
         Input: Markup ApplicationDefinition file: 'C:\Users\user\Desktop\fggrill\desktop-app\FgGrillPos\App.xaml'.
         Current project directory is 'C:\Users\user\Desktop\fggrill\desktop-app\FgGrillPos\'.
         Analysis Result : 'PagesWithLocalType'.
         Recompiled XAML file : 'C:\Users\user\Desktop\fggrill\desktop-app\FgGrillPos\MainWindow.xaml'.
         Started the markup compilation.
         OutputType is 'winexe'.
         Input: Assembly Reference file: 'C:\Program Files\dotnet\packs\Microsoft.WindowsDesktop.App.Ref\8.0.24\ref\net8.0\Accessibility.dll'.
         Input: Assembly Reference file: 'C:\Users\user\.nuget\packages\dapper\2.1.35\lib\net7.0\Dapper.dll'.
         Input: Assembly Reference file: 'C:\Program Files\dotnet\packs\Microsoft.NETCore.App.Ref\8.0.24\ref\net8.0\Microsoft.CSharp.dll'.
         Input: Assembly Reference file: 'C:\Users\user\.nuget\packages\microsoft.data.sqlite.core\9.0.0\lib\net8.0\Microsoft.Data.Sqlite.dll'.
         Input: Assembly Reference file: 'C:\Program Files\dotnet\packs\Microsoft.NETCore.App.Ref\8.0.24\ref\net8.0\Microsoft.VisualBasic.Core.dll'.
         Input: Assembly Reference file: 'C:\Program Files\dotnet\packs\Microsoft.NETCore.App.Ref\8.0.24\ref\net8.0\Microsoft.VisualBasic.dll'.
         Input: Assembly Reference file: 'C:\Users\user\.nuget\packages\microsoft.web.webview2\1.0.2903.40\lib_manual\netcoreapp3.0\Microsoft.Web.WebView2.Core.dll'.
         Input: Assembly Reference file: 'C:\Users\user\.nuget\packages\microsoft.web.webview2\1.0.2903.40\lib_manual\netcoreapp3.0\Microsoft.Web.WebView2.WinForms.dll'.
         Input: Assembly Reference file: 'C:\Users\user\.nuget\packages\microsoft.web.webview2\1.0.2903.40\lib_manual\net5.0-windows10.0.17763.0\Microsoft.Web.WebView2.Wpf.dll'.
         Input: Assembly Reference file: 'C:\Program Files\dotnet\packs\Microsoft.NETCore.App.Ref\8.0.24\ref\net8.0\Microsoft.Win32.Primitives.dll'.
         Input: Assembly Reference file: 'C:\Program Files\dotnet\packs\Microsoft.WindowsDesktop.App.Ref\8.0.24\ref\net8.0\Microsoft.Win32.Registry.AccessControl.dll'.
         Input: Assembly Reference file: 'C:\Program Files\dotnet\packs\Microsoft.NETCore.App.Ref\8.0.24\ref\net8.0\Microsoft.Win32.Registry.dll'.
         Input: Assembly Reference file: 'C:\Program Files\dotnet\packs\Microsoft.WindowsDesktop.App.Ref\8.0.24\ref\net8.0\Microsoft.Win32.SystemEvents.dll'.
         Input: Assembly Reference file: 'C:\Program Files\dotnet\packs\Microsoft.NETCore.App.Ref\8.0.24\ref\net8.0\mscorlib.dll'.
         Input: Assembly Reference file: 'C:\Program Files\dotnet\packs\Microsoft.NETCore.App.Ref\8.0.24\ref\net8.0\netstandard.dll'.
         Input: Assembly Reference file: 'C:\Users\user\.nuget\packages\newtonsoft.json\13.0.3\lib\net6.0\Newtonsoft.Json.dll'.
         Input: Assembly Reference file: 'C:\Program Files\dotnet\packs\Microsoft.WindowsDesktop.App.Ref\8.0.24\ref\net8.0\PresentationCore.dll'.
         Input: Assembly Reference file: 'C:\Program Files\dotnet\packs\Microsoft.WindowsDesktop.App.Ref\8.0.24\ref\net8.0\PresentationFramework.Aero.dll'.
         Input: Assembly Reference file: 'C:\Program Files\dotnet\packs\Microsoft.WindowsDesktop.App.Ref\8.0.24\ref\net8.0\PresentationFramework.Aero2.dll'.
         Input: Assembly Reference file: 'C:\Program Files\dotnet\packs\Microsoft.WindowsDesktop.App.Ref\8.0.24\ref\net8.0\PresentationFramework.AeroLite.dll'.
         Input: Assembly Reference file: 'C:\Program Files\dotnet\packs\Microsoft.WindowsDesktop.App.Ref\8.0.24\ref\net8.0\PresentationFramework.Classic.dll'.
         Input: Assembly Reference file: 'C:\Program Files\dotnet\packs\Microsoft.WindowsDesktop.App.Ref\8.0.24\ref\net8.0\PresentationFramework.dll'.
         Input: Assembly Reference file: 'C:\Program Files\dotnet\packs\Microsoft.WindowsDesktop.App.Ref\8.0.24\ref\net8.0\PresentationFramework.Luna.dll'.
         Input: Assembly Reference file: 'C:\Program Files\dotnet\packs\Microsoft.WindowsDesktop.App.Ref\8.0.24\ref\net8.0\PresentationFramework.Royale.dll'.
         Input: Assembly Reference file: 'C:\Program Files\dotnet\packs\Microsoft.WindowsDesktop.App.Ref\8.0.24\ref\net8.0\PresentationUI.dll'.
         Input: Assembly Reference file: 'C:\Program Files\dotnet\packs\Microsoft.WindowsDesktop.App.Ref\8.0.24\ref\net8.0\ReachFramework.dll'.
         Input: Assembly Reference file: 'C:\Users\user\.nuget\packages\sqlitepclraw.bundle_e_sqlite3\2.1.10\lib\netstandard2.0\SQLitePCLRaw.batteries_v2.dll'.
         Input: Assembly Reference file: 'C:\Users\user\.nuget\packages\sqlitepclraw.core\2.1.10\lib\netstandard2.0\SQLitePCLRaw.core.dll'.
         Input: Assembly Reference file: 'C:\Users\user\.nuget\packages\sqlitepclraw.provider.e_sqlite3\2.1.10\lib\net6.0-windows7.0\SQLitePCLRaw.provider.e_sqlite3.dll'.
         Input: Assembly Reference file: 'C:\Program Files\dotnet\packs\Microsoft.NETCore.App.Ref\8.0.24\ref\net8.0\System.AppContext.dll'.
         Input: Assembly Reference file: 'C:\Program Files\dotnet\packs\Microsoft.NETCore.App.Ref\8.0.24\ref\net8.0\System.Buffers.dll'.
         Input: Assembly Reference file: 'C:\Program Files\dotnet\packs\Microsoft.WindowsDesktop.App.Ref\8.0.24\ref\net8.0\System.CodeDom.dll'.
         Input: Assembly Reference file: 'C:\Program Files\dotnet\packs\Microsoft.NETCore.App.Ref\8.0.24\ref\net8.0\System.Collections.Concurrent.dll'.
         Input: Assembly Reference file: 'C:\Program Files\dotnet\packs\Microsoft.NETCore.App.Ref\8.0.24\ref\net8.0\System.Collections.dll'.
         Input: Assembly Reference file: 'C:\Program Files\dotnet\packs\Microsoft.NETCore.App.Ref\8.0.24\ref\net8.0\System.Collections.Immutable.dll'.
         Input: Assembly Reference file: 'C:\Program Files\dotnet\packs\Microsoft.NETCore.App.Ref\8.0.24\ref\net8.0\System.Collections.NonGeneric.dll'.
         Input: Assembly Reference file: 'C:\Program Files\dotnet\packs\Microsoft.NETCore.App.Ref\8.0.24\ref\net8.0\System.Collections.Specialized.dll'.
         Input: Assembly Reference file: 'C:\Program Files\dotnet\packs\Microsoft.NETCore.App.Ref\8.0.24\ref\net8.0\System.ComponentModel.Annotations.dll'.
         Input: Assembly Reference file: 'C:\Program Files\dotnet\packs\Microsoft.NETCore.App.Ref\8.0.24\ref\net8.0\System.ComponentModel.DataAnnotations.dll'.
         Input: Assembly Reference file: 'C:\Program Files\dotnet\packs\Microsoft.NETCore.App.Ref\8.0.24\ref\net8.0\System.ComponentModel.dll'.
         Input: Assembly Reference file: 'C:\Program Files\dotnet\packs\Microsoft.NETCore.App.Ref\8.0.24\ref\net8.0\System.ComponentModel.EventBasedAsync.dll'.
         Input: Assembly Reference file: 'C:\Program Files\dotnet\packs\Microsoft.NETCore.App.Ref\8.0.24\ref\net8.0\System.ComponentModel.Primitives.dll'.
         Input: Assembly Reference file: 'C:\Program Files\dotnet\packs\Microsoft.NETCore.App.Ref\8.0.24\ref\net8.0\System.ComponentModel.TypeConverter.dll'.
         Input: Assembly Reference file: 'C:\Program Files\dotnet\packs\Microsoft.WindowsDesktop.App.Ref\8.0.24\ref\net8.0\System.Configuration.ConfigurationManager.dll'.
         Input: Assembly Reference file: 'C:\Program Files\dotnet\packs\Microsoft.NETCore.App.Ref\8.0.24\ref\net8.0\System.Configuration.dll'.
         Input: Assembly Reference file: 'C:\Program Files\dotnet\packs\Microsoft.NETCore.App.Ref\8.0.24\ref\net8.0\System.Console.dll'.
         Input: Assembly Reference file: 'C:\Program Files\dotnet\packs\Microsoft.NETCore.App.Ref\8.0.24\ref\net8.0\System.Core.dll'.
         Input: Assembly Reference file: 'C:\Program Files\dotnet\packs\Microsoft.NETCore.App.Ref\8.0.24\ref\net8.0\System.Data.Common.dll'.
         Input: Assembly Reference file: 'C:\Program Files\dotnet\packs\Microsoft.NETCore.App.Ref\8.0.24\ref\net8.0\System.Data.DataSetExtensions.dll'.
         Input: Assembly Reference file: 'C:\Program Files\dotnet\packs\Microsoft.NETCore.App.Ref\8.0.24\ref\net8.0\System.Data.dll'.
         Input: Assembly Reference file: 'C:\Program Files\dotnet\packs\Microsoft.NETCore.App.Ref\8.0.24\ref\net8.0\System.Diagnostics.Contracts.dll'.
         Input: Assembly Reference file: 'C:\Program Files\dotnet\packs\Microsoft.NETCore.App.Ref\8.0.24\ref\net8.0\System.Diagnostics.Debug.dll'.
         Input: Assembly Reference file: 'C:\Program Files\dotnet\packs\Microsoft.NETCore.App.Ref\8.0.24\ref\net8.0\System.Diagnostics.DiagnosticSource.dll'.
         Input: Assembly Reference file: 'C:\Program Files\dotnet\packs\Microsoft.WindowsDesktop.App.Ref\8.0.24\ref\net8.0\System.Diagnostics.EventLog.dll'.
         Input: Assembly Reference file: 'C:\Program Files\dotnet\packs\Microsoft.NETCore.App.Ref\8.0.24\ref\net8.0\System.Diagnostics.FileVersionInfo.dll'.
         Input: Assembly Reference file: 'C:\Program Files\dotnet\packs\Microsoft.WindowsDesktop.App.Ref\8.0.24\ref\net8.0\System.Diagnostics.PerformanceCounter.dll'.
         Input: Assembly Reference file: 'C:\Program Files\dotnet\packs\Microsoft.NETCore.App.Ref\8.0.24\ref\net8.0\System.Diagnostics.Process.dll'.
         Input: Assembly Reference file: 'C:\Program Files\dotnet\packs\Microsoft.NETCore.App.Ref\8.0.24\ref\net8.0\System.Diagnostics.StackTrace.dll'.
         Input: Assembly Reference file: 'C:\Program Files\dotnet\packs\Microsoft.NETCore.App.Ref\8.0.24\ref\net8.0\System.Diagnostics.TextWriterTraceListener.dll'.
         Input: Assembly Reference file: 'C:\Program Files\dotnet\packs\Microsoft.NETCore.App.Ref\8.0.24\ref\net8.0\System.Diagnostics.Tools.dll'.
         Input: Assembly Reference file: 'C:\Program Files\dotnet\packs\Microsoft.NETCore.App.Ref\8.0.24\ref\net8.0\System.Diagnostics.TraceSource.dll'.
         Input: Assembly Reference file: 'C:\Program Files\dotnet\packs\Microsoft.NETCore.App.Ref\8.0.24\ref\net8.0\System.Diagnostics.Tracing.dll'.
         Input: Assembly Reference file: 'C:\Program Files\dotnet\packs\Microsoft.WindowsDesktop.App.Ref\8.0.24\ref\net8.0\System.DirectoryServices.dll'.
         Input: Assembly Reference file: 'C:\Program Files\dotnet\packs\Microsoft.NETCore.App.Ref\8.0.24\ref\net8.0\System.dll'.
         Input: Assembly Reference file: 'C:\Users\user\.nuget\packages\system.drawing.common\8.0.0\lib\net8.0\System.Drawing.Common.dll'.
         Input: Assembly Reference file: 'C:\Program Files\dotnet\packs\Microsoft.NETCore.App.Ref\8.0.24\ref\net8.0\System.Drawing.dll'.
         Input: Assembly Reference file: 'C:\Program Files\dotnet\packs\Microsoft.NETCore.App.Ref\8.0.24\ref\net8.0\System.Drawing.Primitives.dll'.
         Input: Assembly Reference file: 'C:\Program Files\dotnet\packs\Microsoft.NETCore.App.Ref\8.0.24\ref\net8.0\System.Dynamic.Runtime.dll'.
         Input: Assembly Reference file: 'C:\Program Files\dotnet\packs\Microsoft.NETCore.App.Ref\8.0.24\ref\net8.0\System.Formats.Asn1.dll'.
         Input: Assembly Reference file: 'C:\Program Files\dotnet\packs\Microsoft.NETCore.App.Ref\8.0.24\ref\net8.0\System.Formats.Tar.dll'.
         Input: Assembly Reference file: 'C:\Program Files\dotnet\packs\Microsoft.NETCore.App.Ref\8.0.24\ref\net8.0\System.Globalization.Calendars.dll'.
         Input: Assembly Reference file: 'C:\Program Files\dotnet\packs\Microsoft.NETCore.App.Ref\8.0.24\ref\net8.0\System.Globalization.dll'.
         Input: Assembly Reference file: 'C:\Program Files\dotnet\packs\Microsoft.NETCore.App.Ref\8.0.24\ref\net8.0\System.Globalization.Extensions.dll'.
         Input: Assembly Reference file: 'C:\Program Files\dotnet\packs\Microsoft.NETCore.App.Ref\8.0.24\ref\net8.0\System.IO.Compression.Brotli.dll'.
         Input: Assembly Reference file: 'C:\Program Files\dotnet\packs\Microsoft.NETCore.App.Ref\8.0.24\ref\net8.0\System.IO.Compression.dll'.
         Input: Assembly Reference file: 'C:\Program Files\dotnet\packs\Microsoft.NETCore.App.Ref\8.0.24\ref\net8.0\System.IO.Compression.FileSystem.dll'.
         Input: Assembly Reference file: 'C:\Program Files\dotnet\packs\Microsoft.NETCore.App.Ref\8.0.24\ref\net8.0\System.IO.Compression.ZipFile.dll'.
         Input: Assembly Reference file: 'C:\Program Files\dotnet\packs\Microsoft.NETCore.App.Ref\8.0.24\ref\net8.0\System.IO.dll'.
         Input: Assembly Reference file: 'C:\Program Files\dotnet\packs\Microsoft.NETCore.App.Ref\8.0.24\ref\net8.0\System.IO.FileSystem.AccessControl.dll'.
         Input: Assembly Reference file: 'C:\Program Files\dotnet\packs\Microsoft.NETCore.App.Ref\8.0.24\ref\net8.0\System.IO.FileSystem.dll'.
         Input: Assembly Reference file: 'C:\Program Files\dotnet\packs\Microsoft.NETCore.App.Ref\8.0.24\ref\net8.0\System.IO.FileSystem.DriveInfo.dll'.
         Input: Assembly Reference file: 'C:\Program Files\dotnet\packs\Microsoft.NETCore.App.Ref\8.0.24\ref\net8.0\System.IO.FileSystem.Primitives.dll'.
         Input: Assembly Reference file: 'C:\Program Files\dotnet\packs\Microsoft.NETCore.App.Ref\8.0.24\ref\net8.0\System.IO.FileSystem.Watcher.dll'.
         Input: Assembly Reference file: 'C:\Program Files\dotnet\packs\Microsoft.NETCore.App.Ref\8.0.24\ref\net8.0\System.IO.IsolatedStorage.dll'.
         Input: Assembly Reference file: 'C:\Program Files\dotnet\packs\Microsoft.NETCore.App.Ref\8.0.24\ref\net8.0\System.IO.MemoryMappedFiles.dll'.
         Input: Assembly Reference file: 'C:\Program Files\dotnet\packs\Microsoft.WindowsDesktop.App.Ref\8.0.24\ref\net8.0\System.IO.Packaging.dll'.
         Input: Assembly Reference file: 'C:\Program Files\dotnet\packs\Microsoft.NETCore.App.Ref\8.0.24\ref\net8.0\System.IO.Pipes.AccessControl.dll'.
         Input: Assembly Reference file: 'C:\Program Files\dotnet\packs\Microsoft.NETCore.App.Ref\8.0.24\ref\net8.0\System.IO.Pipes.dll'.
         Input: Assembly Reference file: 'C:\Program Files\dotnet\packs\Microsoft.NETCore.App.Ref\8.0.24\ref\net8.0\System.IO.UnmanagedMemoryStream.dll'.
         Input: Assembly Reference file: 'C:\Program Files\dotnet\packs\Microsoft.NETCore.App.Ref\8.0.24\ref\net8.0\System.Linq.dll'.
         Input: Assembly Reference file: 'C:\Program Files\dotnet\packs\Microsoft.NETCore.App.Ref\8.0.24\ref\net8.0\System.Linq.Expressions.dll'.
         Input: Assembly Reference file: 'C:\Program Files\dotnet\packs\Microsoft.NETCore.App.Ref\8.0.24\ref\net8.0\System.Linq.Parallel.dll'.
         Input: Assembly Reference file: 'C:\Program Files\dotnet\packs\Microsoft.NETCore.App.Ref\8.0.24\ref\net8.0\System.Linq.Queryable.dll'.
         Input: Assembly Reference file: 'C:\Program Files\dotnet\packs\Microsoft.NETCore.App.Ref\8.0.24\ref\net8.0\System.Memory.dll'.
         Input: Assembly Reference file: 'C:\Program Files\dotnet\packs\Microsoft.NETCore.App.Ref\8.0.24\ref\net8.0\System.Net.dll'.
         Input: Assembly Reference file: 'C:\Program Files\dotnet\packs\Microsoft.NETCore.App.Ref\8.0.24\ref\net8.0\System.Net.Http.dll'.
         Input: Assembly Reference file: 'C:\Program Files\dotnet\packs\Microsoft.NETCore.App.Ref\8.0.24\ref\net8.0\System.Net.Http.Json.dll'.
         Input: Assembly Reference file: 'C:\Program Files\dotnet\packs\Microsoft.NETCore.App.Ref\8.0.24\ref\net8.0\System.Net.HttpListener.dll'.
         Input: Assembly Reference file: 'C:\Program Files\dotnet\packs\Microsoft.NETCore.App.Ref\8.0.24\ref\net8.0\System.Net.Mail.dll'.
         Input: Assembly Reference file: 'C:\Program Files\dotnet\packs\Microsoft.NETCore.App.Ref\8.0.24\ref\net8.0\System.Net.NameResolution.dll'.
         Input: Assembly Reference file: 'C:\Program Files\dotnet\packs\Microsoft.NETCore.App.Ref\8.0.24\ref\net8.0\System.Net.NetworkInformation.dll'.
         Input: Assembly Reference file: 'C:\Program Files\dotnet\packs\Microsoft.NETCore.App.Ref\8.0.24\ref\net8.0\System.Net.Ping.dll'.
         Input: Assembly Reference file: 'C:\Program Files\dotnet\packs\Microsoft.NETCore.App.Ref\8.0.24\ref\net8.0\System.Net.Primitives.dll'.
         Input: Assembly Reference file: 'C:\Program Files\dotnet\packs\Microsoft.NETCore.App.Ref\8.0.24\ref\net8.0\System.Net.Quic.dll'.
         Input: Assembly Reference file: 'C:\Program Files\dotnet\packs\Microsoft.NETCore.App.Ref\8.0.24\ref\net8.0\System.Net.Requests.dll'.
         Input: Assembly Reference file: 'C:\Program Files\dotnet\packs\Microsoft.NETCore.App.Ref\8.0.24\ref\net8.0\System.Net.Security.dll'.
         Input: Assembly Reference file: 'C:\Program Files\dotnet\packs\Microsoft.NETCore.App.Ref\8.0.24\ref\net8.0\System.Net.ServicePoint.dll'.
         Input: Assembly Reference file: 'C:\Program Files\dotnet\packs\Microsoft.NETCore.App.Ref\8.0.24\ref\net8.0\System.Net.Sockets.dll'.
         Input: Assembly Reference file: 'C:\Program Files\dotnet\packs\Microsoft.NETCore.App.Ref\8.0.24\ref\net8.0\System.Net.WebClient.dll'.
         Input: Assembly Reference file: 'C:\Program Files\dotnet\packs\Microsoft.NETCore.App.Ref\8.0.24\ref\net8.0\System.Net.WebHeaderCollection.dll'.
         Input: Assembly Reference file: 'C:\Program Files\dotnet\packs\Microsoft.NETCore.App.Ref\8.0.24\ref\net8.0\System.Net.WebProxy.dll'.
         Input: Assembly Reference file: 'C:\Program Files\dotnet\packs\Microsoft.NETCore.App.Ref\8.0.24\ref\net8.0\System.Net.WebSockets.Client.dll'.
         Input: Assembly Reference file: 'C:\Program Files\dotnet\packs\Microsoft.NETCore.App.Ref\8.0.24\ref\net8.0\System.Net.WebSockets.dll'.
         Input: Assembly Reference file: 'C:\Program Files\dotnet\packs\Microsoft.NETCore.App.Ref\8.0.24\ref\net8.0\System.Numerics.dll'.
         Input: Assembly Reference file: 'C:\Program Files\dotnet\packs\Microsoft.NETCore.App.Ref\8.0.24\ref\net8.0\System.Numerics.Vectors.dll'.
         Input: Assembly Reference file: 'C:\Program Files\dotnet\packs\Microsoft.NETCore.App.Ref\8.0.24\ref\net8.0\System.ObjectModel.dll'.
         Input: Assembly Reference file: 'C:\Program Files\dotnet\packs\Microsoft.WindowsDesktop.App.Ref\8.0.24\ref\net8.0\System.Printing.dll'.
         Input: Assembly Reference file: 'C:\Program Files\dotnet\packs\Microsoft.NETCore.App.Ref\8.0.24\ref\net8.0\System.Reflection.DispatchProxy.dll'.
         Input: Assembly Reference file: 'C:\Program Files\dotnet\packs\Microsoft.NETCore.App.Ref\8.0.24\ref\net8.0\System.Reflection.dll'.
         Input: Assembly Reference file: 'C:\Program Files\dotnet\packs\Microsoft.NETCore.App.Ref\8.0.24\ref\net8.0\System.Reflection.Emit.dll'.
         Input: Assembly Reference file: 'C:\Program Files\dotnet\packs\Microsoft.NETCore.App.Ref\8.0.24\ref\net8.0\System.Reflection.Emit.ILGeneration.dll'.
         Input: Assembly Reference file: 'C:\Program Files\dotnet\packs\Microsoft.NETCore.App.Ref\8.0.24\ref\net8.0\System.Reflection.Emit.Lightweight.dll'.
         Input: Assembly Reference file: 'C:\Program Files\dotnet\packs\Microsoft.NETCore.App.Ref\8.0.24\ref\net8.0\System.Reflection.Extensions.dll'.
         Input: Assembly Reference file: 'C:\Program Files\dotnet\packs\Microsoft.NETCore.App.Ref\8.0.24\ref\net8.0\System.Reflection.Metadata.dll'.
         Input: Assembly Reference file: 'C:\Program Files\dotnet\packs\Microsoft.NETCore.App.Ref\8.0.24\ref\net8.0\System.Reflection.Primitives.dll'.
         Input: Assembly Reference file: 'C:\Program Files\dotnet\packs\Microsoft.NETCore.App.Ref\8.0.24\ref\net8.0\System.Reflection.TypeExtensions.dll'.
         Input: Assembly Reference file: 'C:\Program Files\dotnet\packs\Microsoft.WindowsDesktop.App.Ref\8.0.24\ref\net8.0\System.Resources.Extensions.dll'.
         Input: Assembly Reference file: 'C:\Program Files\dotnet\packs\Microsoft.NETCore.App.Ref\8.0.24\ref\net8.0\System.Resources.Reader.dll'.
         Input: Assembly Reference file: 'C:\Program Files\dotnet\packs\Microsoft.NETCore.App.Ref\8.0.24\ref\net8.0\System.Resources.ResourceManager.dll'.
         Input: Assembly Reference file: 'C:\Program Files\dotnet\packs\Microsoft.NETCore.App.Ref\8.0.24\ref\net8.0\System.Resources.Writer.dll'.
         Input: Assembly Reference file: 'C:\Program Files\dotnet\packs\Microsoft.NETCore.App.Ref\8.0.24\ref\net8.0\System.Runtime.CompilerServices.Unsafe.dll'.
         Input: Assembly Reference file: 'C:\Program Files\dotnet\packs\Microsoft.NETCore.App.Ref\8.0.24\ref\net8.0\System.Runtime.CompilerServices.VisualC.dll'.
         Input: Assembly Reference file: 'C:\Program Files\dotnet\packs\Microsoft.NETCore.App.Ref\8.0.24\ref\net8.0\System.Runtime.dll'.
         Input: Assembly Reference file: 'C:\Program Files\dotnet\packs\Microsoft.NETCore.App.Ref\8.0.24\ref\net8.0\System.Runtime.Extensions.dll'.
         Input: Assembly Reference file: 'C:\Program Files\dotnet\packs\Microsoft.NETCore.App.Ref\8.0.24\ref\net8.0\System.Runtime.Handles.dll'.
         Input: Assembly Reference file: 'C:\Program Files\dotnet\packs\Microsoft.NETCore.App.Ref\8.0.24\ref\net8.0\System.Runtime.InteropServices.dll'.
         Input: Assembly Reference file: 'C:\Program Files\dotnet\packs\Microsoft.NETCore.App.Ref\8.0.24\ref\net8.0\System.Runtime.InteropServices.JavaScript.dll'.
         Input: Assembly Reference file: 'C:\Program Files\dotnet\packs\Microsoft.NETCore.App.Ref\8.0.24\ref\net8.0\System.Runtime.InteropServices.RuntimeInformation.dll'.
         Input: Assembly Reference file: 'C:\Program Files\dotnet\packs\Microsoft.NETCore.App.Ref\8.0.24\ref\net8.0\System.Runtime.Intrinsics.dll'.
         Input: Assembly Reference file: 'C:\Program Files\dotnet\packs\Microsoft.NETCore.App.Ref\8.0.24\ref\net8.0\System.Runtime.Loader.dll'.
         Input: Assembly Reference file: 'C:\Program Files\dotnet\packs\Microsoft.NETCore.App.Ref\8.0.24\ref\net8.0\System.Runtime.Numerics.dll'.
         Input: Assembly Reference file: 'C:\Program Files\dotnet\packs\Microsoft.NETCore.App.Ref\8.0.24\ref\net8.0\System.Runtime.Serialization.dll'.
         Input: Assembly Reference file: 'C:\Program Files\dotnet\packs\Microsoft.NETCore.App.Ref\8.0.24\ref\net8.0\System.Runtime.Serialization.Formatters.dll'.
         Input: Assembly Reference file: 'C:\Program Files\dotnet\packs\Microsoft.NETCore.App.Ref\8.0.24\ref\net8.0\System.Runtime.Serialization.Json.dll'.
         Input: Assembly Reference file: 'C:\Program Files\dotnet\packs\Microsoft.NETCore.App.Ref\8.0.24\ref\net8.0\System.Runtime.Serialization.Primitives.dll'.
         Input: Assembly Reference file: 'C:\Program Files\dotnet\packs\Microsoft.NETCore.App.Ref\8.0.24\ref\net8.0\System.Runtime.Serialization.Xml.dll'.
         Input: Assembly Reference file: 'C:\Program Files\dotnet\packs\Microsoft.NETCore.App.Ref\8.0.24\ref\net8.0\System.Security.AccessControl.dll'.
         Input: Assembly Reference file: 'C:\Program Files\dotnet\packs\Microsoft.NETCore.App.Ref\8.0.24\ref\net8.0\System.Security.Claims.dll'.
         Input: Assembly Reference file: 'C:\Program Files\dotnet\packs\Microsoft.NETCore.App.Ref\8.0.24\ref\net8.0\System.Security.Cryptography.Algorithms.dll'.
         Input: Assembly Reference file: 'C:\Program Files\dotnet\packs\Microsoft.NETCore.App.Ref\8.0.24\ref\net8.0\System.Security.Cryptography.Cng.dll'.
         Input: Assembly Reference file: 'C:\Program Files\dotnet\packs\Microsoft.NETCore.App.Ref\8.0.24\ref\net8.0\System.Security.Cryptography.Csp.dll'.
         Input: Assembly Reference file: 'C:\Program Files\dotnet\packs\Microsoft.NETCore.App.Ref\8.0.24\ref\net8.0\System.Security.Cryptography.dll'.
         Input: Assembly Reference file: 'C:\Program Files\dotnet\packs\Microsoft.NETCore.App.Ref\8.0.24\ref\net8.0\System.Security.Cryptography.Encoding.dll'.
         Input: Assembly Reference file: 'C:\Program Files\dotnet\packs\Microsoft.NETCore.App.Ref\8.0.24\ref\net8.0\System.Security.Cryptography.OpenSsl.dll'.
         Input: Assembly Reference file: 'C:\Program Files\dotnet\packs\Microsoft.WindowsDesktop.App.Ref\8.0.24\ref\net8.0\System.Security.Cryptography.Pkcs.dll'.
         Input: Assembly Reference file: 'C:\Program Files\dotnet\packs\Microsoft.NETCore.App.Ref\8.0.24\ref\net8.0\System.Security.Cryptography.Primitives.dll'.
         Input: Assembly Reference file: 'C:\Program Files\dotnet\packs\Microsoft.WindowsDesktop.App.Ref\8.0.24\ref\net8.0\System.Security.Cryptography.ProtectedData.dll'.
         Input: Assembly Reference file: 'C:\Program Files\dotnet\packs\Microsoft.NETCore.App.Ref\8.0.24\ref\net8.0\System.Security.Cryptography.X509Certificates.dll'.
         Input: Assembly Reference file: 'C:\Program Files\dotnet\packs\Microsoft.WindowsDesktop.App.Ref\8.0.24\ref\net8.0\System.Security.Cryptography.Xml.dll'.
         Input: Assembly Reference file: 'C:\Program Files\dotnet\packs\Microsoft.NETCore.App.Ref\8.0.24\ref\net8.0\System.Security.dll'.
         Input: Assembly Reference file: 'C:\Program Files\dotnet\packs\Microsoft.WindowsDesktop.App.Ref\8.0.24\ref\net8.0\System.Security.Permissions.dll'.
         Input: Assembly Reference file: 'C:\Program Files\dotnet\packs\Microsoft.NETCore.App.Ref\8.0.24\ref\net8.0\System.Security.Principal.dll'.
         Input: Assembly Reference file: 'C:\Program Files\dotnet\packs\Microsoft.NETCore.App.Ref\8.0.24\ref\net8.0\System.Security.Principal.Windows.dll'.
         Input: Assembly Reference file: 'C:\Program Files\dotnet\packs\Microsoft.NETCore.App.Ref\8.0.24\ref\net8.0\System.Security.SecureString.dll'.
         Input: Assembly Reference file: 'C:\Program Files\dotnet\packs\Microsoft.NETCore.App.Ref\8.0.24\ref\net8.0\System.ServiceModel.Web.dll'.
         Input: Assembly Reference file: 'C:\Program Files\dotnet\packs\Microsoft.NETCore.App.Ref\8.0.24\ref\net8.0\System.ServiceProcess.dll'.
         Input: Assembly Reference file: 'C:\Program Files\dotnet\packs\Microsoft.NETCore.App.Ref\8.0.24\ref\net8.0\System.Text.Encoding.CodePages.dll'.
         Input: Assembly Reference file: 'C:\Program Files\dotnet\packs\Microsoft.NETCore.App.Ref\8.0.24\ref\net8.0\System.Text.Encoding.dll'.
         Input: Assembly Reference file: 'C:\Program Files\dotnet\packs\Microsoft.NETCore.App.Ref\8.0.24\ref\net8.0\System.Text.Encoding.Extensions.dll'.
         Input: Assembly Reference file: 'C:\Program Files\dotnet\packs\Microsoft.NETCore.App.Ref\8.0.24\ref\net8.0\System.Text.Encodings.Web.dll'.
         Input: Assembly Reference file: 'C:\Program Files\dotnet\packs\Microsoft.NETCore.App.Ref\8.0.24\ref\net8.0\System.Text.Json.dll'.
         Input: Assembly Reference file: 'C:\Program Files\dotnet\packs\Microsoft.NETCore.App.Ref\8.0.24\ref\net8.0\System.Text.RegularExpressions.dll'.
         Input: Assembly Reference file: 'C:\Program Files\dotnet\packs\Microsoft.WindowsDesktop.App.Ref\8.0.24\ref\net8.0\System.Threading.AccessControl.dll'.
         Input: Assembly Reference file: 'C:\Program Files\dotnet\packs\Microsoft.NETCore.App.Ref\8.0.24\ref\net8.0\System.Threading.Channels.dll'.
         Input: Assembly Reference file: 'C:\Program Files\dotnet\packs\Microsoft.NETCore.App.Ref\8.0.24\ref\net8.0\System.Threading.dll'.
         Input: Assembly Reference file: 'C:\Program Files\dotnet\packs\Microsoft.NETCore.App.Ref\8.0.24\ref\net8.0\System.Threading.Overlapped.dll'.
         Input: Assembly Reference file: 'C:\Program Files\dotnet\packs\Microsoft.NETCore.App.Ref\8.0.24\ref\net8.0\System.Threading.Tasks.Dataflow.dll'.
         Input: Assembly Reference file: 'C:\Program Files\dotnet\packs\Microsoft.NETCore.App.Ref\8.0.24\ref\net8.0\System.Threading.Tasks.dll'.
         Input: Assembly Reference file: 'C:\Program Files\dotnet\packs\Microsoft.NETCore.App.Ref\8.0.24\ref\net8.0\System.Threading.Tasks.Extensions.dll'.
         Input: Assembly Reference file: 'C:\Program Files\dotnet\packs\Microsoft.NETCore.App.Ref\8.0.24\ref\net8.0\System.Threading.Tasks.Parallel.dll'.
         Input: Assembly Reference file: 'C:\Program Files\dotnet\packs\Microsoft.NETCore.App.Ref\8.0.24\ref\net8.0\System.Threading.Thread.dll'.
         Input: Assembly Reference file: 'C:\Program Files\dotnet\packs\Microsoft.NETCore.App.Ref\8.0.24\ref\net8.0\System.Threading.ThreadPool.dll'.
         Input: Assembly Reference file: 'C:\Program Files\dotnet\packs\Microsoft.NETCore.App.Ref\8.0.24\ref\net8.0\System.Threading.Timer.dll'.
         Input: Assembly Reference file: 'C:\Program Files\dotnet\packs\Microsoft.NETCore.App.Ref\8.0.24\ref\net8.0\System.Transactions.dll'.
         Input: Assembly Reference file: 'C:\Program Files\dotnet\packs\Microsoft.NETCore.App.Ref\8.0.24\ref\net8.0\System.Transactions.Local.dll'.
         Input: Assembly Reference file: 'C:\Program Files\dotnet\packs\Microsoft.NETCore.App.Ref\8.0.24\ref\net8.0\System.ValueTuple.dll'.
         Input: Assembly Reference file: 'C:\Program Files\dotnet\packs\Microsoft.NETCore.App.Ref\8.0.24\ref\net8.0\System.Web.dll'.
         Input: Assembly Reference file: 'C:\Program Files\dotnet\packs\Microsoft.NETCore.App.Ref\8.0.24\ref\net8.0\System.Web.HttpUtility.dll'.
         Input: Assembly Reference file: 'C:\Program Files\dotnet\packs\Microsoft.WindowsDesktop.App.Ref\8.0.24\ref\net8.0\System.Windows.Controls.Ribbon.dll'.
         Input: Assembly Reference file: 'C:\Program Files\dotnet\packs\Microsoft.NETCore.App.Ref\8.0.24\ref\net8.0\System.Windows.dll'.
         Input: Assembly Reference file: 'C:\Program Files\dotnet\packs\Microsoft.WindowsDesktop.App.Ref\8.0.24\ref\net8.0\System.Windows.Extensions.dll'.
         Input: Assembly Reference file: 'C:\Program Files\dotnet\packs\Microsoft.WindowsDesktop.App.Ref\8.0.24\ref\net8.0\System.Windows.Input.Manipulations.dll'.
         Input: Assembly Reference file: 'C:\Program Files\dotnet\packs\Microsoft.WindowsDesktop.App.Ref\8.0.24\ref\net8.0\System.Windows.Presentation.dll'.
         Input: Assembly Reference file: 'C:\Program Files\dotnet\packs\Microsoft.WindowsDesktop.App.Ref\8.0.24\ref\net8.0\System.Xaml.dll'.
         Input: Assembly Reference file: 'C:\Program Files\dotnet\packs\Microsoft.NETCore.App.Ref\8.0.24\ref\net8.0\System.Xml.dll'.
         Input: Assembly Reference file: 'C:\Program Files\dotnet\packs\Microsoft.NETCore.App.Ref\8.0.24\ref\net8.0\System.Xml.Linq.dll'.
         Input: Assembly Reference file: 'C:\Program Files\dotnet\packs\Microsoft.NETCore.App.Ref\8.0.24\ref\net8.0\System.Xml.ReaderWriter.dll'.
         Input: Assembly Reference file: 'C:\Program Files\dotnet\packs\Microsoft.NETCore.App.Ref\8.0.24\ref\net8.0\System.Xml.Serialization.dll'.
         Input: Assembly Reference file: 'C:\Program Files\dotnet\packs\Microsoft.NETCore.App.Ref\8.0.24\ref\net8.0\System.Xml.XDocument.dll'.
         Input: Assembly Reference file: 'C:\Program Files\dotnet\packs\Microsoft.NETCore.App.Ref\8.0.24\ref\net8.0\System.Xml.XmlDocument.dll'.
         Input: Assembly Reference file: 'C:\Program Files\dotnet\packs\Microsoft.NETCore.App.Ref\8.0.24\ref\net8.0\System.Xml.XmlSerializer.dll'.
         Input: Assembly Reference file: 'C:\Program Files\dotnet\packs\Microsoft.NETCore.App.Ref\8.0.24\ref\net8.0\System.Xml.XPath.dll'.
         Input: Assembly Reference file: 'C:\Program Files\dotnet\packs\Microsoft.NETCore.App.Ref\8.0.24\ref\net8.0\System.Xml.XPath.XDocument.dll'.
         Input: Assembly Reference file: 'C:\Program Files\dotnet\packs\Microsoft.WindowsDesktop.App.Ref\8.0.24\ref\net8.0\UIAutomationClient.dll'.
         Input: Assembly Reference file: 'C:\Program Files\dotnet\packs\Microsoft.WindowsDesktop.App.Ref\8.0.24\ref\net8.0\UIAutomationClientSideProviders.dll'.
         Input: Assembly Reference file: 'C:\Program Files\dotnet\packs\Microsoft.WindowsDesktop.App.Ref\8.0.24\ref\net8.0\UIAutomationProvider.dll'.
         Input: Assembly Reference file: 'C:\Program Files\dotnet\packs\Microsoft.WindowsDesktop.App.Ref\8.0.24\ref\net8.0\UIAutomationTypes.dll'.
         Input: Assembly Reference file: 'C:\Program Files\dotnet\packs\Microsoft.WindowsDesktop.App.Ref\8.0.24\ref\net8.0\WindowsBase.dll'.
         Input file 'C:\Users\user\Desktop\fggrill\desktop-app\FgGrillPos\MainWindow.xaml' is resolved to new relative path 'MainWindow.xaml' at directory 'C:\Users\user\Desktop\fggrill\desktop-app\FgGrillPos\'.
         Generated code file: 'C:\Users\user\Desktop\fggrill\desktop-app\FgGrillPos\obj\Debug\net8.0-windows\MainWindow.g.cs'.
         Generated code file: 'C:\Users\user\Desktop\fggrill\desktop-app\FgGrillPos\obj\Debug\net8.0-windows\App.g.cs'.
         Markup compilation is done.
         MarkupCompilePass1 successfully generated BAML or source code files.
       Done executing task "MarkupCompilePass1".
       Task "Message" skipped, due to false condition; ('$(MSBuildTargetsVerbose)'=='true') was evaluated as (''=='true').
       Task "Message" skipped, due to false condition; ('$(MSBuildTargetsVerbose)'=='true') was evaluated as (''=='true').
       Task "Message" skipped, due to false condition; ('$(MSBuildTargetsVerbose)'=='true') was evaluated as (''=='true').
       Task "Message" skipped, due to false condition; ('$(MSBuildTargetsVerbose)'=='true') was evaluated as (''=='true').
       Task "Message" skipped, due to false condition; ('$(MSBuildTargetsVerbose)'=='true') was evaluated as (''=='true').
       Task "Message" skipped, due to false condition; ('$(MSBuildTargetsVerbose)'=='true') was evaluated as (''=='true').
   1:7>Done building target "MarkupCompilePass1" in project "FgGrillPos.csproj".
   1:7>Target "AfterMarkupCompilePass1" in file "C:\Program Files\dotnet\sdk\8.0.418\Sdks\Microsoft.NET.Sdk.WindowsDesktop\targets\Microsoft.WinFX.targets" from project "C:\Users\user\Desktop\fggrill\desktop-app\FgGrillPos\FgGrillPos.csproj" (target "PrepareResources" depends on it):
   1:7>Done building target "AfterMarkupCompilePass1" in project "FgGrillPos.csproj".
   1:7>Target "GenerateTemporaryTargetAssembly" in file "C:\Program Files\dotnet\sdk\8.0.418\Sdks\Microsoft.NET.Sdk.WindowsDesktop\targets\Microsoft.WinFX.targets" from project "C:\Users\user\Desktop\fggrill\desktop-app\FgGrillPos\FgGrillPos.csproj" (target "MarkupCompilePass2ForMainAssembly" depends on it):
       Task "Message" skipped, due to false condition; ('$(MSBuildTargetsVerbose)' == 'true') was evaluated as ('' == 'true').
       Using "Copy" task from assembly "Microsoft.Build.Tasks.Core, Version=15.1.0.0, Culture=neutral, PublicKeyToken=b03f5f7f11d50a3a".
       Task "Copy"
         Copying file from "C:\Users\user\Desktop\fggrill\desktop-app\FgGrillPos\obj\FgGrillPos.csproj.nuget.g.props" to "C:\Users\user\Desktop\fggrill\desktop-app\FgGrillPos\obj\FgGrillPos_kuqgvxvv_wpftmp.csproj.nuget.g.props".
         Copying file from "C:\Users\user\Desktop\fggrill\desktop-app\FgGrillPos\obj\FgGrillPos.csproj.nuget.g.targets" to "C:\Users\user\Desktop\fggrill\desktop-app\FgGrillPos\obj\FgGrillPos_kuqgvxvv_wpftmp.csproj.nuget.g.targets".
         Copying file from "C:\Users\user\Desktop\fggrill\desktop-app\FgGrillPos\obj\FgGrillPos.csproj.nuget.dgspec.json" to "C:\Users\user\Desktop\fggrill\desktop-app\FgGrillPos\obj\FgGrillPos_kuqgvxvv_wpftmp.csproj.nuget.dgspec.json".
       Done executing task "Copy".
       Using "GenerateTemporaryTargetAssembly" task from assembly "C:\Program Files\dotnet\sdk\8.0.418\Sdks\Microsoft.NET.Sdk.WindowsDesktop\tools\net8.0\PresentationBuildTasks.dll".
       Task "GenerateTemporaryTargetAssembly"
     0>Property 'MSBuildExtensionsPath' with value 'C:\Program Files\dotnet\sdk\8.0.418\' expanded from the environment.
       Property 'USERPROFILE' with value 'C:\Users\user' expanded from the environment.
       Property 'MSBuildUserExtensionsPath' with value 'C:\Users\user\AppData\Local\Microsoft\MSBuild' expanded from the environment.
       Property reassignment: $(AssemblySearchPaths)="{CandidateAssemblyFiles};{HintPathFromItem}" (previous value: "{CandidateAssemblyFiles}") at C:\Program Files\dotnet\sdk\8.0.418\Sdks\Microsoft.NET.Sdk\targets\Microsoft.NET.Sdk.props (91,5)
       Property reassignment: $(AssemblySearchPaths)="{CandidateAssemblyFiles};{HintPathFromItem};{TargetFrameworkDirectory}" (previous value: "{CandidateAssemblyFiles};{HintPathFromItem}") at C:\Program Files\dotnet\sdk\8.0.418\Sdks\Microsoft.NET.Sdk\targets\Microsoft.NET.Sdk.props (92,5)
       Property reassignment: $(AssemblySearchPaths)="{CandidateAssemblyFiles};{HintPathFromItem};{TargetFrameworkDirectory};{RawFileName}" (previous value: "{CandidateAssemblyFiles};{HintPathFromItem};{TargetFrameworkDirectory}") at C:\Program Files\dotnet\sdk\8.0.418\Sdks\Microsoft.NET.Sdk\targets\Microsoft.NET.Sdk.props (93,5)
       Property reassignment: $(TargetsForTfmSpecificContentInPackage)=";PackTool;_PackProjectToolValidation" (previous value: ";PackTool") at C:\Program Files\dotnet\sdk\8.0.418\Sdks\Microsoft.NET.Sdk\targets\Microsoft.NET.PackProjectTool.props (15,5)
       Property reassignment: $(OutputType)="WinExe" (previous value: "Library") at C:\Users\user\Desktop\fggrill\desktop-app\FgGrillPos\FgGrillPos_kuqgvxvv_wpftmp.csproj (11,5)
       Property reassignment: $(PublishProfileImported)="false" (previous value: "true") at C:\Program Files\dotnet\sdk\8.0.418\Sdks\Microsoft.NET.Sdk\targets\Microsoft.NET.Sdk.ImportPublishProfile.targets (28,5)
       Property reassignment: $(TargetPlatformVersion)="0.0" (previous value: "0.0.0.0") at C:\Program Files\dotnet\sdk\8.0.418\Sdks\Microsoft.NET.Sdk\targets\Microsoft.NET.TargetFrameworkInference.targets (68,5)
       Property reassignment: $(TargetPlatformVersion)="" (previous value: "0.0") at C:\Program Files\dotnet\sdk\8.0.418\Sdks\Microsoft.NET.Sdk\targets\Microsoft.NET.TargetFrameworkInference.targets (69,5)
       Property reassignment: $(TargetPlatformIdentifier)="Windows" (previous value: "windows") at C:\Program Files\dotnet\sdk\8.0.418\Sdks\Microsoft.NET.Sdk\targets\Microsoft.NET.TargetFrameworkInference.targets (71,5)
       Property reassignment: $(DefaultItemExcludes)=";bin\Debug\/**;obj\Debug\/**" (previous value: ";bin\Debug\/**") at C:\Program Files\dotnet\sdk\8.0.418\Sdks\Microsoft.NET.Sdk\targets\Microsoft.NET.DefaultOutputPaths.targets (122,5)
       Property reassignment: $(OutputPath)="bin\Debug\net8.0-windows\" (previous value: "bin\Debug\") at C:\Program Files\dotnet\sdk\8.0.418\Sdks\Microsoft.NET.Sdk\targets\Microsoft.NET.DefaultOutputPaths.targets (137,5)
       Property reassignment: $(IntermediateOutputPath)="obj\Debug\net8.0-windows\" (previous value: "obj\Debug\") at C:\Program Files\dotnet\sdk\8.0.418\Sdks\Microsoft.NET.Sdk\targets\Microsoft.NET.DefaultOutputPaths.targets (142,5)
       Property reassignment: $(_FrameworkIdentifierForImplicitDefine)="NET" (previous value: "NETCOREAPP") at C:\Program Files\dotnet\sdk\8.0.418\Sdks\Microsoft.NET.Sdk\targets\Microsoft.NET.Sdk.BeforeCommon.targets (187,5)
       Property reassignment: $(_FrameworkVersionForImplicitDefine)="8_0" (previous value: "8.0") at C:\Program Files\dotnet\sdk\8.0.418\Sdks\Microsoft.NET.Sdk\targets\Microsoft.NET.Sdk.BeforeCommon.targets (192,5)
       Property reassignment: $(CommandLineArgsForDesignTimeEvaluation)="-langversion:12.0 -define:TRACE" (previous value: "-langversion:12.0") at C:\Program Files\dotnet\sdk\8.0.418\Roslyn\Microsoft.CSharp.Core.targets (200,5)
       Property reassignment: $(_DebugSymbolsProduced)="true" (previous value: "false") at C:\Program Files\dotnet\sdk\8.0.418\Microsoft.Common.CurrentVersion.targets (175,5)
       Property reassignment: $(_DocumentationFileProduced)="false" (previous value: "true") at C:\Program Files\dotnet\sdk\8.0.418\Microsoft.Common.CurrentVersion.targets (185,5)
       Property reassignment: $(MSBuildCopyMarkerName)="FgGrillP.C861C551" (previous value: "FgGrillPos_kuqgvxvv_wpftmp.csproj") at C:\Program Files\dotnet\sdk\8.0.418\Microsoft.Common.CurrentVersion.targets (392,5)
       Property reassignment: $(MSBuildCopyMarkerName)="FgGrillP.C861C551.Up2Date" (previous value: "FgGrillP.C861C551") at C:\Program Files\dotnet\sdk\8.0.418\Microsoft.Common.CurrentVersion.targets (393,5)
       Property reassignment: $(ProcessorArchitecture)="msil" (previous value: "") at C:\Program Files\dotnet\sdk\8.0.418\Microsoft.Common.CurrentVersion.targets (541,5)
       Property reassignment: $(DelaySign)="" (previous value: "false") at C:\Program Files\dotnet\sdk\8.0.418\Microsoft.Common.CurrentVersion.targets (580,5)
       Property 'LOCALAPPDATA' with value 'C:\Users\user\AppData\Local' expanded from the environment.
       Property reassignment: $(_SGenGenerateSerializationAssembliesConfig)="Auto" (previous value: "") at C:\Program Files\dotnet\sdk\8.0.418\Microsoft.Common.CurrentVersion.targets (3896,5)
       Property reassignment: $(_SGenGenerateSerializationAssembliesConfig)="Off" (previous value: "Auto") at C:\Program Files\dotnet\sdk\8.0.418\Microsoft.Common.CurrentVersion.targets (3897,5)
       Property reassignment: $(_TargetsThatPrepareProjectReferences)="
             AssignProjectConfiguration;
             _SplitProjectReferencesByFileExistence
           " (previous value: "_SplitProjectReferencesByFileExistence") at C:\Program Files\dotnet\sdk\8.0.418\Microsoft.Common.CurrentVersion.targets (5099,5)
       Property 'MSBuildExtensionsPath32' with value 'C:\Program Files\dotnet\sdk\8.0.418' expanded from the environment.
       Property reassignment: $(EffectivePlatform)="x86" (previous value: "AnyCPU") at C:\Users\user\.nuget\packages\microsoft.web.webview2\1.0.2903.40\build\Common.targets (37,5)
       Property reassignment: $(EffectivePlatform)="x64" (previous value: "x86") at C:\Users\user\.nuget\packages\microsoft.web.webview2\1.0.2903.40\build\Common.targets (39,5)
       Property reassignment: $(EffectivePlatform)="x86" (previous value: "x64") at C:\Users\user\.nuget\packages\microsoft.web.webview2\1.0.2903.40\build\Common.targets (64,5)
       Property reassignment: $(ProjectAssetsCacheFile)="C:\Users\user\Desktop\fggrill\desktop-app\FgGrillPos\obj\Debug\net8.0-windows\FgGrillPos_kuqgvxvv_wpftmp.assets.cache" (previous value: "obj\Debug\net8.0-windows\FgGrillPos_kuqgvxvv_wpftmp.assets.cache") at C:\Program Files\dotnet\sdk\8.0.418\Sdks\Microsoft.NET.Sdk\targets\Microsoft.PackageDependencyResolution.targets (29,5)
       Property reassignment: $(ResolveAssemblyReferencesDependsOn)="
             
             ResolveProjectReferences;
             FindInvalidProjectReferences;
             GetFrameworkPaths;
             GetReferenceAssemblyPaths;
             PrepareForBuild;
             ResolveSDKReferences;
             ExpandSDKReferences;
           ;
             ResolvePackageDependenciesForBuild;
             _HandlePackageFileConflicts;
           " (previous value: "
             ResolveProjectReferences;
             FindInvalidProjectReferences;
             GetFrameworkPaths;
             GetReferenceAssemblyPaths;
             PrepareForBuild;
             ResolveSDKReferences;
             ExpandSDKReferences;
           ") at C:\Program Files\dotnet\sdk\8.0.418\Sdks\Microsoft.NET.Sdk\targets\Microsoft.PackageDependencyResolution.targets (80,5)
       Property reassignment: $(PrepareResourcesDependsOn)="
             ResolvePackageDependenciesForBuild;
             _HandlePackageFileConflicts;
             
             ;
             PrepareResourceNames;
             ResGen;
             CompileLicxFiles
           
           " (previous value: "
             ;
             PrepareResourceNames;
             ResGen;
             CompileLicxFiles
           ") at C:\Program Files\dotnet\sdk\8.0.418\Sdks\Microsoft.NET.Sdk\targets\Microsoft.PackageDependencyResolution.targets (86,5)
       Property reassignment: $(DefaultItemExcludes)=";bin\Debug\/**;obj\Debug\/**;bin\/**" (previous value: ";bin\Debug\/**;obj\Debug\/**") at C:\Program Files\dotnet\sdk\8.0.418\Sdks\Microsoft.NET.Sdk\targets\Microsoft.NET.Sdk.DefaultItems.targets (27,5)
       Property reassignment: $(DefaultItemExcludes)=";bin\Debug\/**;obj\Debug\/**;bin\/**;obj\/**" (previous value: ";bin\Debug\/**;obj\Debug\/**;bin\/**") at C:\Program Files\dotnet\sdk\8.0.418\Sdks\Microsoft.NET.Sdk\targets\Microsoft.NET.Sdk.DefaultItems.targets (29,5)
       Property reassignment: $(DefaultItemExcludes)=";bin\Debug\/**;obj\Debug\/**;bin\/**;obj\/**;**/*.user" (previous value: ";bin\Debug\/**;obj\Debug\/**;bin\/**;obj\/**") at C:\Program Files\dotnet\sdk\8.0.418\Sdks\Microsoft.NET.Sdk\targets\Microsoft.NET.Sdk.DefaultItems.targets (32,5)
       Property reassignment: $(DefaultItemExcludes)=";bin\Debug\/**;obj\Debug\/**;bin\/**;obj\/**;**/*.user;**/*.*proj" (previous value: ";bin\Debug\/**;obj\Debug\/**;bin\/**;obj\/**;**/*.user") at C:\Program Files\dotnet\sdk\8.0.418\Sdks\Microsoft.NET.Sdk\targets\Microsoft.NET.Sdk.DefaultItems.targets (33,5)
       Property reassignment: $(DefaultItemExcludes)=";bin\Debug\/**;obj\Debug\/**;bin\/**;obj\/**;**/*.user;**/*.*proj;**/*.sln" (previous value: ";bin\Debug\/**;obj\Debug\/**;bin\/**;obj\/**;**/*.user;**/*.*proj") at C:\Program Files\dotnet\sdk\8.0.418\Sdks\Microsoft.NET.Sdk\targets\Microsoft.NET.Sdk.DefaultItems.targets (34,5)
       Property reassignment: $(DefaultItemExcludes)=";bin\Debug\/**;obj\Debug\/**;bin\/**;obj\/**;**/*.user;**/*.*proj;**/*.sln;**/*.vssscc" (previous value: ";bin\Debug\/**;obj\Debug\/**;bin\/**;obj\/**;**/*.user;**/*.*proj;**/*.sln") at C:\Program Files\dotnet\sdk\8.0.418\Sdks\Microsoft.NET.Sdk\targets\Microsoft.NET.Sdk.DefaultItems.targets (35,5)
       Property reassignment: $(DefaultItemExcludes)=";bin\Debug\/**;obj\Debug\/**;bin\/**;obj\/**;**/*.user;**/*.*proj;**/*.sln;**/*.vssscc;**/.DS_Store" (previous value: ";bin\Debug\/**;obj\Debug\/**;bin\/**;obj\/**;**/*.user;**/*.*proj;**/*.sln;**/*.vssscc") at C:\Program Files\dotnet\sdk\8.0.418\Sdks\Microsoft.NET.Sdk\targets\Microsoft.NET.Sdk.DefaultItems.targets (36,5)
       Property reassignment: $(ResolveAssemblyReferencesDependsOn)="
             
             
             ResolveProjectReferences;
             FindInvalidProjectReferences;
             GetFrameworkPaths;
             GetReferenceAssemblyPaths;
             PrepareForBuild;
             ResolveSDKReferences;
             ExpandSDKReferences;
           ;
             ResolvePackageDependenciesForBuild;
             _HandlePackageFileConflicts;
           ;
             ResolveTargetingPackAssets;
           " (previous value: "
             
             ResolveProjectReferences;
             FindInvalidProjectReferences;
             GetFrameworkPaths;
             GetReferenceAssemblyPaths;
             PrepareForBuild;
             ResolveSDKReferences;
             ExpandSDKReferences;
           ;
             ResolvePackageDependenciesForBuild;
             _HandlePackageFileConflicts;
           ") at C:\Program Files\dotnet\sdk\8.0.418\Sdks\Microsoft.NET.Sdk\targets\Microsoft.NET.Sdk.FrameworkReferenceResolution.targets (14,5)
       Property reassignment: $(_GenerateRuntimeConfigurationPropertyInputsCache)="C:\Users\user\Desktop\fggrill\desktop-app\FgGrillPos\obj\Debug\net8.0-windows\FgGrillPos_kuqgvxvv_wpftmp.genruntimeconfig.cache" (previous value: "obj\Debug\net8.0-windows\FgGrillPos_kuqgvxvv_wpftmp.genruntimeconfig.cache") at C:\Program Files\dotnet\sdk\8.0.418\Sdks\Microsoft.NET.Sdk\targets\Microsoft.NET.Sdk.targets (44,5)
       Property reassignment: $(_GeneratePublishDependencyFilePropertyInputsCache)="C:\Users\user\Desktop\fggrill\desktop-app\FgGrillPos\obj\Debug\net8.0-windows\FgGrillPos_kuqgvxvv_wpftmp.genpublishdeps.cache" (previous value: "obj\Debug\net8.0-windows\FgGrillPos_kuqgvxvv_wpftmp.genpublishdeps.cache") at C:\Program Files\dotnet\sdk\8.0.418\Sdks\Microsoft.NET.Sdk\targets\Microsoft.NET.Sdk.targets (46,5)
       Property reassignment: $(_GenerateSingleFileBundlePropertyInputsCache)="C:\Users\user\Desktop\fggrill\desktop-app\FgGrillPos\obj\Debug\net8.0-windows\FgGrillPos_kuqgvxvv_wpftmp.genbundle.cache" (previous value: "obj\Debug\net8.0-windows\FgGrillPos_kuqgvxvv_wpftmp.genbundle.cache") at C:\Program Files\dotnet\sdk\8.0.418\Sdks\Microsoft.NET.Sdk\targets\Microsoft.NET.Sdk.targets (48,5)
       Property reassignment: $(GenerateRuntimeConfigDevFile)="false" (previous value: "true") at C:\Program Files\dotnet\sdk\8.0.418\Sdks\Microsoft.NET.Sdk\targets\Microsoft.NET.Sdk.targets (81,5)
       Property reassignment: $(_DefaultUserProfileRuntimeStorePath)="C:\Users\user" (previous value: "") at C:\Program Files\dotnet\sdk\8.0.418\Sdks\Microsoft.NET.Sdk\targets\Microsoft.NET.Sdk.targets (97,5)
       Property reassignment: $(_DefaultUserProfileRuntimeStorePath)="C:\Users\user\.dotnet\store" (previous value: "C:\Users\user") at C:\Program Files\dotnet\sdk\8.0.418\Sdks\Microsoft.NET.Sdk\targets\Microsoft.NET.Sdk.targets (98,5)
       Property reassignment: $(AvailablePlatforms)="Any CPU,x86,x64,ARM32" (previous value: "Any CPU,x86,x64") at C:\Program Files\dotnet\sdk\8.0.418\Sdks\Microsoft.NET.Sdk\targets\Microsoft.NET.Sdk.targets (136,5)
       Property reassignment: $(AvailablePlatforms)="Any CPU,x86,x64,ARM32,ARM64" (previous value: "Any CPU,x86,x64,ARM32") at C:\Program Files\dotnet\sdk\8.0.418\Sdks\Microsoft.NET.Sdk\targets\Microsoft.NET.Sdk.targets (140,5)
       Property reassignment: $(CoreBuildDependsOn)="
             _CheckForBuildWithNoBuild;
             
             BuildOnlySettings;
             PrepareForBuild;
             PreBuildEvent;
             ResolveReferences;
             PrepareResources;
             ResolveKeySource;
             Compile;
             ExportWindowsMDFile;
             UnmanagedUnregistration;
             GenerateSerializationAssemblies;
             CreateSatelliteAssemblies;
             GenerateManifests;
             GetTargetPath;
             PrepareForRun;
             UnmanagedRegistration;
             IncrementalClean;
             PostBuildEvent
           ;
             GenerateBuildDependencyFile;
             GenerateBuildRuntimeConfigurationFiles
           " (previous value: "
             BuildOnlySettings;
             PrepareForBuild;
             PreBuildEvent;
             ResolveReferences;
             PrepareResources;
             ResolveKeySource;
             Compile;
             ExportWindowsMDFile;
             UnmanagedUnregistration;
             GenerateSerializationAssemblies;
             CreateSatelliteAssemblies;
             GenerateManifests;
             GetTargetPath;
             PrepareForRun;
             UnmanagedRegistration;
             IncrementalClean;
             PostBuildEvent
           ") at C:\Program Files\dotnet\sdk\8.0.418\Sdks\Microsoft.NET.Sdk\targets\Microsoft.NET.Sdk.targets (197,5)
       Property reassignment: $(CoreCleanDependsOn)="
             _SdkBeforeClean;
             
           " (previous value: "") at C:\Program Files\dotnet\sdk\8.0.418\Sdks\Microsoft.NET.Sdk\targets\Microsoft.NET.Sdk.targets (206,5)
       Property reassignment: $(RebuildDependsOn)="
             _SdkBeforeRebuild;
             
             BeforeRebuild;
             Clean;
             Build;
             AfterRebuild;
           
           " (previous value: "
             BeforeRebuild;
             Clean;
             Build;
             AfterRebuild;
           ") at C:\Program Files\dotnet\sdk\8.0.418\Sdks\Microsoft.NET.Sdk\targets\Microsoft.NET.Sdk.targets (213,5)
       Property reassignment: $(CompileDependsOn)="
             
             ResolveReferences;
             ResolveKeySource;
             SetWin32ManifestProperties;
             _SetPreferNativeArm64Win32ManifestProperties;
             FindReferenceAssembliesForReferences;
             _GenerateCompileInputs;
             BeforeCompile;
             _TimeStampBeforeCompile;
             _GenerateCompileDependencyCache;
             CoreCompile;
             _TimeStampAfterCompile;
             AfterCompile;
           ;
             _CreateAppHost;
             _CreateComHost;
             _GetIjwHostPaths;
           " (previous value: "
             ResolveReferences;
             ResolveKeySource;
             SetWin32ManifestProperties;
             _SetPreferNativeArm64Win32ManifestProperties;
             FindReferenceAssembliesForReferences;
             _GenerateCompileInputs;
             BeforeCompile;
             _TimeStampBeforeCompile;
             _GenerateCompileDependencyCache;
             CoreCompile;
             _TimeStampAfterCompile;
             AfterCompile;
           ") at C:\Program Files\dotnet\sdk\8.0.418\Sdks\Microsoft.NET.Sdk\targets\Microsoft.NET.Sdk.targets (679,5)
       Property reassignment: $(CreateSatelliteAssembliesDependsOn)="
             
             ;
             _GenerateSatelliteAssemblyInputs;
             ComputeIntermediateSatelliteAssemblies;
             GenerateSatelliteAssemblies
           ;
             CoreGenerateSatelliteAssemblies
           " (previous value: "
             ;
             _GenerateSatelliteAssemblyInputs;
             ComputeIntermediateSatelliteAssemblies;
             GenerateSatelliteAssemblies
           ") at C:\Program Files\dotnet\sdk\8.0.418\Sdks\Microsoft.NET.Sdk\targets\Microsoft.NET.Sdk.targets (1065,5)
       Property reassignment: $(SourceLinkUrlInitializerTargets)=";_InitializeGitHubSourceLinkUrl;_InitializeGitLabSourceLinkUrl" (previous value: ";_InitializeGitHubSourceLinkUrl") at C:\Program Files\dotnet\sdk\8.0.418\Sdks\Microsoft.SourceLink.GitLab\build\Microsoft.SourceLink.GitLab.targets (12,5)
       Property reassignment: $(SourceControlManagerUrlTranslationTargets)=";TranslateGitHubUrlsInSourceControlInformation;TranslateGitLabUrlsInSourceControlInformation" (previous value: ";TranslateGitHubUrlsInSourceControlInformation") at C:\Program Files\dotnet\sdk\8.0.418\Sdks\Microsoft.SourceLink.GitLab\build\Microsoft.SourceLink.GitLab.targets (13,5)
       Property reassignment: $(SourceLinkUrlInitializerTargets)=";_InitializeGitHubSourceLinkUrl;_InitializeGitLabSourceLinkUrl;_InitializeAzureReposGitSourceLinkUrl" (previous value: ";_InitializeGitHubSourceLinkUrl;_InitializeGitLabSourceLinkUrl") at C:\Program Files\dotnet\sdk\8.0.418\Sdks\Microsoft.SourceLink.AzureRepos.Git\build\Microsoft.SourceLink.AzureRepos.Git.targets (12,5)
       Property reassignment: $(SourceControlManagerUrlTranslationTargets)=";TranslateGitHubUrlsInSourceControlInformation;TranslateGitLabUrlsInSourceControlInformation;TranslateAzureReposGitUrlsInSourceControlInformation" (previous value: ";TranslateGitHubUrlsInSourceControlInformation;TranslateGitLabUrlsInSourceControlInformation") at C:\Program Files\dotnet\sdk\8.0.418\Sdks\Microsoft.SourceLink.AzureRepos.Git\build\Microsoft.SourceLink.AzureRepos.Git.targets (13,5)
       Property reassignment: $(SourceLinkUrlInitializerTargets)=";_InitializeGitHubSourceLinkUrl;_InitializeGitLabSourceLinkUrl;_InitializeAzureReposGitSourceLinkUrl;_InitializeBitbucketGitSourceLinkUrl" (previous value: ";_InitializeGitHubSourceLinkUrl;_InitializeGitLabSourceLinkUrl;_InitializeAzureReposGitSourceLinkUrl") at C:\Program Files\dotnet\sdk\8.0.418\Sdks\Microsoft.SourceLink.Bitbucket.Git\build\Microsoft.SourceLink.Bitbucket.Git.targets (12,5)
       Property reassignment: $(SourceControlManagerUrlTranslationTargets)=";TranslateGitHubUrlsInSourceControlInformation;TranslateGitLabUrlsInSourceControlInformation;TranslateAzureReposGitUrlsInSourceControlInformation;TranslateBitbucketGitUrlsInSourceControlInformation" (previous value: ";TranslateGitHubUrlsInSourceControlInformation;TranslateGitLabUrlsInSourceControlInformation;TranslateAzureReposGitUrlsInSourceControlInformation") at C:\Program Files\dotnet\sdk\8.0.418\Sdks\Microsoft.SourceLink.Bitbucket.Git\build\Microsoft.SourceLink.Bitbucket.Git.targets (13,5)
       Property reassignment: $(DesignerRuntimeImplementationProjectOutputGroupDependsOn)="
             
             ;
             
             ;
             BuildOnlySettings;
             PrepareForBuild;
             AssignTargetPaths;
             ResolveReferences
           
           ;
             _GenerateDesignerDepsFile;
             _GenerateDesignerRuntimeConfigFile;
             GetCopyToOutputDirectoryItems;
             _GatherDesignerShadowCopyFiles;
           " (previous value: "
             ;
             
             ;
             BuildOnlySettings;
             PrepareForBuild;
             AssignTargetPaths;
             ResolveReferences
           
           ") at C:\Program Files\dotnet\sdk\8.0.418\Sdks\Microsoft.NET.Sdk\targets\Microsoft.NET.DesignerSupport.targets (21,5)
       Property reassignment: $(_GenerateToolsSettingsFileCacheFile)="C:\Users\user\Desktop\fggrill\desktop-app\FgGrillPos\obj\Debug\net8.0-windows\FgGrillPos_kuqgvxvv_wpftmp.toolssettingsinput.cache" (previous value: "obj\Debug\net8.0-windows\FgGrillPos_kuqgvxvv_wpftmp.toolssettingsinput.cache") at C:\Program Files\dotnet\sdk\8.0.418\Sdks\Microsoft.NET.Sdk\targets\Microsoft.NET.PackTool.targets (68,5)
       Property reassignment: $(_ShimInputCacheFile)="C:\Users\user\Desktop\fggrill\desktop-app\FgGrillPos\obj\Debug\net8.0-windows\FgGrillPos_kuqgvxvv_wpftmp.shiminput.cache" (previous value: "obj\Debug\net8.0-windows\FgGrillPos_kuqgvxvv_wpftmp.shiminput.cache") at C:\Program Files\dotnet\sdk\8.0.418\Sdks\Microsoft.NET.Sdk\targets\Microsoft.NET.PackTool.targets (137,5)
       Property reassignment: $(_ShimCreatedSentinelFile)="C:\Users\user\Desktop\fggrill\desktop-app\FgGrillPos\obj\Debug\net8.0-windows\FgGrillPos_kuqgvxvv_wpftmp.shimcreated.sentinel" (previous value: "obj\Debug\net8.0-windows\FgGrillPos_kuqgvxvv_wpftmp.shimcreated.sentinel") at C:\Program Files\dotnet\sdk\8.0.418\Sdks\Microsoft.NET.Sdk\targets\Microsoft.NET.PackTool.targets (139,5)
       Property reassignment: $(DefineConstants)="TRACE;DEBUG" (previous value: "TRACE") at C:\Program Files\dotnet\sdk\8.0.418\Sdks\Microsoft.NET.Sdk\targets\Microsoft.NET.Sdk.CSharp.targets (31,5)
       Property reassignment: $(DefineConstants)="TRACE;DEBUG;NET;NET8_0;NETCOREAPP" (previous value: "TRACE;DEBUG") at C:\Program Files\dotnet\sdk\8.0.418\Sdks\Microsoft.NET.Sdk\targets\Microsoft.NET.Sdk.CSharp.targets (34,5)
       Property reassignment: $(WarningsAsErrors)=";NU1605;SYSLIB0011" (previous value: ";NU1605") at C:\Program Files\dotnet\sdk\8.0.418\Sdks\Microsoft.NET.Sdk\targets\Microsoft.NET.Sdk.CSharp.targets (48,5)
       Property reassignment: $(TargetPlatformVersion)="7.0" (previous value: "") at C:\Program Files\dotnet\sdk\8.0.418\Sdks\Microsoft.NET.Sdk\targets\Microsoft.NET.Windows.targets (34,5)
       Property reassignment: $(SupportedOSPlatformVersion)="7.0" (previous value: "") at C:\Program Files\dotnet\sdk\8.0.418\Sdks\Microsoft.NET.Sdk\targets\Microsoft.NET.Windows.targets (44,5)
       Property reassignment: $(TargetPlatformMinVersion)="7.0" (previous value: "") at C:\Program Files\dotnet\sdk\8.0.418\Sdks\Microsoft.NET.Sdk\targets\Microsoft.NET.Windows.targets (45,5)
       Property reassignment: $(TargetPlatformDisplayName)="Windows 7.0" (previous value: "Windows ") at C:\Program Files\dotnet\sdk\8.0.418\Sdks\Microsoft.NET.Sdk\targets\Microsoft.NET.Sdk.targets (1347,5)
       Property reassignment: $(_TargetFrameworkVersionValue)="8.0" (previous value: "0.0") at C:\Program Files\dotnet\sdk\8.0.418\Sdks\Microsoft.NET.Sdk.WindowsDesktop\targets\Microsoft.NET.Sdk.WindowsDesktop.targets (51,5)
       Property reassignment: $(PrepareResourceNamesDependsOn)="
                           AssignWinFXEmbeddedResource;
                           
             AssignTargetPaths;
             SplitResourcesByCulture;
             CreateManifestResourceNames;
             CreateCustomManifestResourceNames
           
             " (previous value: "
             AssignTargetPaths;
             SplitResourcesByCulture;
             CreateManifestResourceNames;
             CreateCustomManifestResourceNames
           ") at C:\Program Files\dotnet\sdk\8.0.418\Sdks\Microsoft.NET.Sdk.WindowsDesktop\targets\Microsoft.WinFX.targets (61,7)
       Property reassignment: $(PrepareResourcesDependsOn)="
                       MarkupCompilePass1;
                       AfterMarkupCompilePass1;
                       MarkupCompilePass2ForMainAssembly;
                       FileClassification;
                       MainResourcesGeneration;
                       
             ResolvePackageDependenciesForBuild;
             _HandlePackageFileConflicts;
             
             ;
             PrepareResourceNames;
             ResGen;
             CompileLicxFiles
           
           
             " (previous value: "
             ResolvePackageDependenciesForBuild;
             _HandlePackageFileConflicts;
             
             ;
             PrepareResourceNames;
             ResGen;
             CompileLicxFiles
           
           ") at C:\Program Files\dotnet\sdk\8.0.418\Sdks\Microsoft.NET.Sdk.WindowsDesktop\targets\Microsoft.WinFX.targets (69,7)
       Property reassignment: $(CompileDependsOn)="
               
             
             ResolveReferences;
             ResolveKeySource;
             SetWin32ManifestProperties;
             _SetPreferNativeArm64Win32ManifestProperties;
             FindReferenceAssembliesForReferences;
             _GenerateCompileInputs;
             BeforeCompile;
             _TimeStampBeforeCompile;
             _GenerateCompileDependencyCache;
             CoreCompile;
             _TimeStampAfterCompile;
             AfterCompile;
           ;
             _CreateAppHost;
             _CreateComHost;
             _GetIjwHostPaths;
           ;
               _AfterCompileWinFXInternal
           " (previous value: "
             
             ResolveReferences;
             ResolveKeySource;
             SetWin32ManifestProperties;
             _SetPreferNativeArm64Win32ManifestProperties;
             FindReferenceAssembliesForReferences;
             _GenerateCompileInputs;
             BeforeCompile;
             _TimeStampBeforeCompile;
             _GenerateCompileDependencyCache;
             CoreCompile;
             _TimeStampAfterCompile;
             AfterCompile;
           ;
             _CreateAppHost;
             _CreateComHost;
             _GetIjwHostPaths;
           ") at C:\Program Files\dotnet\sdk\8.0.418\Sdks\Microsoft.NET.Sdk.WindowsDesktop\targets\Microsoft.WinFX.targets (136,5)
       Property reassignment: $(PublishBuildDependsOn)="
                   BuildOnlySettings;
                   PrepareForBuild;
                   ResolveReferences;
                   PrepareResources;
                   ResolveKeySource;
                   PrepareResourcesForSatelliteAssemblies;
                   GenerateSerializationAssemblies;
                   CreateSatelliteAssemblies;
               " (previous value: "
             BuildOnlySettings;
             PrepareForBuild;
             ResolveReferences;
             PrepareResources;
             ResolveKeySource;
             GenerateSerializationAssemblies;
             CreateSatelliteAssemblies;
           ") at C:\Program Files\dotnet\sdk\8.0.418\Sdks\Microsoft.NET.Sdk.WindowsDesktop\targets\Microsoft.WinFX.targets (802,9)
       Property reassignment: $(PackageDescription)="Package Description" (previous value: "") at C:\Program Files\dotnet\sdk\8.0.418\Sdks\NuGet.Build.Tasks.Pack\build\NuGet.Build.Tasks.Pack.targets (34,5)
       Property reassignment: $(GenerateNuspecDependsOn)="Build;_LoadPackInputItems; _GetTargetFrameworksOutput; _WalkEachTargetPerFramework; _GetPackageFiles; " (previous value: "_LoadPackInputItems; _GetTargetFrameworksOutput; _WalkEachTargetPerFramework; _GetPackageFiles; ") at C:\Program Files\dotnet\sdk\8.0.418\Sdks\NuGet.Build.Tasks.Pack\build\NuGet.Build.Tasks.Pack.targets (59,5)
       Property reassignment: $(_IsNotSetContainersTargetsDir)="true" (previous value: "false") at C:\Program Files\dotnet\sdk\8.0.418\Sdks\Microsoft.NET.Sdk\Sdk\Sdk.targets (59,5)
       Property reassignment: $(_IsSDKContainerAllowedVersion)="true" (previous value: "false") at C:\Program Files\dotnet\sdk\8.0.418\Containers\build\Microsoft.NET.Build.Containers.targets (5,5)
       Property reassignment: $(_ContainerIsTargetingNet8TFM)="true" (previous value: "false") at C:\Program Files\dotnet\sdk\8.0.418\Containers\build\Microsoft.NET.Build.Containers.targets (15,5)
       Overriding target "ResolveFrameworkReferences" in project "C:\Program Files\dotnet\sdk\8.0.418\Microsoft.Common.CurrentVersion.targets" with target "ResolveFrameworkReferences" from project "C:\Program Files\dotnet\sdk\8.0.418\Sdks\Microsoft.NET.Sdk\targets\Microsoft.NET.Sdk.FrameworkReferenceResolution.targets".
       Overriding target "Run" in project "C:\Program Files\dotnet\sdk\8.0.418\Microsoft.Common.CurrentVersion.targets" with target "Run" from project "C:\Program Files\dotnet\sdk\8.0.418\Sdks\Microsoft.NET.Sdk\targets\Microsoft.NET.Sdk.targets".
       Overriding target "GenerateSupportedTargetFrameworkAlias" in project "C:\Program Files\dotnet\sdk\8.0.418\Microsoft.Common.CurrentVersion.targets" with target "GenerateSupportedTargetFrameworkAlias" from project "C:\Program Files\dotnet\sdk\8.0.418\Sdks\Microsoft.NET.Sdk\targets\Microsoft.NET.Sdk.targets".
       Overriding target "GetReferenceAssemblyPaths" in project "C:\Program Files\dotnet\sdk\8.0.418\Microsoft.Common.CurrentVersion.targets" with target "GetReferenceAssemblyPaths" from project "C:\Program Files\dotnet\sdk\8.0.418\Sdks\Microsoft.NET.Sdk\targets\Microsoft.NET.DisableStandardFrameworkResolution.targets".
       Overriding target "GetFrameworkPaths" in project "C:\Program Files\dotnet\sdk\8.0.418\Microsoft.Common.CurrentVersion.targets" with target "GetFrameworkPaths" from project "C:\Program Files\dotnet\sdk\8.0.418\Sdks\Microsoft.NET.Sdk\targets\Microsoft.NET.DisableStandardFrameworkResolution.targets".
       Overriding target "DesignerRuntimeImplementationProjectOutputGroup" in project "C:\Program Files\dotnet\sdk\8.0.418\Microsoft.Common.CurrentVersion.targets" with target "DesignerRuntimeImplementationProjectOutputGroup" from project "C:\Program Files\dotnet\sdk\8.0.418\Sdks\Microsoft.NET.Sdk\targets\Microsoft.NET.DesignerSupport.targets".
       Overriding target "Publish" in project "C:\Program Files\dotnet\sdk\8.0.418\Microsoft.Common.CurrentVersion.targets" with target "Publish" from project "C:\Program Files\dotnet\sdk\8.0.418\Sdks\Microsoft.NET.Sdk\targets\Microsoft.NET.Publish.targets".
       Overriding target "ResolveReadyToRunCompilers" in project "C:\Program Files\dotnet\sdk\8.0.418\Sdks\Microsoft.NET.Sdk\targets\Microsoft.NET.CrossGen.targets" with target "ResolveReadyToRunCompilers" from project "C:\Program Files\dotnet\sdk\8.0.418\Sdks\Microsoft.NET.Sdk\targets\Microsoft.NET.Publish.targets".
       Overriding target "GetCopyToPublishDirectoryItems" in project "C:\Program Files\dotnet\sdk\8.0.418\Microsoft.Common.CurrentVersion.targets" with target "GetCopyToPublishDirectoryItems" from project "C:\Program Files\dotnet\sdk\8.0.418\Sdks\Microsoft.NET.Sdk\targets\Microsoft.NET.Publish.targets".
       Overriding target "SatelliteDllsProjectOutputGroup" in project "C:\Program Files\dotnet\sdk\8.0.418\Microsoft.Common.CurrentVersion.targets" with target "SatelliteDllsProjectOutputGroup" from project "C:\Program Files\dotnet\sdk\8.0.418\Sdks\Microsoft.NET.Sdk.WindowsDesktop\targets\Microsoft.WinFX.targets".
   1:7>Project "C:\Users\user\Desktop\fggrill\desktop-app\FgGrillPos\FgGrillPos.csproj" (1:7) is building "C:\Users\user\Desktop\fggrill\desktop-app\FgGrillPos\FgGrillPos_kuqgvxvv_wpftmp.csproj" (2) on node 1 (_CompileTemporaryAssembly target(s)).
     2>Target "BuildOnlySettings" in file "C:\Program Files\dotnet\sdk\8.0.418\Microsoft.Common.CurrentVersion.targets" from project "C:\Users\user\Desktop\fggrill\desktop-app\FgGrillPos\FgGrillPos_kuqgvxvv_wpftmp.csproj" (target "_CompileTemporaryAssembly" depends on it):
     2>Done building target "BuildOnlySettings" in project "FgGrillPos_kuqgvxvv_wpftmp.csproj".
       Target "ResolveKeySource" skipped, due to false condition; ($(SignManifests) == 'true' or $(SignAssembly) == 'true') was evaluated as ( == 'true' or false == 'true').
       Target "AssignProjectConfiguration" skipped, due to false condition; ('$(CurrentSolutionConfigurationContents)' != '' or '@(ProjectReference)'!='') was evaluated as ('' != '' or ''!='').
     2>Target "IgnoreJavaScriptOutputAssembly" in file "C:\Program Files\dotnet\sdk\8.0.418\Microsoft.Common.CurrentVersion.targets" from project "C:\Users\user\Desktop\fggrill\desktop-app\FgGrillPos\FgGrillPos_kuqgvxvv_wpftmp.csproj" (target "AssignProjectConfiguration" depends on it):
     2>Done building target "IgnoreJavaScriptOutputAssembly" in project "FgGrillPos_kuqgvxvv_wpftmp.csproj".
     2>Target "AddWindowsSdkKnownFrameworkReferences" in file "C:\Program Files\dotnet\sdk\8.0.418\Sdks\Microsoft.NET.Sdk\targets\Microsoft.NET.Sdk.FrameworkReferenceResolution.targets" from project "C:\Users\user\Desktop\fggrill\desktop-app\FgGrillPos\FgGrillPos_kuqgvxvv_wpftmp.csproj" (target "ProcessFrameworkReferences" depends on it):
       Using "CreateWindowsSdkKnownFrameworkReferences" task from assembly "C:\Program Files\dotnet\sdk\8.0.418\Sdks\Microsoft.NET.Sdk\targets\..\tools\net8.0\Microsoft.NET.Build.Tasks.dll".
       Task "CreateWindowsSdkKnownFrameworkReferences"
       Done executing task "CreateWindowsSdkKnownFrameworkReferences".
     2>Done building target "AddWindowsSdkKnownFrameworkReferences" in project "FgGrillPos_kuqgvxvv_wpftmp.csproj".
     2>Target "_NormalizeTargetPlatformVersion" in file "C:\Program Files\dotnet\sdk\8.0.418\Sdks\Microsoft.NET.Sdk\targets\Microsoft.NET.TargetFrameworkInference.targets" from project "C:\Users\user\Desktop\fggrill\desktop-app\FgGrillPos\FgGrillPos_kuqgvxvv_wpftmp.csproj" (target "ProcessFrameworkReferences" depends on it):
     2>Done building target "_NormalizeTargetPlatformVersion" in project "FgGrillPos_kuqgvxvv_wpftmp.csproj".
     2>Target "_CheckForLanguageAndFeatureCombinationSupport" in file "C:\Program Files\dotnet\sdk\8.0.418\Sdks\Microsoft.NET.Sdk\targets\Microsoft.NET.RuntimeIdentifierInference.targets" from project "C:\Users\user\Desktop\fggrill\desktop-app\FgGrillPos\FgGrillPos_kuqgvxvv_wpftmp.csproj" (target "ProcessFrameworkReferences" depends on it):
       Task "NETSdkError" skipped, due to false condition; (('$(Language)' == 'C++' and '$(_EnablePackageReferencesInVCProjects)' != 'true') and $(OutputType) != 'library' and '$(TargetFrameworkIdentifier)' == '.NETCoreApp') was evaluated as (('C#' == 'C++' and '' != 'true') and WinExe != 'library' and '.NETCoreApp' == '.NETCoreApp').
       Task "NETSdkError" skipped, due to false condition; (('$(Language)' == 'C++' and '$(_EnablePackageReferencesInVCProjects)' != 'true') and $(EnableComHosting) == 'true') was evaluated as (('C#' == 'C++' and '' != 'true') and  == 'true').
       Task "NETSdkError" skipped, due to false condition; (('$(Language)' == 'C++' and '$(_EnablePackageReferencesInVCProjects)' != 'true') and $(SelfContained) == 'true') was evaluated as (('C#' == 'C++' and '' != 'true') and false == 'true').
     2>Done building target "_CheckForLanguageAndFeatureCombinationSupport" in project "FgGrillPos_kuqgvxvv_wpftmp.csproj".
     2>Target "UpdateAspNetToFrameworkReference" in file "C:\Program Files\dotnet\sdk\8.0.418\Sdks\Microsoft.NET.Sdk\targets\Microsoft.NET.Sdk.DefaultItems.Shared.targets" from project "C:\Users\user\Desktop\fggrill\desktop-app\FgGrillPos\FgGrillPos_kuqgvxvv_wpftmp.csproj" (target "ApplyImplicitVersions" depends on it):
       Using "CheckIfPackageReferenceShouldBeFrameworkReference" task from assembly "C:\Program Files\dotnet\sdk\8.0.418\Sdks\Microsoft.NET.Sdk\targets\..\tools\net8.0\Microsoft.NET.Build.Tasks.dll".
       Task "CheckIfPackageReferenceShouldBeFrameworkReference"
       Done executing task "CheckIfPackageReferenceShouldBeFrameworkReference".
       Task "NETSdkError" skipped, due to false condition; ('$(_ShouldRemoveAspNetCoreAll)' == 'true') was evaluated as ('False' == 'true').
       Task "CheckIfPackageReferenceShouldBeFrameworkReference"
       Done executing task "CheckIfPackageReferenceShouldBeFrameworkReference".
       Task "NETSdkWarning" skipped, due to false condition; ('$(_ShouldRemoveAspNetCoreApp)' == 'true') was evaluated as ('False' == 'true').
     2>Done building target "UpdateAspNetToFrameworkReference" in project "FgGrillPos_kuqgvxvv_wpftmp.csproj".
       Target "IncludeTargetingPackReference" skipped, due to false condition; ('$(TargetFrameworkMoniker)' != '' and '$(TargetFrameworkIdentifier)' == '.NETFramework' and '$(AutomaticallyUseReferenceAssemblyPackages)' == 'true') was evaluated as ('.NETCoreApp,Version=v8.0' != '' and '.NETCoreApp' == '.NETFramework' and 'true' == 'true').
     2>Target "CheckForImplicitPackageReferenceOverrides" in file "C:\Program Files\dotnet\sdk\8.0.418\Sdks\Microsoft.NET.Sdk\targets\Microsoft.NET.Sdk.DefaultItems.Shared.targets" from project "C:\Users\user\Desktop\fggrill\desktop-app\FgGrillPos\FgGrillPos_kuqgvxvv_wpftmp.csproj" (target "ApplyImplicitVersions" depends on it):
       Using "CheckForImplicitPackageReferenceOverrides" task from assembly "C:\Program Files\dotnet\sdk\8.0.418\Sdks\Microsoft.NET.Sdk\targets\..\tools\net8.0\Microsoft.NET.Build.Tasks.dll".
       Task "CheckForImplicitPackageReferenceOverrides"
       Done executing task "CheckForImplicitPackageReferenceOverrides".
     2>Done building target "CheckForImplicitPackageReferenceOverrides" in project "FgGrillPos_kuqgvxvv_wpftmp.csproj".
     2>Target "ApplyImplicitVersions" in file "C:\Program Files\dotnet\sdk\8.0.418\Sdks\Microsoft.NET.Sdk\targets\Microsoft.NET.Sdk.DefaultItems.Shared.targets" from project "C:\Users\user\Desktop\fggrill\desktop-app\FgGrillPos\FgGrillPos_kuqgvxvv_wpftmp.csproj" (target "ProcessFrameworkReferences" depends on it):
       Using "ApplyImplicitVersions" task from assembly "C:\Program Files\dotnet\sdk\8.0.418\Sdks\Microsoft.NET.Sdk\targets\..\tools\net8.0\Microsoft.NET.Build.Tasks.dll".
       Task "ApplyImplicitVersions"
       Done executing task "ApplyImplicitVersions".
     2>Done building target "ApplyImplicitVersions" in project "FgGrillPos_kuqgvxvv_wpftmp.csproj".
     2>Target "_ComputeToolPackInputsToProcessFrameworkReferences" in file "C:\Program Files\dotnet\sdk\8.0.418\Sdks\Microsoft.NET.Sdk\targets\Microsoft.NET.Publish.targets" from project "C:\Users\user\Desktop\fggrill\desktop-app\FgGrillPos\FgGrillPos_kuqgvxvv_wpftmp.csproj" (target "ProcessFrameworkReferences" depends on it):
     2>Done building target "_ComputeToolPackInputsToProcessFrameworkReferences" in project "FgGrillPos_kuqgvxvv_wpftmp.csproj".
     2>Target "ProcessFrameworkReferences" in file "C:\Program Files\dotnet\sdk\8.0.418\Sdks\Microsoft.NET.Sdk\targets\Microsoft.NET.Sdk.FrameworkReferenceResolution.targets" from project "C:\Users\user\Desktop\fggrill\desktop-app\FgGrillPos\FgGrillPos_kuqgvxvv_wpftmp.csproj" (target "ResolvePackageAssets" depends on it):
       Using "CheckForDuplicateFrameworkReferences" task from assembly "C:\Program Files\dotnet\sdk\8.0.418\Sdks\Microsoft.NET.Sdk\targets\..\tools\net8.0\Microsoft.NET.Build.Tasks.dll".
       Task "CheckForDuplicateFrameworkReferences"
       Done executing task "CheckForDuplicateFrameworkReferences".
       Using "ProcessFrameworkReferences" task from assembly "C:\Program Files\dotnet\sdk\8.0.418\Sdks\Microsoft.NET.Sdk\targets\..\tools\net8.0\Microsoft.NET.Build.Tasks.dll".
       Task "ProcessFrameworkReferences"
       Done executing task "ProcessFrameworkReferences".
       Using "ResolveAppHosts" task from assembly "C:\Program Files\dotnet\sdk\8.0.418\Sdks\Microsoft.NET.Sdk\targets\..\tools\net8.0\Microsoft.NET.Build.Tasks.dll".
       Task "ResolveAppHosts"
       Done executing task "ResolveAppHosts".
     2>Done building target "ProcessFrameworkReferences" in project "FgGrillPos_kuqgvxvv_wpftmp.csproj".
     2>Target "_DefaultMicrosoftNETPlatformLibrary" in file "C:\Program Files\dotnet\sdk\8.0.418\Sdks\Microsoft.NET.Sdk\targets\Microsoft.NET.Sdk.Shared.targets" from project "C:\Users\user\Desktop\fggrill\desktop-app\FgGrillPos\FgGrillPos_kuqgvxvv_wpftmp.csproj" (target "ResolvePackageAssets" depends on it):
     2>Done building target "_DefaultMicrosoftNETPlatformLibrary" in project "FgGrillPos_kuqgvxvv_wpftmp.csproj".
     2>Target "_ComputePackageReferencePublish" in file "C:\Program Files\dotnet\sdk\8.0.418\Sdks\Microsoft.NET.Sdk\targets\Microsoft.NET.Sdk.Shared.targets" from project "C:\Users\user\Desktop\fggrill\desktop-app\FgGrillPos\FgGrillPos_kuqgvxvv_wpftmp.csproj" (target "ResolvePackageAssets" depends on it):
     2>Done building target "_ComputePackageReferencePublish" in project "FgGrillPos_kuqgvxvv_wpftmp.csproj".
       Target "_ResolveCompilerVersion" skipped, due to false condition; ('$(CompilerApiVersion)' == '' And
                            ('$(Language)' == 'C#' Or '$(Language)' == 'VB') And
                            Exists('$(RoslynTargetsPath)\Microsoft.Build.Tasks.CodeAnalysis.dll')) was evaluated as ('roslyn4.11' == '' And
                            ('C#' == 'C#' Or 'C#' == 'VB') And
                            Exists('C:\Program Files\dotnet\sdk\8.0.418\Roslyn\Microsoft.Build.Tasks.CodeAnalysis.dll')).
     2>Target "ResolvePackageAssets" in file "C:\Program Files\dotnet\sdk\8.0.418\Sdks\Microsoft.NET.Sdk\targets\Microsoft.PackageDependencyResolution.targets" from project "C:\Users\user\Desktop\fggrill\desktop-app\FgGrillPos\FgGrillPos_kuqgvxvv_wpftmp.csproj" (target "ResolveLockFileReferences" depends on it):
       Using "ResolvePackageAssets" task from assembly "C:\Program Files\dotnet\sdk\8.0.418\Sdks\Microsoft.NET.Sdk\targets\..\tools\net8.0\Microsoft.NET.Build.Tasks.dll".
       Task "ResolvePackageAssets"
       Done executing task "ResolvePackageAssets".
     2>Done building target "ResolvePackageAssets" in project "FgGrillPos_kuqgvxvv_wpftmp.csproj".
       Target "AdjustDefaultPlatformTargetForNetFrameworkExeWithNoNativeCopyLocalItems" skipped, due to false condition; ('$(_UsingDefaultPlatformTarget)' == 'true' and
                            '$(_UsingDefaultRuntimeIdentifier)' == 'true') was evaluated as ('true' == 'true' and
                            '' == 'true').
       Target "_CheckForTransitiveWindowsDesktopDependencies" skipped, due to false condition; ('$(TargetFrameworkIdentifier)' == '.NETCoreApp' and $([MSBuild]::VersionGreaterThanOrEquals($(_TargetFrameworkVersionWithoutV), '5.0')) and '$(TargetPlatformIdentifier)' != 'Windows' and '@(TransitiveFrameworkReference)' != '') was evaluated as ('.NETCoreApp' == '.NETCoreApp' and True and 'Windows' != 'Windows' and '' != '').
       Target "AddTransitiveFrameworkReferences" skipped, due to false condition; ('@(TransitiveFrameworkReference)' != '') was evaluated as ('' != '').
       Target "_WarnForUnsupportedUseUwpFeatureEnabled" skipped, due to false condition; ( '$(IncludeWindowsSDKRefFrameworkReferences)' == 'true'
                             and '$(UseUwp)' == 'true') was evaluated as ( '' == 'true'
                             and '' == 'true').
     2>Target "ResolveLockFileReferences" in file "C:\Program Files\dotnet\sdk\8.0.418\Sdks\Microsoft.NET.Sdk\targets\Microsoft.PackageDependencyResolution.targets" from project "C:\Users\user\Desktop\fggrill\desktop-app\FgGrillPos\FgGrillPos_kuqgvxvv_wpftmp.csproj" (target "ResolvePackageDependenciesForBuild" depends on it):
       Using "JoinItems" task from assembly "C:\Program Files\dotnet\sdk\8.0.418\Sdks\Microsoft.NET.Sdk\targets\..\tools\net8.0\Microsoft.NET.Build.Tasks.dll".
       Task "JoinItems"
       Done executing task "JoinItems".
     2>Done building target "ResolveLockFileReferences" in project "FgGrillPos_kuqgvxvv_wpftmp.csproj".
       Target "ResolvePackageAssets" skipped. Previously built successfully.
     2>Target "ResolveLockFileAnalyzers" in file "C:\Program Files\dotnet\sdk\8.0.418\Sdks\Microsoft.NET.Sdk\targets\Microsoft.PackageDependencyResolution.targets" from project "C:\Users\user\Desktop\fggrill\desktop-app\FgGrillPos\FgGrillPos_kuqgvxvv_wpftmp.csproj" (target "ResolvePackageDependenciesForBuild" depends on it):
     2>Done building target "ResolveLockFileAnalyzers" in project "FgGrillPos_kuqgvxvv_wpftmp.csproj".
       Target "ResolvePackageAssets" skipped. Previously built successfully.
       Target "RunProduceContentAssets" skipped, due to false condition; ('@(_ContentFilesToPreprocess)' != '' and '$(_CleaningWithoutRebuilding)' != 'true') was evaluated as ('' != '' and '' != 'true').
     2>Target "ResolveLockFileCopyLocalFiles" in file "C:\Program Files\dotnet\sdk\8.0.418\Sdks\Microsoft.NET.Sdk\targets\Microsoft.PackageDependencyResolution.targets" from project "C:\Users\user\Desktop\fggrill\desktop-app\FgGrillPos\FgGrillPos_kuqgvxvv_wpftmp.csproj" (target "ResolvePackageDependenciesForBuild" depends on it):
     2>Done building target "ResolveLockFileCopyLocalFiles" in project "FgGrillPos_kuqgvxvv_wpftmp.csproj".
       Target "ResolveRuntimePackAssets" skipped, due to false condition; ('@(RuntimePack)' != '') was evaluated as ('' != '').
       Target "RunProduceContentAssets" skipped, due to false condition; ('@(_ContentFilesToPreprocess)' != '' and '$(_CleaningWithoutRebuilding)' != 'true') was evaluated as ('' != '' and '' != 'true').
       Target "ResolvePackageAssets" skipped. Previously built successfully.
     2>Target "IncludeTransitiveProjectReferences" in file "C:\Program Files\dotnet\sdk\8.0.418\Sdks\Microsoft.NET.Sdk\targets\Microsoft.PackageDependencyResolution.targets" from project "C:\Users\user\Desktop\fggrill\desktop-app\FgGrillPos\FgGrillPos_kuqgvxvv_wpftmp.csproj" (target "ResolvePackageDependenciesForBuild" depends on it):
     2>Done building target "IncludeTransitiveProjectReferences" in project "FgGrillPos_kuqgvxvv_wpftmp.csproj".
     2>Target "ResolvePackageDependenciesForBuild" in file "C:\Program Files\dotnet\sdk\8.0.418\Sdks\Microsoft.NET.Sdk\targets\Microsoft.PackageDependencyResolution.targets" from project "C:\Users\user\Desktop\fggrill\desktop-app\FgGrillPos\FgGrillPos_kuqgvxvv_wpftmp.csproj" (target "AssignProjectConfiguration" depends on it):
     2>Done building target "ResolvePackageDependenciesForBuild" in project "FgGrillPos_kuqgvxvv_wpftmp.csproj".
     2>Target "_SplitProjectReferencesByFileExistence" in file "C:\Program Files\dotnet\sdk\8.0.418\Microsoft.Common.CurrentVersion.targets" from project "C:\Users\user\Desktop\fggrill\desktop-app\FgGrillPos\FgGrillPos_kuqgvxvv_wpftmp.csproj" (target "PrepareProjectReferences" depends on it):
       Task "ResolveNonMSBuildProjectOutput" skipped, due to false condition; ('$(BuildingInsideVisualStudio)'=='true' and '@(ProjectReferenceWithConfiguration)'!='') was evaluated as (''=='true' and ''!='').
     2>Done building target "_SplitProjectReferencesByFileExistence" in project "FgGrillPos_kuqgvxvv_wpftmp.csproj".
     2>Target "_AddOutputPathToGlobalPropertiesToRemove" in file "C:\Program Files\dotnet\sdk\8.0.418\Microsoft.Common.CurrentVersion.targets" from project "C:\Users\user\Desktop\fggrill\desktop-app\FgGrillPos\FgGrillPos_kuqgvxvv_wpftmp.csproj" (target "_GetProjectReferenceTargetFrameworkProperties" depends on it):
     2>Done building target "_AddOutputPathToGlobalPropertiesToRemove" in project "FgGrillPos_kuqgvxvv_wpftmp.csproj".
     2>Target "_GetProjectReferenceTargetFrameworkProperties" in file "C:\Program Files\dotnet\sdk\8.0.418\Microsoft.Common.CurrentVersion.targets" from project "C:\Users\user\Desktop\fggrill\desktop-app\FgGrillPos\FgGrillPos_kuqgvxvv_wpftmp.csproj" (target "PrepareProjectReferences" depends on it):
       Task "MSBuild"
       Done executing task "MSBuild".
       Task "MSBuild" skipped, due to false condition; ('%(_MSBuildProjectReferenceExistent.SkipGetTargetFrameworkProperties)' != 'true' and '$(EnableDynamicPlatformResolution)' == 'true') was evaluated as ('' != 'true' and '' == 'true').
       Task "GetReferenceNearestTargetFrameworkTask" skipped, due to false condition; ('@(_ProjectReferenceTargetFrameworkPossibilities)' != '' and '$(ReferringTargetFrameworkForProjectReferences)' != ''
                                                               And '$(GetReferenceNearestTargetFrameworkTaskSupportsTargetPlatformParameter)' == 'true' and '%(_ProjectReferenceTargetFrameworkPossibilities.IsVcxOrNativeProj)' != 'true') was evaluated as ('' != '' and '.NETCoreApp,Version=v8.0' != ''
                                                               And 'true' == 'true' and '' != 'true').
       Task "GetReferenceNearestTargetFrameworkTask" skipped, due to false condition; ('@(_ProjectReferenceTargetFrameworkPossibilities)' != '' and '$(ReferringTargetFrameworkForProjectReferences)' != ''
                                                               And '$(GetReferenceNearestTargetFrameworkTaskSupportsTargetPlatformParameter)' != 'true' and '%(_ProjectReferenceTargetFrameworkPossibilities.IsVcxOrNativeProj)' != 'true') was evaluated as ('' != '' and '.NETCoreApp,Version=v8.0' != ''
                                                               And 'true' != 'true' and '' != 'true').
       Task "SetRidAgnosticValueForProjects"
       Done executing task "SetRidAgnosticValueForProjects".
     2>Done building target "_GetProjectReferenceTargetFrameworkProperties" in project "FgGrillPos_kuqgvxvv_wpftmp.csproj".
     2>Target "ValidateExecutableReferences" in file "C:\Program Files\dotnet\sdk\8.0.418\Sdks\Microsoft.NET.Sdk\targets\Microsoft.NET.Sdk.targets" from project "C:\Users\user\Desktop\fggrill\desktop-app\FgGrillPos\FgGrillPos_kuqgvxvv_wpftmp.csproj" (target "PrepareProjectReferences" depends on it):
       Using "ValidateExecutableReferences" task from assembly "C:\Program Files\dotnet\sdk\8.0.418\Sdks\Microsoft.NET.Sdk\targets\..\tools\net8.0\Microsoft.NET.Build.Tasks.dll".
       Task "ValidateExecutableReferences"
       Done executing task "ValidateExecutableReferences".
     2>Done building target "ValidateExecutableReferences" in project "FgGrillPos_kuqgvxvv_wpftmp.csproj".
       Target "_GetProjectReferencePlatformProperties" skipped, due to false condition; ('$(EnableDynamicPlatformResolution)' == 'true'
                            and '@(_MSBuildProjectReferenceExistent)' != '') was evaluated as ('' == 'true'
                            and '' != '').
     2>Target "PrepareProjectReferences" in file "C:\Program Files\dotnet\sdk\8.0.418\Microsoft.Common.CurrentVersion.targets" from project "C:\Users\user\Desktop\fggrill\desktop-app\FgGrillPos\FgGrillPos_kuqgvxvv_wpftmp.csproj" (target "ResolveProjectReferences" depends on it):
     2>Done building target "PrepareProjectReferences" in project "FgGrillPos_kuqgvxvv_wpftmp.csproj".
     2>Target "ResolveProjectReferences" in file "C:\Program Files\dotnet\sdk\8.0.418\Microsoft.Common.CurrentVersion.targets" from project "C:\Users\user\Desktop\fggrill\desktop-app\FgGrillPos\FgGrillPos_kuqgvxvv_wpftmp.csproj" (target "_CompileTemporaryAssembly" depends on it):
       Task "MSBuild" skipped, due to false condition; ('%(_MSBuildProjectReferenceExistent.BuildReference)' == 'true' and '@(ProjectReferenceWithConfiguration)' != '' and ('$(BuildingInsideVisualStudio)' == 'true' or '$(BuildProjectReferences)' != 'true') and '$(VisualStudioVersion)' != '10.0' and '@(_MSBuildProjectReferenceExistent)' != '') was evaluated as ('' == 'true' and '' != '' and ('' == 'true' or 'true' != 'true') and '17.0' != '10.0' and '' != '').
       Task "MSBuild" skipped, due to false condition; ('%(_MSBuildProjectReferenceExistent.BuildReference)' == 'true' and '@(ProjectReferenceWithConfiguration)' != '' and '$(BuildingInsideVisualStudio)' != 'true' and '$(BuildProjectReferences)' == 'true' and '@(_MSBuildProjectReferenceExistent)' != '') was evaluated as ('' == 'true' and '' != '' and '' != 'true' and 'true' == 'true' and '' != '').
       Task "MSBuild" skipped, due to false condition; ('%(_MSBuildProjectReferenceExistent.BuildReference)' == 'true' and '@(ProjectReferenceWithConfiguration)' != '' and '$(BuildingProject)' == 'true' and '@(_MSBuildProjectReferenceExistent)' != '') was evaluated as ('' == 'true' and '' != '' and 'true' == 'true' and '' != '').
       Task "Warning" skipped, due to false condition; ('@(ProjectReferenceWithConfiguration)' != '' and '@(_MSBuildProjectReferenceNonexistent)' != '') was evaluated as ('' != '' and '' != '').
     2>Done building target "ResolveProjectReferences" in project "FgGrillPos_kuqgvxvv_wpftmp.csproj".
     2>Target "RemoveManagedWinRTComponentWinMDReferences" in file "C:\Program Files\dotnet\sdk\8.0.418\Sdks\Microsoft.NET.Sdk\targets\Microsoft.NET.Windows.targets" from project "C:\Users\user\Desktop\fggrill\desktop-app\FgGrillPos\FgGrillPos_kuqgvxvv_wpftmp.csproj" (target "_CompileTemporaryAssembly" depends on it):
     2>Done building target "RemoveManagedWinRTComponentWinMDReferences" in project "FgGrillPos_kuqgvxvv_wpftmp.csproj".
       Target "AddWinRTComponentImplementationReference" skipped, due to false condition; ('@(ManagedWinRTComponentImplementations)' != '') was evaluated as ('' != '').
       Target "_ComputeNonExistentFileProperty" skipped, due to false condition; (('$(BuildingInsideVisualStudio)' == 'true') and ('$(BuildingOutOfProcess)' != 'true') and (('$(BuildingProject)' == 'false') or ('$(UseHostCompilerIfAvailable)' == 'true'))) was evaluated as (('' == 'true') and ('' != 'true') and (('true' == 'false') or ('true' == 'true'))).
       Target "ResolveCodeAnalysisRuleSet" skipped, due to false condition; ('$(CodeAnalysisRuleSet)' != '') was evaluated as ('' != '').
     2>Target "ShimReferencePathsWhenCommonTargetsDoesNotUnderstandReferenceAssemblies" in file "C:\Program Files\dotnet\sdk\8.0.418\Roslyn\Microsoft.Managed.Core.targets" from project "C:\Users\user\Desktop\fggrill\desktop-app\FgGrillPos\FgGrillPos_kuqgvxvv_wpftmp.csproj" (target "_BeforeVBCSCoreCompile" depends on it):
     2>Done building target "ShimReferencePathsWhenCommonTargetsDoesNotUnderstandReferenceAssemblies" in project "FgGrillPos_kuqgvxvv_wpftmp.csproj".
     2>Target "_BeforeVBCSCoreCompile" in file "C:\Program Files\dotnet\sdk\8.0.418\Roslyn\Microsoft.Managed.Core.targets" from project "C:\Users\user\Desktop\fggrill\desktop-app\FgGrillPos\FgGrillPos_kuqgvxvv_wpftmp.csproj" (target "CoreCompile" depends on it):
     2>Done building target "_BeforeVBCSCoreCompile" in project "FgGrillPos_kuqgvxvv_wpftmp.csproj".
       Target "AdjustDefaultPlatformTargetForNetFrameworkExeWithNoNativeCopyLocalItems" skipped, due to false condition; ('$(_UsingDefaultPlatformTarget)' == 'true' and
                            '$(_UsingDefaultRuntimeIdentifier)' == 'true') was evaluated as ('true' == 'true' and
                            '' == 'true').
       Target "_DisableDiagnosticTracing" skipped, due to false condition; ('$(DisableDiagnosticTracing)' == 'true') was evaluated as ('' == 'true').
     2>Target "GenerateTargetPlatformDefineConstants" in file "C:\Program Files\dotnet\sdk\8.0.418\Sdks\Microsoft.NET.Sdk\targets\Microsoft.NET.Sdk.BeforeCommon.targets" from project "C:\Users\user\Desktop\fggrill\desktop-app\FgGrillPos\FgGrillPos_kuqgvxvv_wpftmp.csproj" (target "AddImplicitDefineConstants" depends on it):
     2>Done building target "GenerateTargetPlatformDefineConstants" in project "FgGrillPos_kuqgvxvv_wpftmp.csproj".
     2>Target "GenerateNETCompatibleDefineConstants" in file "C:\Program Files\dotnet\sdk\8.0.418\Sdks\Microsoft.NET.Sdk\targets\Microsoft.NET.Sdk.BeforeCommon.targets" from project "C:\Users\user\Desktop\fggrill\desktop-app\FgGrillPos\FgGrillPos_kuqgvxvv_wpftmp.csproj" (target "AddImplicitDefineConstants" depends on it):
     2>Done building target "GenerateNETCompatibleDefineConstants" in project "FgGrillPos_kuqgvxvv_wpftmp.csproj".
     2>Target "GeneratePlatformCompatibleDefineConstants" in file "C:\Program Files\dotnet\sdk\8.0.418\Sdks\Microsoft.NET.Sdk\targets\Microsoft.NET.Sdk.BeforeCommon.targets" from project "C:\Users\user\Desktop\fggrill\desktop-app\FgGrillPos\FgGrillPos_kuqgvxvv_wpftmp.csproj" (target "AddImplicitDefineConstants" depends on it):
     2>Done building target "GeneratePlatformCompatibleDefineConstants" in project "FgGrillPos_kuqgvxvv_wpftmp.csproj".
       Target "_DisableDiagnosticTracing" skipped, due to false condition; ('$(DisableDiagnosticTracing)' == 'true') was evaluated as ('' == 'true').
     2>Target "AddImplicitDefineConstants" in file "C:\Program Files\dotnet\sdk\8.0.418\Sdks\Microsoft.NET.Sdk\targets\Microsoft.NET.Sdk.BeforeCommon.targets" from project "C:\Users\user\Desktop\fggrill\desktop-app\FgGrillPos\FgGrillPos_kuqgvxvv_wpftmp.csproj" (target "CoreCompile" depends on it):
     2>Done building target "AddImplicitDefineConstants" in project "FgGrillPos_kuqgvxvv_wpftmp.csproj".
       Target "ShimReferencePathsWhenCommonTargetsDoesNotUnderstandReferenceAssemblies" skipped. Previously built successfully.
     2>Target "_ComputeSkipAnalyzers" in file "C:\Program Files\dotnet\sdk\8.0.418\Roslyn\Microsoft.Managed.Core.targets" from project "C:\Users\user\Desktop\fggrill\desktop-app\FgGrillPos\FgGrillPos_kuqgvxvv_wpftmp.csproj" (target "CoreCompile" depends on it):
       Task "ShowMessageForImplicitlySkipAnalyzers" skipped, due to false condition; ('$(_ImplicitlySkipAnalyzers)' == 'true') was evaluated as ('' == 'true').
     2>Done building target "_ComputeSkipAnalyzers" in project "FgGrillPos_kuqgvxvv_wpftmp.csproj".
       Target "_CheckForUnsupportedTargetFramework" skipped, due to false condition; ('$(_UnsupportedTargetFrameworkError)' == 'true') was evaluated as ('' == 'true').
     2>Target "_CollectTargetFrameworkForTelemetry" in file "C:\Program Files\dotnet\sdk\8.0.418\Sdks\Microsoft.NET.Sdk\targets\Microsoft.NET.TargetFrameworkInference.targets" from project "C:\Users\user\Desktop\fggrill\desktop-app\FgGrillPos\FgGrillPos_kuqgvxvv_wpftmp.csproj" (target "GetFrameworkPaths" depends on it):
       Using "AllowEmptyTelemetry" task from assembly "C:\Program Files\dotnet\sdk\8.0.418\Sdks\Microsoft.NET.Sdk\targets\..\tools\net8.0\Microsoft.NET.Build.Tasks.dll".
       Task "AllowEmptyTelemetry"
       Done executing task "AllowEmptyTelemetry".
     2>Done building target "_CollectTargetFrameworkForTelemetry" in project "FgGrillPos_kuqgvxvv_wpftmp.csproj".
       Target "_CheckForMissingWorkload" skipped, due to false condition; ('@(MissingWorkloadPack)' != '' And '$(DesignTimeBuild)' != 'true') was evaluated as ('' != '' And '' != 'true').
     2>Target "_CheckForUnsupportedTargetPlatformIdentifier" in file "C:\Program Files\dotnet\sdk\8.0.418\Sdks\Microsoft.NET.Sdk\targets\Microsoft.NET.TargetFrameworkInference.targets" from project "C:\Users\user\Desktop\fggrill\desktop-app\FgGrillPos\FgGrillPos_kuqgvxvv_wpftmp.csproj" (target "GetFrameworkPaths" depends on it):
       Task "NETSdkError" skipped, due to false condition; ('$(TargetPlatformSupported)' != 'true' and '$(UseWorkloadsSpecificError)' != 'true') was evaluated as ('true' != 'true' and '' != 'true').
       Task "NETSdkError" skipped, due to false condition; ('$(TargetPlatformSupported)' != 'true' and '$(UseWorkloadsSpecificError)' == 'true') was evaluated as ('true' != 'true' and '' == 'true').
     2>Done building target "_CheckForUnsupportedTargetPlatformIdentifier" in project "FgGrillPos_kuqgvxvv_wpftmp.csproj".
     2>Target "GetFrameworkPaths" in file "C:\Program Files\dotnet\sdk\8.0.418\Sdks\Microsoft.NET.Sdk\targets\Microsoft.NET.DisableStandardFrameworkResolution.targets" from project "C:\Users\user\Desktop\fggrill\desktop-app\FgGrillPos\FgGrillPos_kuqgvxvv_wpftmp.csproj" (target "PrepareForBuild" depends on it):
     2>Done building target "GetFrameworkPaths" in project "FgGrillPos_kuqgvxvv_wpftmp.csproj".
       Target "_CheckForUnsupportedTargetFramework" skipped, due to false condition; ('$(_UnsupportedTargetFrameworkError)' == 'true') was evaluated as ('' == 'true').
     2>Target "GetReferenceAssemblyPaths" in file "C:\Program Files\dotnet\sdk\8.0.418\Sdks\Microsoft.NET.Sdk\targets\Microsoft.NET.DisableStandardFrameworkResolution.targets" from project "C:\Users\user\Desktop\fggrill\desktop-app\FgGrillPos\FgGrillPos_kuqgvxvv_wpftmp.csproj" (target "PrepareForBuild" depends on it):
     2>Done building target "GetReferenceAssemblyPaths" in project "FgGrillPos_kuqgvxvv_wpftmp.csproj".
       Target "AssignLinkMetadata" skipped, due to false condition; ( '$(SynthesizeLinkMetadata)' == 'true' ) was evaluated as ( '' == 'true' ).
       Target "_VerifyPackReleaseConfigurations" skipped, due to false condition; ('$(_IsPacking)' == 'true' and '$(DOTNET_CLI_DISABLE_PUBLISH_AND_PACK_RELEASE)' != 'true' and '$(DOTNET_CLI_LAZY_PUBLISH_AND_PACK_RELEASE_FOR_SOLUTIONS)' == 'true') was evaluated as ('' == 'true' and '' != 'true' and '' == 'true').
     2>Target "PrepareForBuild" in file "C:\Program Files\dotnet\sdk\8.0.418\Microsoft.Common.CurrentVersion.targets" from project "C:\Users\user\Desktop\fggrill\desktop-app\FgGrillPos\FgGrillPos_kuqgvxvv_wpftmp.csproj" (target "GenerateMSBuildEditorConfigFile" depends on it):
       Task "FindAppConfigFile"
       Done executing task "FindAppConfigFile".
       Task "MakeDir"
       Done executing task "MakeDir".
     2>Done building target "PrepareForBuild" in project "FgGrillPos_kuqgvxvv_wpftmp.csproj".
     2>Target "GenerateMSBuildEditorConfigFileShouldRun" in file "C:\Program Files\dotnet\sdk\8.0.418\Roslyn\Microsoft.Managed.Core.targets" from project "C:\Users\user\Desktop\fggrill\desktop-app\FgGrillPos\FgGrillPos_kuqgvxvv_wpftmp.csproj" (target "GenerateMSBuildEditorConfigFile" depends on it):
     2>Done building target "GenerateMSBuildEditorConfigFileShouldRun" in project "FgGrillPos_kuqgvxvv_wpftmp.csproj".
     2>Target "GenerateMSBuildEditorConfigFileCore" in file "C:\Program Files\dotnet\sdk\8.0.418\Roslyn\Microsoft.Managed.Core.targets" from project "C:\Users\user\Desktop\fggrill\desktop-app\FgGrillPos\FgGrillPos_kuqgvxvv_wpftmp.csproj" (target "GenerateMSBuildEditorConfigFile" depends on it):
       Building target "GenerateMSBuildEditorConfigFileCore" completely.
       No input files were specified.
       Using "GenerateMSBuildEditorConfig" task from assembly "C:\Program Files\dotnet\sdk\8.0.418\Roslyn\Microsoft.Build.Tasks.CodeAnalysis.dll".
       Task "GenerateMSBuildEditorConfig"
       Done executing task "GenerateMSBuildEditorConfig".
     2>Done building target "GenerateMSBuildEditorConfigFileCore" in project "FgGrillPos_kuqgvxvv_wpftmp.csproj".
     2>Target "GenerateMSBuildEditorConfigFile" in file "C:\Program Files\dotnet\sdk\8.0.418\Roslyn\Microsoft.Managed.Core.targets" from project "C:\Users\user\Desktop\fggrill\desktop-app\FgGrillPos\FgGrillPos_kuqgvxvv_wpftmp.csproj" (target "CoreCompile" depends on it):
     2>Done building target "GenerateMSBuildEditorConfigFile" in project "FgGrillPos_kuqgvxvv_wpftmp.csproj".
       Target "_SetPathMapFromSourceRoots" skipped, due to false condition; ('$(DeterministicSourcePaths)' == 'true') was evaluated as ('' == 'true').
       Target "CreateCompilerGeneratedFilesOutputPath" skipped, due to false condition; ('$(EmitCompilerGeneratedFiles)' == 'true' and !('$(DesignTimeBuild)' == 'true' OR '$(BuildingProject)' != 'true')) was evaluated as ('false' == 'true' and !('' == 'true' OR 'true' != 'true')).
     2>Target "CheckForDuplicateItems" in file "C:\Program Files\dotnet\sdk\8.0.418\Sdks\Microsoft.NET.Sdk\targets\Microsoft.NET.Sdk.DefaultItems.Shared.targets" from project "C:\Users\user\Desktop\fggrill\desktop-app\FgGrillPos\FgGrillPos_kuqgvxvv_wpftmp.csproj" (target "CoreCompile" depends on it):
       Using "CheckForDuplicateItems" task from assembly "C:\Program Files\dotnet\sdk\8.0.418\Sdks\Microsoft.NET.Sdk\targets\..\tools\net8.0\Microsoft.NET.Build.Tasks.dll".
       Task "CheckForDuplicateItems"
       Done executing task "CheckForDuplicateItems".
       Task "CheckForDuplicateItems"
       Done executing task "CheckForDuplicateItems".
       Task "CheckForDuplicateItems"
       Done executing task "CheckForDuplicateItems".
     2>Done building target "CheckForDuplicateItems" in project "FgGrillPos_kuqgvxvv_wpftmp.csproj".
       Target "PrepareForBuild" skipped. Previously built successfully.
       Target "GetReferenceAssemblyPaths" skipped. Previously built successfully.
     2>Target "_SetTargetFrameworkMonikerAttribute" in file "C:\Program Files\dotnet\sdk\8.0.418\Microsoft.CSharp.CurrentVersion.targets" from project "C:\Users\user\Desktop\fggrill\desktop-app\FgGrillPos\FgGrillPos_kuqgvxvv_wpftmp.csproj" (target "GenerateTargetFrameworkMonikerAttribute" depends on it):
     2>Done building target "_SetTargetFrameworkMonikerAttribute" in project "FgGrillPos_kuqgvxvv_wpftmp.csproj".
     2>Target "GenerateTargetFrameworkMonikerAttribute" in file "C:\Program Files\dotnet\sdk\8.0.418\Microsoft.Common.CurrentVersion.targets" from project "C:\Users\user\Desktop\fggrill\desktop-app\FgGrillPos\FgGrillPos_kuqgvxvv_wpftmp.csproj" (target "BeforeCompile" depends on it):
       Skipping target "GenerateTargetFrameworkMonikerAttribute" because all output files are up-to-date with respect to the input files.
       Input files: C:\Program Files\dotnet\sdk\8.0.418\Microsoft.Common.targets
       Output files: obj\Debug\net8.0-windows\.NETCoreApp,Version=v8.0.AssemblyAttributes.cs
     2>Done building target "GenerateTargetFrameworkMonikerAttribute" in project "FgGrillPos_kuqgvxvv_wpftmp.csproj".
       Target "GenerateAdditionalSources" skipped, due to false condition; ('@(AssemblyAttributes)' != '' and '$(GenerateAdditionalSources)' == 'true') was evaluated as ('' != '' and '' == 'true').
       Target "PrepareForBuild" skipped. Previously built successfully.
     2>Target "GetAssemblyVersion" in file "C:\Program Files\dotnet\sdk\8.0.418\Sdks\Microsoft.NET.Sdk\targets\Microsoft.NET.GenerateAssemblyInfo.targets" from project "C:\Users\user\Desktop\fggrill\desktop-app\FgGrillPos\FgGrillPos_kuqgvxvv_wpftmp.csproj" (target "GetAssemblyAttributes" depends on it):
       Using "GetAssemblyVersion" task from assembly "C:\Program Files\dotnet\sdk\8.0.418\Sdks\Microsoft.NET.Sdk\targets\..\tools\net8.0\Microsoft.NET.Build.Tasks.dll".
       Task "GetAssemblyVersion"
       Done executing task "GetAssemblyVersion".
     2>Done building target "GetAssemblyVersion" in project "FgGrillPos_kuqgvxvv_wpftmp.csproj".
       Target "GetAssemblyVersion" skipped. Previously built successfully.
     2>Target "InitializeSourceControlInformationFromSourceControlManager" in file "C:\Program Files\dotnet\sdk\8.0.418\Sdks\Microsoft.Build.Tasks.Git\build\Microsoft.Build.Tasks.Git.targets" from project "C:\Users\user\Desktop\fggrill\desktop-app\FgGrillPos\FgGrillPos_kuqgvxvv_wpftmp.csproj" (target "_InitializeSourceControlInformationFromSourceControlManager" depends on it):
       Using "Microsoft.Build.Tasks.Git.LocateRepository" task from assembly "C:\Program Files\dotnet\sdk\8.0.418\Sdks\Microsoft.Build.Tasks.Git\build\..\tools\core\Microsoft.Build.Tasks.Git.dll".
       Task "Microsoft.Build.Tasks.Git.LocateRepository"
         SourceLink: Repository instance not found in cache: '*:C:\Users\user\Desktop\fggrill\.git'
       Done executing task "Microsoft.Build.Tasks.Git.LocateRepository".
     2>Done building target "InitializeSourceControlInformationFromSourceControlManager" in project "FgGrillPos_kuqgvxvv_wpftmp.csproj".
     2>Target "_SourceLinkHasSingleProvider" in file "C:\Program Files\dotnet\sdk\8.0.418\Sdks\Microsoft.SourceLink.Common\build\InitializeSourceControlInformation.targets" from project "C:\Users\user\Desktop\fggrill\desktop-app\FgGrillPos\FgGrillPos_kuqgvxvv_wpftmp.csproj" (target "_InitializeSourceControlInformationFromSourceControlManager" depends on it):
       Assembly loaded during TaskRun: Microsoft.SourceLink.Common, Version=8.0.9.11501, Culture=neutral, PublicKeyToken=31bf3856ad364e35 (location: C:\Program Files\dotnet\sdk\8.0.418\Sdks\Microsoft.SourceLink.Common\tools\core\Microsoft.SourceLink.Common.dll, MVID: d5b96578-81ec-438f-8487-2f5405206516, AssemblyLoadContext: MSBuild plugin C:\Program Files\dotnet\sdk\8.0.418\Sdks\Microsoft.SourceLink.Common\tools\core\Microsoft.SourceLink.Common.dll)
       Using "Microsoft.SourceLink.Common.SourceLinkHasSingleProvider" task from assembly "C:\Program Files\dotnet\sdk\8.0.418\Sdks\Microsoft.SourceLink.Common\build\..\tools\core\Microsoft.SourceLink.Common.dll".
       Task "Microsoft.SourceLink.Common.SourceLinkHasSingleProvider"
       Done executing task "Microsoft.SourceLink.Common.SourceLinkHasSingleProvider".
     2>Done building target "_SourceLinkHasSingleProvider" in project "FgGrillPos_kuqgvxvv_wpftmp.csproj".
     2>Target "TranslateGitHubUrlsInSourceControlInformation" in file "C:\Program Files\dotnet\sdk\8.0.418\Sdks\Microsoft.SourceLink.GitHub\build\Microsoft.SourceLink.GitHub.targets" from project "C:\Users\user\Desktop\fggrill\desktop-app\FgGrillPos\FgGrillPos_kuqgvxvv_wpftmp.csproj" (target "_InitializeSourceControlInformationFromSourceControlManager" depends on it):
       Assembly loaded during TaskRun: Microsoft.SourceLink.GitHub, Version=8.0.9.11501, Culture=neutral, PublicKeyToken=31bf3856ad364e35 (location: C:\Program Files\dotnet\sdk\8.0.418\Sdks\Microsoft.SourceLink.GitHub\tools\core\Microsoft.SourceLink.GitHub.dll, MVID: 1fbac130-3a2a-4cf4-9c60-b0ae73333681, AssemblyLoadContext: MSBuild plugin C:\Program Files\dotnet\sdk\8.0.418\Sdks\Microsoft.SourceLink.GitHub\tools\core\Microsoft.SourceLink.GitHub.dll)
       Using "Microsoft.SourceLink.GitHub.TranslateRepositoryUrls" task from assembly "C:\Program Files\dotnet\sdk\8.0.418\Sdks\Microsoft.SourceLink.GitHub\build\..\tools\core\Microsoft.SourceLink.GitHub.dll".
       Task "Microsoft.SourceLink.GitHub.TranslateRepositoryUrls"
       Done executing task "Microsoft.SourceLink.GitHub.TranslateRepositoryUrls".
     2>Done building target "TranslateGitHubUrlsInSourceControlInformation" in project "FgGrillPos_kuqgvxvv_wpftmp.csproj".
     2>Target "TranslateGitLabUrlsInSourceControlInformation" in file "C:\Program Files\dotnet\sdk\8.0.418\Sdks\Microsoft.SourceLink.GitLab\build\Microsoft.SourceLink.GitLab.targets" from project "C:\Users\user\Desktop\fggrill\desktop-app\FgGrillPos\FgGrillPos_kuqgvxvv_wpftmp.csproj" (target "_InitializeSourceControlInformationFromSourceControlManager" depends on it):
       Assembly loaded during TaskRun: Microsoft.SourceLink.GitLab, Version=8.0.9.11501, Culture=neutral, PublicKeyToken=31bf3856ad364e35 (location: C:\Program Files\dotnet\sdk\8.0.418\Sdks\Microsoft.SourceLink.GitLab\tools\core\Microsoft.SourceLink.GitLab.dll, MVID: 6b003cb9-36ef-4a5a-83ae-cc8fa7fbcb67, AssemblyLoadContext: MSBuild plugin C:\Program Files\dotnet\sdk\8.0.418\Sdks\Microsoft.SourceLink.GitLab\tools\core\Microsoft.SourceLink.GitLab.dll)
       Using "Microsoft.SourceLink.GitLab.TranslateRepositoryUrls" task from assembly "C:\Program Files\dotnet\sdk\8.0.418\Sdks\Microsoft.SourceLink.GitLab\build\..\tools\core\Microsoft.SourceLink.GitLab.dll".
       Task "Microsoft.SourceLink.GitLab.TranslateRepositoryUrls"
       Done executing task "Microsoft.SourceLink.GitLab.TranslateRepositoryUrls".
     2>Done building target "TranslateGitLabUrlsInSourceControlInformation" in project "FgGrillPos_kuqgvxvv_wpftmp.csproj".
     2>Target "TranslateAzureReposGitUrlsInSourceControlInformation" in file "C:\Program Files\dotnet\sdk\8.0.418\Sdks\Microsoft.SourceLink.AzureRepos.Git\build\Microsoft.SourceLink.AzureRepos.Git.targets" from project "C:\Users\user\Desktop\fggrill\desktop-app\FgGrillPos\FgGrillPos_kuqgvxvv_wpftmp.csproj" (target "_InitializeSourceControlInformationFromSourceControlManager" depends on it):
       Assembly loaded during TaskRun: Microsoft.SourceLink.AzureRepos.Git, Version=8.0.9.11501, Culture=neutral, PublicKeyToken=31bf3856ad364e35 (location: C:\Program Files\dotnet\sdk\8.0.418\Sdks\Microsoft.SourceLink.AzureRepos.Git\tools\core\Microsoft.SourceLink.AzureRepos.Git.dll, MVID: 3a082d27-0e6b-4d51-92ea-8eaf3fc3120f, AssemblyLoadContext: MSBuild plugin C:\Program Files\dotnet\sdk\8.0.418\Sdks\Microsoft.SourceLink.AzureRepos.Git\tools\core\Microsoft.SourceLink.AzureRepos.Git.dll)
       Using "Microsoft.SourceLink.AzureRepos.Git.TranslateRepositoryUrls" task from assembly "C:\Program Files\dotnet\sdk\8.0.418\Sdks\Microsoft.SourceLink.AzureRepos.Git\build\..\tools\core\Microsoft.SourceLink.AzureRepos.Git.dll".
       Task "Microsoft.SourceLink.AzureRepos.Git.TranslateRepositoryUrls"
       Done executing task "Microsoft.SourceLink.AzureRepos.Git.TranslateRepositoryUrls".
     2>Done building target "TranslateAzureReposGitUrlsInSourceControlInformation" in project "FgGrillPos_kuqgvxvv_wpftmp.csproj".
     2>Target "TranslateBitbucketGitUrlsInSourceControlInformation" in file "C:\Program Files\dotnet\sdk\8.0.418\Sdks\Microsoft.SourceLink.Bitbucket.Git\build\Microsoft.SourceLink.Bitbucket.Git.targets" from project "C:\Users\user\Desktop\fggrill\desktop-app\FgGrillPos\FgGrillPos_kuqgvxvv_wpftmp.csproj" (target "_InitializeSourceControlInformationFromSourceControlManager" depends on it):
       Assembly loaded during TaskRun: Microsoft.SourceLink.Bitbucket.Git, Version=8.0.9.11501, Culture=neutral, PublicKeyToken=31bf3856ad364e35 (location: C:\Program Files\dotnet\sdk\8.0.418\Sdks\Microsoft.SourceLink.Bitbucket.Git\tools\core\Microsoft.SourceLink.Bitbucket.Git.dll, MVID: 3994e8b0-7ae9-409e-bc2b-53baef289161, AssemblyLoadContext: MSBuild plugin C:\Program Files\dotnet\sdk\8.0.418\Sdks\Microsoft.SourceLink.Bitbucket.Git\tools\core\Microsoft.SourceLink.Bitbucket.Git.dll)
       Using "Microsoft.SourceLink.Bitbucket.Git.TranslateRepositoryUrls" task from assembly "C:\Program Files\dotnet\sdk\8.0.418\Sdks\Microsoft.SourceLink.Bitbucket.Git\build\..\tools\core\Microsoft.SourceLink.Bitbucket.Git.dll".
       Task "Microsoft.SourceLink.Bitbucket.Git.TranslateRepositoryUrls"
       Done executing task "Microsoft.SourceLink.Bitbucket.Git.TranslateRepositoryUrls".
     2>Done building target "TranslateBitbucketGitUrlsInSourceControlInformation" in project "FgGrillPos_kuqgvxvv_wpftmp.csproj".
     2>Target "SourceControlManagerPublishTranslatedUrls" in file "C:\Program Files\dotnet\sdk\8.0.418\Sdks\Microsoft.SourceLink.Common\build\InitializeSourceControlInformation.targets" from project "C:\Users\user\Desktop\fggrill\desktop-app\FgGrillPos\FgGrillPos_kuqgvxvv_wpftmp.csproj" (target "_InitializeSourceControlInformationFromSourceControlManager" depends on it):
     2>Done building target "SourceControlManagerPublishTranslatedUrls" in project "FgGrillPos_kuqgvxvv_wpftmp.csproj".
     2>Target "_InitializeSourceControlInformationFromSourceControlManager" in file "C:\Program Files\dotnet\sdk\8.0.418\Sdks\Microsoft.SourceLink.Common\build\InitializeSourceControlInformation.targets" from project "C:\Users\user\Desktop\fggrill\desktop-app\FgGrillPos\FgGrillPos_kuqgvxvv_wpftmp.csproj" (target "InitializeSourceControlInformation" depends on it):
     2>Done building target "_InitializeSourceControlInformationFromSourceControlManager" in project "FgGrillPos_kuqgvxvv_wpftmp.csproj".
     2>Target "InitializeSourceControlInformation" in file "C:\Program Files\dotnet\sdk\8.0.418\Microsoft.Common.CurrentVersion.targets" from project "C:\Users\user\Desktop\fggrill\desktop-app\FgGrillPos\FgGrillPos_kuqgvxvv_wpftmp.csproj" (target "AddSourceRevisionToInformationalVersion" depends on it):
     2>Done building target "InitializeSourceControlInformation" in project "FgGrillPos_kuqgvxvv_wpftmp.csproj".
     2>Target "AddSourceRevisionToInformationalVersion" in file "C:\Program Files\dotnet\sdk\8.0.418\Sdks\Microsoft.NET.Sdk\targets\Microsoft.NET.GenerateAssemblyInfo.targets" from project "C:\Users\user\Desktop\fggrill\desktop-app\FgGrillPos\FgGrillPos_kuqgvxvv_wpftmp.csproj" (target "GetAssemblyAttributes" depends on it):
     2>Done building target "AddSourceRevisionToInformationalVersion" in project "FgGrillPos_kuqgvxvv_wpftmp.csproj".
       Target "_GetUserSecretsAssemblyAttribute" skipped, due to false condition; ( '$(UserSecretsId)' != '' AND '$(GenerateUserSecretsAttribute)' != 'false' AND '$(GeneratedUserSecretsAttributeFile)' == '' ) was evaluated as ( '' != '' AND '' != 'false' AND '' == '' ).
     2>Target "GetAssemblyAttributes" in file "C:\Program Files\dotnet\sdk\8.0.418\Sdks\Microsoft.NET.Sdk\targets\Microsoft.NET.GenerateAssemblyInfo.targets" from project "C:\Users\user\Desktop\fggrill\desktop-app\FgGrillPos\FgGrillPos_kuqgvxvv_wpftmp.csproj" (target "CreateGeneratedAssemblyInfoInputsCacheFile" depends on it):
     2>Done building target "GetAssemblyAttributes" in project "FgGrillPos_kuqgvxvv_wpftmp.csproj".
     2>Target "CreateGeneratedAssemblyInfoInputsCacheFile" in file "C:\Program Files\dotnet\sdk\8.0.418\Sdks\Microsoft.NET.Sdk\targets\Microsoft.NET.GenerateAssemblyInfo.targets" from project "C:\Users\user\Desktop\fggrill\desktop-app\FgGrillPos\FgGrillPos_kuqgvxvv_wpftmp.csproj" (target "CoreGenerateAssemblyInfo" depends on it):
       Using "Hash" task from assembly "Microsoft.Build.Tasks.Core, Version=15.1.0.0, Culture=neutral, PublicKeyToken=b03f5f7f11d50a3a".
       Task "Hash"
       Done executing task "Hash".
       Task "WriteLinesToFile"
       Done executing task "WriteLinesToFile".
     2>Done building target "CreateGeneratedAssemblyInfoInputsCacheFile" in project "FgGrillPos_kuqgvxvv_wpftmp.csproj".
     2>Target "CoreGenerateAssemblyInfo" in file "C:\Program Files\dotnet\sdk\8.0.418\Sdks\Microsoft.NET.Sdk\targets\Microsoft.NET.GenerateAssemblyInfo.targets" from project "C:\Users\user\Desktop\fggrill\desktop-app\FgGrillPos\FgGrillPos_kuqgvxvv_wpftmp.csproj" (target "GenerateAssemblyInfo" depends on it):
       Building target "CoreGenerateAssemblyInfo" completely.
       Output file "obj\Debug\net8.0-windows\FgGrillPos_kuqgvxvv_wpftmp.AssemblyInfo.cs" does not exist.
       Using "WriteCodeFragment" task from assembly "Microsoft.Build.Tasks.Core, Version=15.1.0.0, Culture=neutral, PublicKeyToken=b03f5f7f11d50a3a".
       Task "WriteCodeFragment"
         Emitted specified code into "obj\Debug\net8.0-windows\FgGrillPos_kuqgvxvv_wpftmp.AssemblyInfo.cs".
       Done executing task "WriteCodeFragment".
     2>Done building target "CoreGenerateAssemblyInfo" in project "FgGrillPos_kuqgvxvv_wpftmp.csproj".
     2>Target "GenerateAssemblyInfo" in file "C:\Program Files\dotnet\sdk\8.0.418\Sdks\Microsoft.NET.Sdk\targets\Microsoft.NET.GenerateAssemblyInfo.targets" from project "C:\Users\user\Desktop\fggrill\desktop-app\FgGrillPos\FgGrillPos_kuqgvxvv_wpftmp.csproj" (target "BeforeCompile" depends on it):
     2>Done building target "GenerateAssemblyInfo" in project "FgGrillPos_kuqgvxvv_wpftmp.csproj".
     2>Target "GenerateGlobalUsings" in file "C:\Program Files\dotnet\sdk\8.0.418\Sdks\Microsoft.NET.Sdk\targets\Microsoft.NET.GenerateGlobalUsings.targets" from project "C:\Users\user\Desktop\fggrill\desktop-app\FgGrillPos\FgGrillPos_kuqgvxvv_wpftmp.csproj" (target "BeforeCompile" depends on it):
       Using "GenerateGlobalUsings" task from assembly "C:\Program Files\dotnet\sdk\8.0.418\Sdks\Microsoft.NET.Sdk\targets\..\tools\net8.0\Microsoft.NET.Build.Tasks.dll".
       Task "GenerateGlobalUsings"
       Done executing task "GenerateGlobalUsings".
       Task "WriteLinesToFile"
       Done executing task "WriteLinesToFile".
     2>Done building target "GenerateGlobalUsings" in project "FgGrillPos_kuqgvxvv_wpftmp.csproj".
     2>Target "BeforeCompile" in file "C:\Program Files\dotnet\sdk\8.0.418\Microsoft.Common.CurrentVersion.targets" from project "C:\Users\user\Desktop\fggrill\desktop-app\FgGrillPos\FgGrillPos_kuqgvxvv_wpftmp.csproj" (target "_SetEmbeddedFilesFromSourceControlManagerUntrackedFiles" depends on it):
     2>Done building target "BeforeCompile" in project "FgGrillPos_kuqgvxvv_wpftmp.csproj".
       Target "InitializeSourceControlInformationFromSourceControlManager" skipped. Previously built successfully.
     2>Target "SetEmbeddedFilesFromSourceControlManagerUntrackedFiles" in file "C:\Program Files\dotnet\sdk\8.0.418\Sdks\Microsoft.Build.Tasks.Git\build\Microsoft.Build.Tasks.Git.targets" from project "C:\Users\user\Desktop\fggrill\desktop-app\FgGrillPos\FgGrillPos_kuqgvxvv_wpftmp.csproj" (target "_SetEmbeddedFilesFromSourceControlManagerUntrackedFiles" depends on it):
       Using "Microsoft.Build.Tasks.Git.GetUntrackedFiles" task from assembly "C:\Program Files\dotnet\sdk\8.0.418\Sdks\Microsoft.Build.Tasks.Git\build\..\tools\core\Microsoft.Build.Tasks.Git.dll".
       Task "Microsoft.Build.Tasks.Git.GetUntrackedFiles"
         SourceLink: Reusing cached git repository information.
       Done executing task "Microsoft.Build.Tasks.Git.GetUntrackedFiles".
     2>Done building target "SetEmbeddedFilesFromSourceControlManagerUntrackedFiles" in project "FgGrillPos_kuqgvxvv_wpftmp.csproj".
     2>Target "_SetEmbeddedFilesFromSourceControlManagerUntrackedFiles" in file "C:\Program Files\dotnet\sdk\8.0.418\Sdks\Microsoft.SourceLink.Common\build\Microsoft.SourceLink.Common.targets" from project "C:\Users\user\Desktop\fggrill\desktop-app\FgGrillPos\FgGrillPos_kuqgvxvv_wpftmp.csproj" (target "CoreCompile" depends on it):
     2>Done building target "_SetEmbeddedFilesFromSourceControlManagerUntrackedFiles" in project "FgGrillPos_kuqgvxvv_wpftmp.csproj".
       Target "InitializeSourceControlInformation" skipped. Previously built successfully.
     2>Target "_SetSourceLinkFilePath" in file "C:\Program Files\dotnet\sdk\8.0.418\Sdks\Microsoft.SourceLink.Common\build\Microsoft.SourceLink.Common.targets" from project "C:\Users\user\Desktop\fggrill\desktop-app\FgGrillPos\FgGrillPos_kuqgvxvv_wpftmp.csproj" (target "_GenerateSourceLinkFile" depends on it):
     2>Done building target "_SetSourceLinkFilePath" in project "FgGrillPos_kuqgvxvv_wpftmp.csproj".
       Target "InitializeSourceControlInformation" skipped. Previously built successfully.
     2>Target "_InitializeSourceRootMappedPathsFromSourceControl" in file "C:\Program Files\dotnet\sdk\8.0.418\Roslyn\Microsoft.Managed.Core.targets" from project "C:\Users\user\Desktop\fggrill\desktop-app\FgGrillPos\FgGrillPos_kuqgvxvv_wpftmp.csproj" (target "InitializeSourceRootMappedPaths" depends on it):
     2>Done building target "_InitializeSourceRootMappedPathsFromSourceControl" in project "FgGrillPos_kuqgvxvv_wpftmp.csproj".
     2>Target "InitializeSourceRootMappedPaths" in file "C:\Program Files\dotnet\sdk\8.0.418\Roslyn\Microsoft.Managed.Core.targets" from project "C:\Users\user\Desktop\fggrill\desktop-app\FgGrillPos\FgGrillPos_kuqgvxvv_wpftmp.csproj" (target "_InitializeSourceRootMappedPathsOpt" depends on it):
       Using "Microsoft.CodeAnalysis.BuildTasks.MapSourceRoots" task from assembly "C:\Program Files\dotnet\sdk\8.0.418\Roslyn\Microsoft.Build.Tasks.CodeAnalysis.dll".
       Task "Microsoft.CodeAnalysis.BuildTasks.MapSourceRoots"
       Done executing task "Microsoft.CodeAnalysis.BuildTasks.MapSourceRoots".
     2>Done building target "InitializeSourceRootMappedPaths" in project "FgGrillPos_kuqgvxvv_wpftmp.csproj".
     2>Target "_InitializeSourceRootMappedPathsOpt" in file "C:\Program Files\dotnet\sdk\8.0.418\Sdks\Microsoft.SourceLink.Common\build\Microsoft.SourceLink.Common.targets" from project "C:\Users\user\Desktop\fggrill\desktop-app\FgGrillPos\FgGrillPos_kuqgvxvv_wpftmp.csproj" (target "_GenerateSourceLinkFile" depends on it):
     2>Done building target "_InitializeSourceRootMappedPathsOpt" in project "FgGrillPos_kuqgvxvv_wpftmp.csproj".
     2>Target "_InitializeGitHubSourceLinkUrl" in file "C:\Program Files\dotnet\sdk\8.0.418\Sdks\Microsoft.SourceLink.GitHub\build\Microsoft.SourceLink.GitHub.targets" from project "C:\Users\user\Desktop\fggrill\desktop-app\FgGrillPos\FgGrillPos_kuqgvxvv_wpftmp.csproj" (target "_GenerateSourceLinkFile" depends on it):
       Building target "_InitializeGitHubSourceLinkUrl" completely.
       No input files were specified.
       Using "Microsoft.SourceLink.GitHub.GetSourceLinkUrl" task from assembly "C:\Program Files\dotnet\sdk\8.0.418\Sdks\Microsoft.SourceLink.GitHub\build\..\tools\core\Microsoft.SourceLink.GitHub.dll".
       Task "Microsoft.SourceLink.GitHub.GetSourceLinkUrl"
       Done executing task "Microsoft.SourceLink.GitHub.GetSourceLinkUrl".
     2>Done building target "_InitializeGitHubSourceLinkUrl" in project "FgGrillPos_kuqgvxvv_wpftmp.csproj".
     2>Target "_InitializeGitHubSourceLinkUrl" in file "C:\Program Files\dotnet\sdk\8.0.418\Sdks\Microsoft.SourceLink.GitHub\build\Microsoft.SourceLink.GitHub.targets" from project "C:\Users\user\Desktop\fggrill\desktop-app\FgGrillPos\FgGrillPos_kuqgvxvv_wpftmp.csproj" (target "_GenerateSourceLinkFile" depends on it):
       Building target "_InitializeGitHubSourceLinkUrl" completely.
       No input files were specified.
       Task "Microsoft.SourceLink.GitHub.GetSourceLinkUrl"
       Done executing task "Microsoft.SourceLink.GitHub.GetSourceLinkUrl".
     2>Done building target "_InitializeGitHubSourceLinkUrl" in project "FgGrillPos_kuqgvxvv_wpftmp.csproj".
     2>Target "_InitializeGitLabSourceLinkUrl" in file "C:\Program Files\dotnet\sdk\8.0.418\Sdks\Microsoft.SourceLink.GitLab\build\Microsoft.SourceLink.GitLab.targets" from project "C:\Users\user\Desktop\fggrill\desktop-app\FgGrillPos\FgGrillPos_kuqgvxvv_wpftmp.csproj" (target "_GenerateSourceLinkFile" depends on it):
       Building target "_InitializeGitLabSourceLinkUrl" completely.
       No input files were specified.
       Using "Microsoft.SourceLink.GitLab.GetSourceLinkUrl" task from assembly "C:\Program Files\dotnet\sdk\8.0.418\Sdks\Microsoft.SourceLink.GitLab\build\..\tools\core\Microsoft.SourceLink.GitLab.dll".
       Task "Microsoft.SourceLink.GitLab.GetSourceLinkUrl"
       Done executing task "Microsoft.SourceLink.GitLab.GetSourceLinkUrl".
     2>Done building target "_InitializeGitLabSourceLinkUrl" in project "FgGrillPos_kuqgvxvv_wpftmp.csproj".
     2>Target "_InitializeGitLabSourceLinkUrl" in file "C:\Program Files\dotnet\sdk\8.0.418\Sdks\Microsoft.SourceLink.GitLab\build\Microsoft.SourceLink.GitLab.targets" from project "C:\Users\user\Desktop\fggrill\desktop-app\FgGrillPos\FgGrillPos_kuqgvxvv_wpftmp.csproj" (target "_GenerateSourceLinkFile" depends on it):
       Building target "_InitializeGitLabSourceLinkUrl" completely.
       No input files were specified.
       Task "Microsoft.SourceLink.GitLab.GetSourceLinkUrl"
       Done executing task "Microsoft.SourceLink.GitLab.GetSourceLinkUrl".
     2>Done building target "_InitializeGitLabSourceLinkUrl" in project "FgGrillPos_kuqgvxvv_wpftmp.csproj".
     2>Target "_InitializeAzureReposGitSourceLinkUrl" in file "C:\Program Files\dotnet\sdk\8.0.418\Sdks\Microsoft.SourceLink.AzureRepos.Git\build\Microsoft.SourceLink.AzureRepos.Git.targets" from project "C:\Users\user\Desktop\fggrill\desktop-app\FgGrillPos\FgGrillPos_kuqgvxvv_wpftmp.csproj" (target "_GenerateSourceLinkFile" depends on it):
       Building target "_InitializeAzureReposGitSourceLinkUrl" completely.
       No input files were specified.
       Using "Microsoft.SourceLink.AzureRepos.Git.GetSourceLinkUrl" task from assembly "C:\Program Files\dotnet\sdk\8.0.418\Sdks\Microsoft.SourceLink.AzureRepos.Git\build\..\tools\core\Microsoft.SourceLink.AzureRepos.Git.dll".
       Task "Microsoft.SourceLink.AzureRepos.Git.GetSourceLinkUrl"
       Done executing task "Microsoft.SourceLink.AzureRepos.Git.GetSourceLinkUrl".
     2>Done building target "_InitializeAzureReposGitSourceLinkUrl" in project "FgGrillPos_kuqgvxvv_wpftmp.csproj".
     2>Target "_InitializeAzureReposGitSourceLinkUrl" in file "C:\Program Files\dotnet\sdk\8.0.418\Sdks\Microsoft.SourceLink.AzureRepos.Git\build\Microsoft.SourceLink.AzureRepos.Git.targets" from project "C:\Users\user\Desktop\fggrill\desktop-app\FgGrillPos\FgGrillPos_kuqgvxvv_wpftmp.csproj" (target "_GenerateSourceLinkFile" depends on it):
       Building target "_InitializeAzureReposGitSourceLinkUrl" completely.
       No input files were specified.
       Task "Microsoft.SourceLink.AzureRepos.Git.GetSourceLinkUrl"
       Done executing task "Microsoft.SourceLink.AzureRepos.Git.GetSourceLinkUrl".
     2>Done building target "_InitializeAzureReposGitSourceLinkUrl" in project "FgGrillPos_kuqgvxvv_wpftmp.csproj".
     2>Target "_InitializeBitbucketGitSourceLinkUrl" in file "C:\Program Files\dotnet\sdk\8.0.418\Sdks\Microsoft.SourceLink.Bitbucket.Git\build\Microsoft.SourceLink.Bitbucket.Git.targets" from project "C:\Users\user\Desktop\fggrill\desktop-app\FgGrillPos\FgGrillPos_kuqgvxvv_wpftmp.csproj" (target "_GenerateSourceLinkFile" depends on it):
       Building target "_InitializeBitbucketGitSourceLinkUrl" completely.
       No input files were specified.
       Using "Microsoft.SourceLink.Bitbucket.Git.GetSourceLinkUrl" task from assembly "C:\Program Files\dotnet\sdk\8.0.418\Sdks\Microsoft.SourceLink.Bitbucket.Git\build\..\tools\core\Microsoft.SourceLink.Bitbucket.Git.dll".
       Task "Microsoft.SourceLink.Bitbucket.Git.GetSourceLinkUrl"
       Done executing task "Microsoft.SourceLink.Bitbucket.Git.GetSourceLinkUrl".
     2>Done building target "_InitializeBitbucketGitSourceLinkUrl" in project "FgGrillPos_kuqgvxvv_wpftmp.csproj".
     2>Target "_InitializeBitbucketGitSourceLinkUrl" in file "C:\Program Files\dotnet\sdk\8.0.418\Sdks\Microsoft.SourceLink.Bitbucket.Git\build\Microsoft.SourceLink.Bitbucket.Git.targets" from project "C:\Users\user\Desktop\fggrill\desktop-app\FgGrillPos\FgGrillPos_kuqgvxvv_wpftmp.csproj" (target "_GenerateSourceLinkFile" depends on it):
       Building target "_InitializeBitbucketGitSourceLinkUrl" completely.
       No input files were specified.
       Task "Microsoft.SourceLink.Bitbucket.Git.GetSourceLinkUrl"
       Done executing task "Microsoft.SourceLink.Bitbucket.Git.GetSourceLinkUrl".
     2>Done building target "_InitializeBitbucketGitSourceLinkUrl" in project "FgGrillPos_kuqgvxvv_wpftmp.csproj".
     2>Target "_GenerateSourceLinkFile" in file "C:\Program Files\dotnet\sdk\8.0.418\Sdks\Microsoft.SourceLink.Common\build\Microsoft.SourceLink.Common.targets" from project "C:\Users\user\Desktop\fggrill\desktop-app\FgGrillPos\FgGrillPos_kuqgvxvv_wpftmp.csproj" (target "GenerateSourceLinkFile" depends on it):
       Building target "_GenerateSourceLinkFile" completely.
       No input files were specified.
       Using "Microsoft.SourceLink.Common.GenerateSourceLinkFile" task from assembly "C:\Program Files\dotnet\sdk\8.0.418\Sdks\Microsoft.SourceLink.Common\build\..\tools\core\Microsoft.SourceLink.Common.dll".
       Task "Microsoft.SourceLink.Common.GenerateSourceLinkFile"
         Updating Source Link file 'obj\Debug\net8.0-windows\FgGrillPos_kuqgvxvv_wpftmp.sourcelink.json'.
       Done executing task "Microsoft.SourceLink.Common.GenerateSourceLinkFile".
     2>Done building target "_GenerateSourceLinkFile" in project "FgGrillPos_kuqgvxvv_wpftmp.csproj".
     2>Target "GenerateSourceLinkFile" in file "C:\Program Files\dotnet\sdk\8.0.418\Sdks\Microsoft.SourceLink.Common\build\Microsoft.SourceLink.Common.targets" from project "C:\Users\user\Desktop\fggrill\desktop-app\FgGrillPos\FgGrillPos_kuqgvxvv_wpftmp.csproj" (target "CoreCompile" depends on it):
     2>Done building target "GenerateSourceLinkFile" in project "FgGrillPos_kuqgvxvv_wpftmp.csproj".
       Target "GenerateAssemblyInfo" skipped. Previously built successfully.
       Target "GenerateGlobalUsings" skipped. Previously built successfully.
     2>Target "AddGlobalAnalyzerConfigForPackage_MicrosoftCodeAnalysisNetAnalyzers" in file "C:\Program Files\dotnet\sdk\8.0.418\Sdks\Microsoft.NET.Sdk\analyzers\build\Microsoft.CodeAnalysis.NetAnalyzers.targets" from project "C:\Users\user\Desktop\fggrill\desktop-app\FgGrillPos\FgGrillPos_kuqgvxvv_wpftmp.csproj" (target "CoreCompile" depends on it):
     2>Done building target "AddGlobalAnalyzerConfigForPackage_MicrosoftCodeAnalysisNetAnalyzers" in project "FgGrillPos_kuqgvxvv_wpftmp.csproj".
       Target "AddGlobalAnalyzerConfigForPackage_MicrosoftCodeAnalysisNetAnalyzersDesign" skipped, due to false condition; ('$(SkipGlobalAnalyzerConfigForPackage)' != 'true' and ('$(AnalysisLevelDesign)' != '' or '$(AnalysisModeDesign)' != '')) was evaluated as ('' != 'true' and ('' != '' or '' != '')).
       Target "AddGlobalAnalyzerConfigForPackage_MicrosoftCodeAnalysisNetAnalyzersDocumentation" skipped, due to false condition; ('$(SkipGlobalAnalyzerConfigForPackage)' != 'true' and ('$(AnalysisLevelDocumentation)' != '' or '$(AnalysisModeDocumentation)' != '')) was evaluated as ('' != 'true' and ('' != '' or '' != '')).
       Target "AddGlobalAnalyzerConfigForPackage_MicrosoftCodeAnalysisNetAnalyzersGlobalization" skipped, due to false condition; ('$(SkipGlobalAnalyzerConfigForPackage)' != 'true' and ('$(AnalysisLevelGlobalization)' != '' or '$(AnalysisModeGlobalization)' != '')) was evaluated as ('' != 'true' and ('' != '' or '' != '')).
       Target "AddGlobalAnalyzerConfigForPackage_MicrosoftCodeAnalysisNetAnalyzersInteroperability" skipped, due to false condition; ('$(SkipGlobalAnalyzerConfigForPackage)' != 'true' and ('$(AnalysisLevelInteroperability)' != '' or '$(AnalysisModeInteroperability)' != '')) was evaluated as ('' != 'true' and ('' != '' or '' != '')).
       Target "AddGlobalAnalyzerConfigForPackage_MicrosoftCodeAnalysisNetAnalyzersMaintainability" skipped, due to false condition; ('$(SkipGlobalAnalyzerConfigForPackage)' != 'true' and ('$(AnalysisLevelMaintainability)' != '' or '$(AnalysisModeMaintainability)' != '')) was evaluated as ('' != 'true' and ('' != '' or '' != '')).
       Target "AddGlobalAnalyzerConfigForPackage_MicrosoftCodeAnalysisNetAnalyzersNaming" skipped, due to false condition; ('$(SkipGlobalAnalyzerConfigForPackage)' != 'true' and ('$(AnalysisLevelNaming)' != '' or '$(AnalysisModeNaming)' != '')) was evaluated as ('' != 'true' and ('' != '' or '' != '')).
       Target "AddGlobalAnalyzerConfigForPackage_MicrosoftCodeAnalysisNetAnalyzersPerformance" skipped, due to false condition; ('$(SkipGlobalAnalyzerConfigForPackage)' != 'true' and ('$(AnalysisLevelPerformance)' != '' or '$(AnalysisModePerformance)' != '')) was evaluated as ('' != 'true' and ('' != '' or '' != '')).
       Target "AddGlobalAnalyzerConfigForPackage_MicrosoftCodeAnalysisNetAnalyzersReliability" skipped, due to false condition; ('$(SkipGlobalAnalyzerConfigForPackage)' != 'true' and ('$(AnalysisLevelReliability)' != '' or '$(AnalysisModeReliability)' != '')) was evaluated as ('' != 'true' and ('' != '' or '' != '')).
       Target "AddGlobalAnalyzerConfigForPackage_MicrosoftCodeAnalysisNetAnalyzersSecurity" skipped, due to false condition; ('$(SkipGlobalAnalyzerConfigForPackage)' != 'true' and ('$(AnalysisLevelSecurity)' != '' or '$(AnalysisModeSecurity)' != '')) was evaluated as ('' != 'true' and ('' != '' or '' != '')).
       Target "AddGlobalAnalyzerConfigForPackage_MicrosoftCodeAnalysisNetAnalyzersUsage" skipped, due to false condition; ('$(SkipGlobalAnalyzerConfigForPackage)' != 'true' and ('$(AnalysisLevelUsage)' != '' or '$(AnalysisModeUsage)' != '')) was evaluated as ('' != 'true' and ('' != '' or '' != '')).
       Target "_CodeAnalysisTreatWarningsAsErrors" skipped, due to false condition; ('$(DesignTimeBuild)' == 'true' OR '$(BuildingProject)' != 'true') was evaluated as ('' == 'true' OR 'true' != 'true').
     2>Target "_ReportUpgradeNetAnalyzersNuGetWarning" in file "C:\Program Files\dotnet\sdk\8.0.418\Sdks\Microsoft.NET.Sdk\analyzers\build\Microsoft.CodeAnalysis.NetAnalyzers.targets" from project "C:\Users\user\Desktop\fggrill\desktop-app\FgGrillPos\FgGrillPos_kuqgvxvv_wpftmp.csproj" (target "CoreCompile" depends on it):
       Task "Warning" skipped, due to false condition; ('$(_NETAnalyzersNuGetAssemblyVersion)' != '' AND
                                '$(_NETAnalyzersSDKAssemblyVersion)' != '' AND
                                 $(_NETAnalyzersNuGetAssemblyVersion) < $(_NETAnalyzersSDKAssemblyVersion)) was evaluated as ('' != '' AND
                                '8.0.0' != '' AND
                                  < 8.0.0).
     2>Done building target "_ReportUpgradeNetAnalyzersNuGetWarning" in project "FgGrillPos_kuqgvxvv_wpftmp.csproj".
       Target "CheckForDuplicateItems" skipped. Previously built successfully.
     2>Target "CheckForDuplicatePageItems" in file "C:\Program Files\dotnet\sdk\8.0.418\Sdks\Microsoft.NET.Sdk.WindowsDesktop\targets\Microsoft.NET.Sdk.WindowsDesktop.targets" from project "C:\Users\user\Desktop\fggrill\desktop-app\FgGrillPos\FgGrillPos_kuqgvxvv_wpftmp.csproj" (target "CoreCompile" depends on it):
       Task "CheckForDuplicateItems"
       Done executing task "CheckForDuplicateItems".
     2>Done building target "CheckForDuplicatePageItems" in project "FgGrillPos_kuqgvxvv_wpftmp.csproj".
     2>Target "RemoveDuplicateAnalyzers" in file "C:\Program Files\dotnet\sdk\8.0.418\Sdks\Microsoft.NET.Sdk.WindowsDesktop\targets\Microsoft.WinFX.targets" from project "C:\Users\user\Desktop\fggrill\desktop-app\FgGrillPos\FgGrillPos_kuqgvxvv_wpftmp.csproj" (target "CoreCompile" depends on it):
     2>Done building target "RemoveDuplicateAnalyzers" in project "FgGrillPos_kuqgvxvv_wpftmp.csproj".
     2>Target "CoreCompile" in file "C:\Program Files\dotnet\sdk\8.0.418\Roslyn\Microsoft.CSharp.Core.targets" from project "C:\Users\user\Desktop\fggrill\desktop-app\FgGrillPos\FgGrillPos_kuqgvxvv_wpftmp.csproj" (target "_CompileTemporaryAssembly" depends on it):
       Building target "CoreCompile" completely.
       Output file "obj\Debug\net8.0-windows\FgGrillPos.dll" does not exist.
       Using "Csc" task from assembly "C:\Program Files\dotnet\sdk\8.0.418\Roslyn\Microsoft.Build.Tasks.CodeAnalysis.dll".
       Task "Csc"
         C:\Program Files\dotnet\dotnet.exe exec "C:\Program Files\dotnet\sdk\8.0.418\Roslyn\bincore\csc.dll" /noconfig /unsafe- /checked- /nowarn:1701,1702,1701,1702 /fullpaths /nostdlib+ /errorreport:prompt /warn:8 /define:TRACE;DEBUG;NET;NET8_0;NETCOREAPP;WINDOWS;WINDOWS7_0;NET5_0_OR_GREATER;NET6_0_OR_GREATER;NET7_0_OR_GREATER;NET8_0_OR_GREATER;NETCOREAPP3_0_OR_GREATER;NETCOREAPP3_1_OR_GREATER;WINDOWS7_0_OR_GREATER /highentropyva+ /nullable:enable /reference:"C:\Program Files\dotnet\packs\Microsoft.WindowsDesktop.App.Ref\8.0.24\ref\net8.0\Accessibility.dll" /reference:C:\Users\user\.nuget\packages\dapper\2.1.35\lib\net7.0\Dapper.dll /reference:"C:\Program Files\dotnet\packs\Microsoft.NETCore.App.Ref\8.0.24\ref\net8.0\Microsoft.CSharp.dll" /reference:C:\Users\user\.nuget\packages\microsoft.data.sqlite.core\9.0.0\lib\net8.0\Microsoft.Data.Sqlite.dll /reference:"C:\Program Files\dotnet\packs\Microsoft.NETCore.App.Ref\8.0.24\ref\net8.0\Microsoft.VisualBasic.Core.dll" /reference:"C:\Program Files\dotnet\packs\Microsoft.NETCore.App.Ref\8.0.24\ref\net8.0\Microsoft.VisualBasic.dll" /reference:C:\Users\user\.nuget\packages\microsoft.web.webview2\1.0.2903.40\lib_manual\netcoreapp3.0\Microsoft.Web.WebView2.Core.dll /reference:C:\Users\user\.nuget\packages\microsoft.web.webview2\1.0.2903.40\lib_manual\netcoreapp3.0\Microsoft.Web.WebView2.WinForms.dll /reference:C:\Users\user\.nuget\packages\microsoft.web.webview2\1.0.2903.40\lib_manual\net5.0-windows10.0.17763.0\Microsoft.Web.WebView2.Wpf.dll /reference:"C:\Program Files\dotnet\packs\Microsoft.NETCore.App.Ref\8.0.24\ref\net8.0\Microsoft.Win32.Primitives.dll" /reference:"C:\Program Files\dotnet\packs\Microsoft.WindowsDesktop.App.Ref\8.0.24\ref\net8.0\Microsoft.Win32.Registry.AccessControl.dll" /reference:"C:\Program Files\dotnet\packs\Microsoft.NETCore.App.Ref\8.0.24\ref\net8.0\Microsoft.Win32.Registry.dll" /reference:"C:\Program Files\dotnet\packs\Microsoft.WindowsDesktop.App.Ref\8.0.24\ref\net8.0\Microsoft.Win32.SystemEvents.dll" /reference:"C:\Program Files\dotnet\packs\Microsoft.NETCore.App.Ref\8.0.24\ref\net8.0\mscorlib.dll" /reference:"C:\Program Files\dotnet\packs\Microsoft.NETCore.App.Ref\8.0.24\ref\net8.0\netstandard.dll" /reference:C:\Users\user\.nuget\packages\newtonsoft.json\13.0.3\lib\net6.0\Newtonsoft.Json.dll /reference:"C:\Program Files\dotnet\packs\Microsoft.WindowsDesktop.App.Ref\8.0.24\ref\net8.0\PresentationCore.dll" /reference:"C:\Program Files\dotnet\packs\Microsoft.WindowsDesktop.App.Ref\8.0.24\ref\net8.0\PresentationFramework.Aero.dll" /reference:"C:\Program Files\dotnet\packs\Microsoft.WindowsDesktop.App.Ref\8.0.24\ref\net8.0\PresentationFramework.Aero2.dll" /reference:"C:\Program Files\dotnet\packs\Microsoft.WindowsDesktop.App.Ref\8.0.24\ref\net8.0\PresentationFramework.AeroLite.dll" /reference:"C:\Program Files\dotnet\packs\Microsoft.WindowsDesktop.App.Ref\8.0.24\ref\net8.0\PresentationFramework.Classic.dll" /reference:"C:\Program Files\dotnet\packs\Microsoft.WindowsDesktop.App.Ref\8.0.24\ref\net8.0\PresentationFramework.dll" /reference:"C:\Program Files\dotnet\packs\Microsoft.WindowsDesktop.App.Ref\8.0.24\ref\net8.0\PresentationFramework.Luna.dll" /reference:"C:\Program Files\dotnet\packs\Microsoft.WindowsDesktop.App.Ref\8.0.24\ref\net8.0\PresentationFramework.Royale.dll" /reference:"C:\Program Files\dotnet\packs\Microsoft.WindowsDesktop.App.Ref\8.0.24\ref\net8.0\PresentationUI.dll" /reference:"C:\Program Files\dotnet\packs\Microsoft.WindowsDesktop.App.Ref\8.0.24\ref\net8.0\ReachFramework.dll" /reference:C:\Users\user\.nuget\packages\sqlitepclraw.bundle_e_sqlite3\2.1.10\lib\netstandard2.0\SQLitePCLRaw.batteries_v2.dll /reference:C:\Users\user\.nuget\packages\sqlitepclraw.core\2.1.10\lib\netstandard2.0\SQLitePCLRaw.core.dll /reference:C:\Users\user\.nuget\packages\sqlitepclraw.provider.e_sqlite3\2.1.10\lib\net6.0-windows7.0\SQLitePCLRaw.provider.e_sqlite3.dll /reference:"C:\Program Files\dotnet\packs\Microsoft.NETCore.App.Ref\8.0.24\ref\net8.0\System.AppContext.dll" /reference:"C:\Program Files\dotnet\packs\Microsoft.NETCore.App.Ref\8.0.24\ref\net8.0\System.Buffers.dll" /reference:"C:\Program Files\dotnet\packs\Microsoft.WindowsDesktop.App.Ref\8.0.24\ref\net8.0\System.CodeDom.dll" /reference:"C:\Program Files\dotnet\packs\Microsoft.NETCore.App.Ref\8.0.24\ref\net8.0\System.Collections.Concurrent.dll" /reference:"C:\Program Files\dotnet\packs\Microsoft.NETCore.App.Ref\8.0.24\ref\net8.0\System.Collections.dll" /reference:"C:\Program Files\dotnet\packs\Microsoft.NETCore.App.Ref\8.0.24\ref\net8.0\System.Collections.Immutable.dll" /reference:"C:\Program Files\dotnet\packs\Microsoft.NETCore.App.Ref\8.0.24\ref\net8.0\System.Collections.NonGeneric.dll" /reference:"C:\Program Files\dotnet\packs\Microsoft.NETCore.App.Ref\8.0.24\ref\net8.0\System.Collections.Specialized.dll" /reference:"C:\Program Files\dotnet\packs\Microsoft.NETCore.App.Ref\8.0.24\ref\net8.0\System.ComponentModel.Annotations.dll" /reference:"C:\Program Files\dotnet\packs\Microsoft.NETCore.App.Ref\8.0.24\ref\net8.0\System.ComponentModel.DataAnnotations.dll" /reference:"C:\Program Files\dotnet\packs\Microsoft.NETCore.App.Ref\8.0.24\ref\net8.0\System.ComponentModel.dll" /reference:"C:\Program Files\dotnet\packs\Microsoft.NETCore.App.Ref\8.0.24\ref\net8.0\System.ComponentModel.EventBasedAsync.dll" /reference:"C:\Program Files\dotnet\packs\Microsoft.NETCore.App.Ref\8.0.24\ref\net8.0\System.ComponentModel.Primitives.dll" /reference:"C:\Program Files\dotnet\packs\Microsoft.NETCore.App.Ref\8.0.24\ref\net8.0\System.ComponentModel.TypeConverter.dll" /reference:"C:\Program Files\dotnet\packs\Microsoft.WindowsDesktop.App.Ref\8.0.24\ref\net8.0\System.Configuration.ConfigurationManager.dll" /reference:"C:\Program Files\dotnet\packs\Microsoft.NETCore.App.Ref\8.0.24\ref\net8.0\System.Configuration.dll" /reference:"C:\Program Files\dotnet\packs\Microsoft.NETCore.App.Ref\8.0.24\ref\net8.0\System.Console.dll" /reference:"C:\Program Files\dotnet\packs\Microsoft.NETCore.App.Ref\8.0.24\ref\net8.0\System.Core.dll" /reference:"C:\Program Files\dotnet\packs\Microsoft.NETCore.App.Ref\8.0.24\ref\net8.0\System.Data.Common.dll" /reference:"C:\Program Files\dotnet\packs\Microsoft.NETCore.App.Ref\8.0.24\ref\net8.0\System.Data.DataSetExtensions.dll" /reference:"C:\Program Files\dotnet\packs\Microsoft.NETCore.App.Ref\8.0.24\ref\net8.0\System.Data.dll" /reference:"C:\Program Files\dotnet\packs\Microsoft.NETCore.App.Ref\8.0.24\ref\net8.0\System.Diagnostics.Contracts.dll" /reference:"C:\Program Files\dotnet\packs\Microsoft.NETCore.App.Ref\8.0.24\ref\net8.0\System.Diagnostics.Debug.dll" /reference:"C:\Program Files\dotnet\packs\Microsoft.NETCore.App.Ref\8.0.24\ref\net8.0\System.Diagnostics.DiagnosticSource.dll" /reference:"C:\Program Files\dotnet\packs\Microsoft.WindowsDesktop.App.Ref\8.0.24\ref\net8.0\System.Diagnostics.EventLog.dll" /reference:"C:\Program Files\dotnet\packs\Microsoft.NETCore.App.Ref\8.0.24\ref\net8.0\System.Diagnostics.FileVersionInfo.dll" /reference:"C:\Program Files\dotnet\packs\Microsoft.WindowsDesktop.App.Ref\8.0.24\ref\net8.0\System.Diagnostics.PerformanceCounter.dll" /reference:"C:\Program Files\dotnet\packs\Microsoft.NETCore.App.Ref\8.0.24\ref\net8.0\System.Diagnostics.Process.dll" /reference:"C:\Program Files\dotnet\packs\Microsoft.NETCore.App.Ref\8.0.24\ref\net8.0\System.Diagnostics.StackTrace.dll" /reference:"C:\Program Files\dotnet\packs\Microsoft.NETCore.App.Ref\8.0.24\ref\net8.0\System.Diagnostics.TextWriterTraceListener.dll" /reference:"C:\Program Files\dotnet\packs\Microsoft.NETCore.App.Ref\8.0.24\ref\net8.0\System.Diagnostics.Tools.dll" /reference:"C:\Program Files\dotnet\packs\Microsoft.NETCore.App.Ref\8.0.24\ref\net8.0\System.Diagnostics.TraceSource.dll" /reference:"C:\Program Files\dotnet\packs\Microsoft.NETCore.App.Ref\8.0.24\ref\net8.0\System.Diagnostics.Tracing.dll" /reference:"C:\Program Files\dotnet\packs\Microsoft.WindowsDesktop.App.Ref\8.0.24\ref\net8.0\System.DirectoryServices.dll" /reference:"C:\Program Files\dotnet\packs\Microsoft.NETCore.App.Ref\8.0.24\ref\net8.0\System.dll" /reference:C:\Users\user\.nuget\packages\system.drawing.common\8.0.0\lib\net8.0\System.Drawing.Common.dll /reference:"C:\Program Files\dotnet\packs\Microsoft.NETCore.App.Ref\8.0.24\ref\net8.0\System.Drawing.dll" /reference:"C:\Program Files\dotnet\packs\Microsoft.NETCore.App.Ref\8.0.24\ref\net8.0\System.Drawing.Primitives.dll" /reference:"C:\Program Files\dotnet\packs\Microsoft.NETCore.App.Ref\8.0.24\ref\net8.0\System.Dynamic.Runtime.dll" /reference:"C:\Program Files\dotnet\packs\Microsoft.NETCore.App.Ref\8.0.24\ref\net8.0\System.Formats.Asn1.dll" /reference:"C:\Program Files\dotnet\packs\Microsoft.NETCore.App.Ref\8.0.24\ref\net8.0\System.Formats.Tar.dll" /reference:"C:\Program Files\dotnet\packs\Microsoft.NETCore.App.Ref\8.0.24\ref\net8.0\System.Globalization.Calendars.dll" /reference:"C:\Program Files\dotnet\packs\Microsoft.NETCore.App.Ref\8.0.24\ref\net8.0\System.Globalization.dll" /reference:"C:\Program Files\dotnet\packs\Microsoft.NETCore.App.Ref\8.0.24\ref\net8.0\System.Globalization.Extensions.dll" /reference:"C:\Program Files\dotnet\packs\Microsoft.NETCore.App.Ref\8.0.24\ref\net8.0\System.IO.Compression.Brotli.dll" /reference:"C:\Program Files\dotnet\packs\Microsoft.NETCore.App.Ref\8.0.24\ref\net8.0\System.IO.Compression.dll" /reference:"C:\Program Files\dotnet\packs\Microsoft.NETCore.App.Ref\8.0.24\ref\net8.0\System.IO.Compression.FileSystem.dll" /reference:"C:\Program Files\dotnet\packs\Microsoft.NETCore.App.Ref\8.0.24\ref\net8.0\System.IO.Compression.ZipFile.dll" /reference:"C:\Program Files\dotnet\packs\Microsoft.NETCore.App.Ref\8.0.24\ref\net8.0\System.IO.dll" /reference:"C:\Program Files\dotnet\packs\Microsoft.NETCore.App.Ref\8.0.24\ref\net8.0\System.IO.FileSystem.AccessControl.dll" /reference:"C:\Program Files\dotnet\packs\Microsoft.NETCore.App.Ref\8.0.24\ref\net8.0\System.IO.FileSystem.dll" /reference:"C:\Program Files\dotnet\packs\Microsoft.NETCore.App.Ref\8.0.24\ref\net8.0\System.IO.FileSystem.DriveInfo.dll" /reference:"C:\Program Files\dotnet\packs\Microsoft.NETCore.App.Ref\8.0.24\ref\net8.0\System.IO.FileSystem.Primitives.dll" /reference:"C:\Program Files\dotnet\packs\Microsoft.NETCore.App.Ref\8.0.24\ref\net8.0\System.IO.FileSystem.Watcher.dll" /reference:"C:\Program Files\dotnet\packs\Microsoft.NETCore.App.Ref\8.0.24\ref\net8.0\System.IO.IsolatedStorage.dll" /reference:"C:\Program Files\dotnet\packs\Microsoft.NETCore.App.Ref\8.0.24\ref\net8.0\System.IO.MemoryMappedFiles.dll" /reference:"C:\Program Files\dotnet\packs\Microsoft.WindowsDesktop.App.Ref\8.0.24\ref\net8.0\System.IO.Packaging.dll" /reference:"C:\Program Files\dotnet\packs\Microsoft.NETCore.App.Ref\8.0.24\ref\net8.0\System.IO.Pipes.AccessControl.dll" /reference:"C:\Program Files\dotnet\packs\Microsoft.NETCore.App.Ref\8.0.24\ref\net8.0\System.IO.Pipes.dll" /reference:"C:\Program Files\dotnet\packs\Microsoft.NETCore.App.Ref\8.0.24\ref\net8.0\System.IO.UnmanagedMemoryStream.dll" /reference:"C:\Program Files\dotnet\packs\Microsoft.NETCore.App.Ref\8.0.24\ref\net8.0\System.Linq.dll" /reference:"C:\Program Files\dotnet\packs\Microsoft.NETCore.App.Ref\8.0.24\ref\net8.0\System.Linq.Expressions.dll" /reference:"C:\Program Files\dotnet\packs\Microsoft.NETCore.App.Ref\8.0.24\ref\net8.0\System.Linq.Parallel.dll" /reference:"C:\Program Files\dotnet\packs\Microsoft.NETCore.App.Ref\8.0.24\ref\net8.0\System.Linq.Queryable.dll" /reference:"C:\Program Files\dotnet\packs\Microsoft.NETCore.App.Ref\8.0.24\ref\net8.0\System.Memory.dll" /reference:"C:\Program Files\dotnet\packs\Microsoft.NETCore.App.Ref\8.0.24\ref\net8.0\System.Net.dll" /reference:"C:\Program Files\dotnet\packs\Microsoft.NETCore.App.Ref\8.0.24\ref\net8.0\System.Net.Http.dll" /reference:"C:\Program Files\dotnet\packs\Microsoft.NETCore.App.Ref\8.0.24\ref\net8.0\System.Net.Http.Json.dll" /reference:"C:\Program Files\dotnet\packs\Microsoft.NETCore.App.Ref\8.0.24\ref\net8.0\System.Net.HttpListener.dll" /reference:"C:\Program Files\dotnet\packs\Microsoft.NETCore.App.Ref\8.0.24\ref\net8.0\System.Net.Mail.dll" /reference:"C:\Program Files\dotnet\packs\Microsoft.NETCore.App.Ref\8.0.24\ref\net8.0\System.Net.NameResolution.dll" /reference:"C:\Program Files\dotnet\packs\Microsoft.NETCore.App.Ref\8.0.24\ref\net8.0\System.Net.NetworkInformation.dll" /reference:"C:\Program Files\dotnet\packs\Microsoft.NETCore.App.Ref\8.0.24\ref\net8.0\System.Net.Ping.dll" /reference:"C:\Program Files\dotnet\packs\Microsoft.NETCore.App.Ref\8.0.24\ref\net8.0\System.Net.Primitives.dll" /reference:"C:\Program Files\dotnet\packs\Microsoft.NETCore.App.Ref\8.0.24\ref\net8.0\System.Net.Quic.dll" /reference:"C:\Program Files\dotnet\packs\Microsoft.NETCore.App.Ref\8.0.24\ref\net8.0\System.Net.Requests.dll" /reference:"C:\Program Files\dotnet\packs\Microsoft.NETCore.App.Ref\8.0.24\ref\net8.0\System.Net.Security.dll" /reference:"C:\Program Files\dotnet\packs\Microsoft.NETCore.App.Ref\8.0.24\ref\net8.0\System.Net.ServicePoint.dll" /reference:"C:\Program Files\dotnet\packs\Microsoft.NETCore.App.Ref\8.0.24\ref\net8.0\System.Net.Sockets.dll" /reference:"C:\Program Files\dotnet\packs\Microsoft.NETCore.App.Ref\8.0.24\ref\net8.0\System.Net.WebClient.dll" /reference:"C:\Program Files\dotnet\packs\Microsoft.NETCore.App.Ref\8.0.24\ref\net8.0\System.Net.WebHeaderCollection.dll" /reference:"C:\Program Files\dotnet\packs\Microsoft.NETCore.App.Ref\8.0.24\ref\net8.0\System.Net.WebProxy.dll" /reference:"C:\Program Files\dotnet\packs\Microsoft.NETCore.App.Ref\8.0.24\ref\net8.0\System.Net.WebSockets.Client.dll" /reference:"C:\Program Files\dotnet\packs\Microsoft.NETCore.App.Ref\8.0.24\ref\net8.0\System.Net.WebSockets.dll" /reference:"C:\Program Files\dotnet\packs\Microsoft.NETCore.App.Ref\8.0.24\ref\net8.0\System.Numerics.dll" /reference:"C:\Program Files\dotnet\packs\Microsoft.NETCore.App.Ref\8.0.24\ref\net8.0\System.Numerics.Vectors.dll" /reference:"C:\Program Files\dotnet\packs\Microsoft.NETCore.App.Ref\8.0.24\ref\net8.0\System.ObjectModel.dll" /reference:"C:\Program Files\dotnet\packs\Microsoft.WindowsDesktop.App.Ref\8.0.24\ref\net8.0\System.Printing.dll" /reference:"C:\Program Files\dotnet\packs\Microsoft.NETCore.App.Ref\8.0.24\ref\net8.0\System.Reflection.DispatchProxy.dll" /reference:"C:\Program Files\dotnet\packs\Microsoft.NETCore.App.Ref\8.0.24\ref\net8.0\System.Reflection.dll" /reference:"C:\Program Files\dotnet\packs\Microsoft.NETCore.App.Ref\8.0.24\ref\net8.0\System.Reflection.Emit.dll" /reference:"C:\Program Files\dotnet\packs\Microsoft.NETCore.App.Ref\8.0.24\ref\net8.0\System.Reflection.Emit.ILGeneration.dll" /reference:"C:\Program Files\dotnet\packs\Microsoft.NETCore.App.Ref\8.0.24\ref\net8.0\System.Reflection.Emit.Lightweight.dll" /reference:"C:\Program Files\dotnet\packs\Microsoft.NETCore.App.Ref\8.0.24\ref\net8.0\System.Reflection.Extensions.dll" /reference:"C:\Program Files\dotnet\packs\Microsoft.NETCore.App.Ref\8.0.24\ref\net8.0\System.Reflection.Metadata.dll" /reference:"C:\Program Files\dotnet\packs\Microsoft.NETCore.App.Ref\8.0.24\ref\net8.0\System.Reflection.Primitives.dll" /reference:"C:\Program Files\dotnet\packs\Microsoft.NETCore.App.Ref\8.0.24\ref\net8.0\System.Reflection.TypeExtensions.dll" /reference:"C:\Program Files\dotnet\packs\Microsoft.WindowsDesktop.App.Ref\8.0.24\ref\net8.0\System.Resources.Extensions.dll" /reference:"C:\Program Files\dotnet\packs\Microsoft.NETCore.App.Ref\8.0.24\ref\net8.0\System.Resources.Reader.dll" /reference:"C:\Program Files\dotnet\packs\Microsoft.NETCore.App.Ref\8.0.24\ref\net8.0\System.Resources.ResourceManager.dll" /reference:"C:\Program Files\dotnet\packs\Microsoft.NETCore.App.Ref\8.0.24\ref\net8.0\System.Resources.Writer.dll" /reference:"C:\Program Files\dotnet\packs\Microsoft.NETCore.App.Ref\8.0.24\ref\net8.0\System.Runtime.CompilerServices.Unsafe.dll" /reference:"C:\Program Files\dotnet\packs\Microsoft.NETCore.App.Ref\8.0.24\ref\net8.0\System.Runtime.CompilerServices.VisualC.dll" /reference:"C:\Program Files\dotnet\packs\Microsoft.NETCore.App.Ref\8.0.24\ref\net8.0\System.Runtime.dll" /reference:"C:\Program Files\dotnet\packs\Microsoft.NETCore.App.Ref\8.0.24\ref\net8.0\System.Runtime.Extensions.dll" /reference:"C:\Program Files\dotnet\packs\Microsoft.NETCore.App.Ref\8.0.24\ref\net8.0\System.Runtime.Handles.dll" /reference:"C:\Program Files\dotnet\packs\Microsoft.NETCore.App.Ref\8.0.24\ref\net8.0\System.Runtime.InteropServices.dll" /reference:"C:\Program Files\dotnet\packs\Microsoft.NETCore.App.Ref\8.0.24\ref\net8.0\System.Runtime.InteropServices.JavaScript.dll" /reference:"C:\Program Files\dotnet\packs\Microsoft.NETCore.App.Ref\8.0.24\ref\net8.0\System.Runtime.InteropServices.RuntimeInformation.dll" /reference:"C:\Program Files\dotnet\packs\Microsoft.NETCore.App.Ref\8.0.24\ref\net8.0\System.Runtime.Intrinsics.dll" /reference:"C:\Program Files\dotnet\packs\Microsoft.NETCore.App.Ref\8.0.24\ref\net8.0\System.Runtime.Loader.dll" /reference:"C:\Program Files\dotnet\packs\Microsoft.NETCore.App.Ref\8.0.24\ref\net8.0\System.Runtime.Numerics.dll" /reference:"C:\Program Files\dotnet\packs\Microsoft.NETCore.App.Ref\8.0.24\ref\net8.0\System.Runtime.Serialization.dll" /reference:"C:\Program Files\dotnet\packs\Microsoft.NETCore.App.Ref\8.0.24\ref\net8.0\System.Runtime.Serialization.Formatters.dll" /reference:"C:\Program Files\dotnet\packs\Microsoft.NETCore.App.Ref\8.0.24\ref\net8.0\System.Runtime.Serialization.Json.dll" /reference:"C:\Program Files\dotnet\packs\Microsoft.NETCore.App.Ref\8.0.24\ref\net8.0\System.Runtime.Serialization.Primitives.dll" /reference:"C:\Program Files\dotnet\packs\Microsoft.NETCore.App.Ref\8.0.24\ref\net8.0\System.Runtime.Serialization.Xml.dll" /reference:"C:\Program Files\dotnet\packs\Microsoft.NETCore.App.Ref\8.0.24\ref\net8.0\System.Security.AccessControl.dll" /reference:"C:\Program Files\dotnet\packs\Microsoft.NETCore.App.Ref\8.0.24\ref\net8.0\System.Security.Claims.dll" /reference:"C:\Program Files\dotnet\packs\Microsoft.NETCore.App.Ref\8.0.24\ref\net8.0\System.Security.Cryptography.Algorithms.dll" /reference:"C:\Program Files\dotnet\packs\Microsoft.NETCore.App.Ref\8.0.24\ref\net8.0\System.Security.Cryptography.Cng.dll" /reference:"C:\Program Files\dotnet\packs\Microsoft.NETCore.App.Ref\8.0.24\ref\net8.0\System.Security.Cryptography.Csp.dll" /reference:"C:\Program Files\dotnet\packs\Microsoft.NETCore.App.Ref\8.0.24\ref\net8.0\System.Security.Cryptography.dll" /reference:"C:\Program Files\dotnet\packs\Microsoft.NETCore.App.Ref\8.0.24\ref\net8.0\System.Security.Cryptography.Encoding.dll" /reference:"C:\Program Files\dotnet\packs\Microsoft.NETCore.App.Ref\8.0.24\ref\net8.0\System.Security.Cryptography.OpenSsl.dll" /reference:"C:\Program Files\dotnet\packs\Microsoft.WindowsDesktop.App.Ref\8.0.24\ref\net8.0\System.Security.Cryptography.Pkcs.dll" /reference:"C:\Program Files\dotnet\packs\Microsoft.NETCore.App.Ref\8.0.24\ref\net8.0\System.Security.Cryptography.Primitives.dll" /reference:"C:\Program Files\dotnet\packs\Microsoft.WindowsDesktop.App.Ref\8.0.24\ref\net8.0\System.Security.Cryptography.ProtectedData.dll" /reference:"C:\Program Files\dotnet\packs\Microsoft.NETCore.App.Ref\8.0.24\ref\net8.0\System.Security.Cryptography.X509Certificates.dll" /reference:"C:\Program Files\dotnet\packs\Microsoft.WindowsDesktop.App.Ref\8.0.24\ref\net8.0\System.Security.Cryptography.Xml.dll" /reference:"C:\Program Files\dotnet\packs\Microsoft.NETCore.App.Ref\8.0.24\ref\net8.0\System.Security.dll" /reference:"C:\Program Files\dotnet\packs\Microsoft.WindowsDesktop.App.Ref\8.0.24\ref\net8.0\System.Security.Permissions.dll" /reference:"C:\Program Files\dotnet\packs\Microsoft.NETCore.App.Ref\8.0.24\ref\net8.0\System.Security.Principal.dll" /reference:"C:\Program Files\dotnet\packs\Microsoft.NETCore.App.Ref\8.0.24\ref\net8.0\System.Security.Principal.Windows.dll" /reference:"C:\Program Files\dotnet\packs\Microsoft.NETCore.App.Ref\8.0.24\ref\net8.0\System.Security.SecureString.dll" /reference:"C:\Program Files\dotnet\packs\Microsoft.NETCore.App.Ref\8.0.24\ref\net8.0\System.ServiceModel.Web.dll" /reference:"C:\Program Files\dotnet\packs\Microsoft.NETCore.App.Ref\8.0.24\ref\net8.0\System.ServiceProcess.dll" /reference:"C:\Program Files\dotnet\packs\Microsoft.NETCore.App.Ref\8.0.24\ref\net8.0\System.Text.Encoding.CodePages.dll" /reference:"C:\Program Files\dotnet\packs\Microsoft.NETCore.App.Ref\8.0.24\ref\net8.0\System.Text.Encoding.dll" /reference:"C:\Program Files\dotnet\packs\Microsoft.NETCore.App.Ref\8.0.24\ref\net8.0\System.Text.Encoding.Extensions.dll" /reference:"C:\Program Files\dotnet\packs\Microsoft.NETCore.App.Ref\8.0.24\ref\net8.0\System.Text.Encodings.Web.dll" /reference:"C:\Program Files\dotnet\packs\Microsoft.NETCore.App.Ref\8.0.24\ref\net8.0\System.Text.Json.dll" /reference:"C:\Program Files\dotnet\packs\Microsoft.NETCore.App.Ref\8.0.24\ref\net8.0\System.Text.RegularExpressions.dll" /reference:"C:\Program Files\dotnet\packs\Microsoft.WindowsDesktop.App.Ref\8.0.24\ref\net8.0\System.Threading.AccessControl.dll" /reference:"C:\Program Files\dotnet\packs\Microsoft.NETCore.App.Ref\8.0.24\ref\net8.0\System.Threading.Channels.dll" /reference:"C:\Program Files\dotnet\packs\Microsoft.NETCore.App.Ref\8.0.24\ref\net8.0\System.Threading.dll" /reference:"C:\Program Files\dotnet\packs\Microsoft.NETCore.App.Ref\8.0.24\ref\net8.0\System.Threading.Overlapped.dll" /reference:"C:\Program Files\dotnet\packs\Microsoft.NETCore.App.Ref\8.0.24\ref\net8.0\System.Threading.Tasks.Dataflow.dll" /reference:"C:\Program Files\dotnet\packs\Microsoft.NETCore.App.Ref\8.0.24\ref\net8.0\System.Threading.Tasks.dll" /reference:"C:\Program Files\dotnet\packs\Microsoft.NETCore.App.Ref\8.0.24\ref\net8.0\System.Threading.Tasks.Extensions.dll" /reference:"C:\Program Files\dotnet\packs\Microsoft.NETCore.App.Ref\8.0.24\ref\net8.0\System.Threading.Tasks.Parallel.dll" /reference:"C:\Program Files\dotnet\packs\Microsoft.NETCore.App.Ref\8.0.24\ref\net8.0\System.Threading.Thread.dll" /reference:"C:\Program Files\dotnet\packs\Microsoft.NETCore.App.Ref\8.0.24\ref\net8.0\System.Threading.ThreadPool.dll" /reference:"C:\Program Files\dotnet\packs\Microsoft.NETCore.App.Ref\8.0.24\ref\net8.0\System.Threading.Timer.dll" /reference:"C:\Program Files\dotnet\packs\Microsoft.NETCore.App.Ref\8.0.24\ref\net8.0\System.Transactions.dll" /reference:"C:\Program Files\dotnet\packs\Microsoft.NETCore.App.Ref\8.0.24\ref\net8.0\System.Transactions.Local.dll" /reference:"C:\Program Files\dotnet\packs\Microsoft.NETCore.App.Ref\8.0.24\ref\net8.0\System.ValueTuple.dll" /reference:"C:\Program Files\dotnet\packs\Microsoft.NETCore.App.Ref\8.0.24\ref\net8.0\System.Web.dll" /reference:"C:\Program Files\dotnet\packs\Microsoft.NETCore.App.Ref\8.0.24\ref\net8.0\System.Web.HttpUtility.dll" /reference:"C:\Program Files\dotnet\packs\Microsoft.WindowsDesktop.App.Ref\8.0.24\ref\net8.0\System.Windows.Controls.Ribbon.dll" /reference:"C:\Program Files\dotnet\packs\Microsoft.NETCore.App.Ref\8.0.24\ref\net8.0\System.Windows.dll" /reference:"C:\Program Files\dotnet\packs\Microsoft.WindowsDesktop.App.Ref\8.0.24\ref\net8.0\System.Windows.Extensions.dll" /reference:"C:\Program Files\dotnet\packs\Microsoft.WindowsDesktop.App.Ref\8.0.24\ref\net8.0\System.Windows.Input.Manipulations.dll" /reference:"C:\Program Files\dotnet\packs\Microsoft.WindowsDesktop.App.Ref\8.0.24\ref\net8.0\System.Windows.Presentation.dll" /reference:"C:\Program Files\dotnet\packs\Microsoft.WindowsDesktop.App.Ref\8.0.24\ref\net8.0\System.Xaml.dll" /reference:"C:\Program Files\dotnet\packs\Microsoft.NETCore.App.Ref\8.0.24\ref\net8.0\System.Xml.dll" /reference:"C:\Program Files\dotnet\packs\Microsoft.NETCore.App.Ref\8.0.24\ref\net8.0\System.Xml.Linq.dll" /reference:"C:\Program Files\dotnet\packs\Microsoft.NETCore.App.Ref\8.0.24\ref\net8.0\System.Xml.ReaderWriter.dll" /reference:"C:\Program Files\dotnet\packs\Microsoft.NETCore.App.Ref\8.0.24\ref\net8.0\System.Xml.Serialization.dll" /reference:"C:\Program Files\dotnet\packs\Microsoft.NETCore.App.Ref\8.0.24\ref\net8.0\System.Xml.XDocument.dll" /reference:"C:\Program Files\dotnet\packs\Microsoft.NETCore.App.Ref\8.0.24\ref\net8.0\System.Xml.XmlDocument.dll" /reference:"C:\Program Files\dotnet\packs\Microsoft.NETCore.App.Ref\8.0.24\ref\net8.0\System.Xml.XmlSerializer.dll" /reference:"C:\Program Files\dotnet\packs\Microsoft.NETCore.App.Ref\8.0.24\ref\net8.0\System.Xml.XPath.dll" /reference:"C:\Program Files\dotnet\packs\Microsoft.NETCore.App.Ref\8.0.24\ref\net8.0\System.Xml.XPath.XDocument.dll" /reference:"C:\Program Files\dotnet\packs\Microsoft.WindowsDesktop.App.Ref\8.0.24\ref\net8.0\UIAutomationClient.dll" /reference:"C:\Program Files\dotnet\packs\Microsoft.WindowsDesktop.App.Ref\8.0.24\ref\net8.0\UIAutomationClientSideProviders.dll" /reference:"C:\Program Files\dotnet\packs\Microsoft.WindowsDesktop.App.Ref\8.0.24\ref\net8.0\UIAutomationProvider.dll" /reference:"C:\Program Files\dotnet\packs\Microsoft.WindowsDesktop.App.Ref\8.0.24\ref\net8.0\UIAutomationTypes.dll" /reference:"C:\Program Files\dotnet\packs\Microsoft.WindowsDesktop.App.Ref\8.0.24\ref\net8.0\WindowsBase.dll" /debug+ /debug:portable /filealign:512 /optimize- /out:obj\Debug\net8.0-windows\FgGrillPos.dll /refout:obj\Debug\net8.0-windows\refint\FgGrillPos.dll /target:winexe /warnaserror- /utf8output /deterministic+ /sourcelink:obj\Debug\net8.0-windows\FgGrillPos_kuqgvxvv_wpftmp.sourcelink.json /langversion:12.0 /analyzerconfig:obj\Debug\net8.0-windows\FgGrillPos_kuqgvxvv_wpftmp.GeneratedMSBuildEditorConfig.editorconfig /analyzerconfig:"C:\Program Files\dotnet\sdk\8.0.418\Sdks\Microsoft.NET.Sdk\analyzers\build\config\analysislevel_8_default.globalconfig" /analyzer:"C:\Program Files\dotnet\sdk\8.0.418\Sdks\Microsoft.NET.Sdk\targets\..\analyzers\Microsoft.CodeAnalysis.CSharp.NetAnalyzers.dll" /analyzer:"C:\Program Files\dotnet\sdk\8.0.418\Sdks\Microsoft.NET.Sdk\targets\..\analyzers\Microsoft.CodeAnalysis.NetAnalyzers.dll" /analyzer:"C:\Program Files\dotnet\packs\Microsoft.NETCore.App.Ref\8.0.24\analyzers/dotnet/cs/Microsoft.Interop.ComInterfaceGenerator.dll" /analyzer:"C:\Program Files\dotnet\packs\Microsoft.NETCore.App.Ref\8.0.24\analyzers/dotnet/cs/Microsoft.Interop.JavaScript.JSImportGenerator.dll" /analyzer:"C:\Program Files\dotnet\packs\Microsoft.NETCore.App.Ref\8.0.24\analyzers/dotnet/cs/Microsoft.Interop.LibraryImportGenerator.dll" /analyzer:"C:\Program Files\dotnet\packs\Microsoft.NETCore.App.Ref\8.0.24\analyzers/dotnet/cs/Microsoft.Interop.SourceGeneration.dll" /analyzer:"C:\Program Files\dotnet\packs\Microsoft.NETCore.App.Ref\8.0.24\analyzers/dotnet/cs/System.Text.Json.SourceGeneration.dll" /analyzer:"C:\Program Files\dotnet\packs\Microsoft.NETCore.App.Ref\8.0.24\analyzers/dotnet/cs/System.Text.RegularExpressions.Generator.dll" App.xaml.cs Bridge\NativeBridge.cs MainWindow.xaml.cs Services\DatabaseService.cs Services\MigrationService.cs Services\SupabaseService.cs Services\SyncService.cs C:\Users\user\Desktop\fggrill\desktop-app\FgGrillPos\obj\Debug\net8.0-windows\MainWindow.g.cs C:\Users\user\Desktop\fggrill\desktop-app\FgGrillPos\obj\Debug\net8.0-windows\App.g.cs C:\Users\user\Desktop\fggrill\desktop-app\FgGrillPos\obj\Debug\net8.0-windows\FgGrillPos_Content.g.cs "obj\Debug\net8.0-windows\.NETCoreApp,Version=v8.0.AssemblyAttributes.cs" obj\Debug\net8.0-windows\FgGrillPos_kuqgvxvv_wpftmp.AssemblyInfo.cs obj\Debug\net8.0-windows\FgGrillPos_kuqgvxvv_wpftmp.GlobalUsings.g.cs /warnaserror+:NU1605,SYSLIB0011
         Assembly loaded during TaskRun (Microsoft.CodeAnalysis.BuildTasks.Csc): System.IO.Pipes, Version=8.0.0.0, Culture=neutral, PublicKeyToken=b03f5f7f11d50a3a (location: C:\Program Files\dotnet\shared\Microsoft.NETCore.App\8.0.24\System.IO.Pipes.dll, MVID: 911c646b-7101-4040-9e27-fe5be2e89e5b, AssemblyLoadContext: Default)
         Assembly loaded during TaskRun (Microsoft.CodeAnalysis.BuildTasks.Csc): System.Security.AccessControl, Version=8.0.0.0, Culture=neutral, PublicKeyToken=b03f5f7f11d50a3a (location: C:\Program Files\dotnet\shared\Microsoft.NETCore.App\8.0.24\System.Security.AccessControl.dll, MVID: 6d3ac3b8-240a-41c0-a481-12854ef78256, AssemblyLoadContext: Default)
         Microsoft (R) Visual C# Compiler version 4.11.0-3.25569.22 (3fb752d4)
         Copyright (C) Microsoft Corporation. All rights reserved.
     2>C:\Users\user\Desktop\fggrill\desktop-app\FgGrillPos\Bridge\NativeBridge.cs(349,9): error CS0106: The modifier 'private' is not valid for this item [C:\Users\user\Desktop\fggrill\desktop-app\FgGrillPos\FgGrillPos_kuqgvxvv_wpftmp.csproj]
     2>C:\Users\user\Desktop\fggrill\desktop-app\FgGrillPos\Bridge\NativeBridge.cs(507,2): error CS1513: } expected [C:\Users\user\Desktop\fggrill\desktop-app\FgGrillPos\FgGrillPos_kuqgvxvv_wpftmp.csproj]
         CompilerServer: server - server processed compilation - FgGrillPos_kuqgvxvv_wpftmp (net8.0-windows)
       Done executing task "Csc" -- FAILED.
     2>Done building target "CoreCompile" in project "FgGrillPos_kuqgvxvv_wpftmp.csproj" -- FAILED.
     2>Done Building Project "C:\Users\user\Desktop\fggrill\desktop-app\FgGrillPos\FgGrillPos_kuqgvxvv_wpftmp.csproj" (_CompileTemporaryAssembly target(s)) -- FAILED.
   1:7>Done executing task "GenerateTemporaryTargetAssembly" -- FAILED.
   1:7>Done building target "GenerateTemporaryTargetAssembly" in project "FgGrillPos.csproj" -- FAILED.
   1:7>Target "_CheckForCompileOutputs" in file "C:\Program Files\dotnet\sdk\8.0.418\Microsoft.Common.CurrentVersion.targets" from project "C:\Users\user\Desktop\fggrill\desktop-app\FgGrillPos\FgGrillPos.csproj" (target "_CleanGetCurrentAndPriorFileWrites" depends on it):
   1:7>Done building target "_CheckForCompileOutputs" in project "FgGrillPos.csproj".
       Target "_SGenCheckForOutputs" skipped, due to false condition; ('$(_SGenGenerateSerializationAssembliesConfig)' == 'On' or ('@(WebReferenceUrl)'!='' and '$(_SGenGenerateSerializationAssembliesConfig)' == 'Auto')) was evaluated as ('Off' == 'On' or (''!='' and 'Off' == 'Auto')).
   1:7>Target "_CleanGetCurrentAndPriorFileWrites" in file "C:\Program Files\dotnet\sdk\8.0.418\Microsoft.Common.CurrentVersion.targets" from project "C:\Users\user\Desktop\fggrill\desktop-app\FgGrillPos\FgGrillPos.csproj" (target "_CleanRecordFileWrites" depends on it):
       Using "ReadLinesFromFile" task from assembly "Microsoft.Build.Tasks.Core, Version=15.1.0.0, Culture=neutral, PublicKeyToken=b03f5f7f11d50a3a".
       Task "ReadLinesFromFile"
       Done executing task "ReadLinesFromFile".
       Task "ConvertToAbsolutePath"
       Done executing task "ConvertToAbsolutePath".
       Using "FindUnderPath" task from assembly "Microsoft.Build.Tasks.Core, Version=15.1.0.0, Culture=neutral, PublicKeyToken=b03f5f7f11d50a3a".
       Task "FindUnderPath"
         Comparison path is "C:\Users\user\Desktop\fggrill\desktop-app\FgGrillPos".
       Done executing task "FindUnderPath".
       Task "FindUnderPath"
         Comparison path is "bin\Debug\net8.0-windows\".
       Done executing task "FindUnderPath".
       Task "FindUnderPath"
         Comparison path is "obj\Debug\net8.0-windows\".
       Done executing task "FindUnderPath".
       Task "RemoveDuplicates"
       Done executing task "RemoveDuplicates".
   1:7>Done building target "_CleanGetCurrentAndPriorFileWrites" in project "FgGrillPos.csproj".
   1:7>Target "_CleanRecordFileWrites" in file "C:\Program Files\dotnet\sdk\8.0.418\Microsoft.Common.CurrentVersion.targets" from project "C:\Users\user\Desktop\fggrill\desktop-app\FgGrillPos\FgGrillPos.csproj" (target "CoreBuild" depends on it):
       Task "RemoveDuplicates"
       Done executing task "RemoveDuplicates".
       Task "MakeDir"
       Done executing task "MakeDir".
       Task "WriteLinesToFile"
         Skipping write to file "obj\Debug\net8.0-windows\FgGrillPos.csproj.FileListAbsolute.txt" because content would not change.
       Done executing task "WriteLinesToFile".
   1:7>Done building target "_CleanRecordFileWrites" in project "FgGrillPos.csproj".
   1:7>Done Building Project "C:\Users\user\Desktop\fggrill\desktop-app\FgGrillPos\FgGrillPos.csproj" (default targets) -- FAILED.

Build FAILED.

       "C:\Users\user\Desktop\fggrill\desktop-app\FgGrillPos\FgGrillPos.csproj" (default target) (1:7) ->
       "C:\Users\user\Desktop\fggrill\desktop-app\FgGrillPos\FgGrillPos_kuqgvxvv_wpftmp.csproj" (_CompileTemporaryAssembly target) (2) ->
       (CoreCompile target) -> 
         C:\Users\user\Desktop\fggrill\desktop-app\FgGrillPos\Bridge\NativeBridge.cs(349,9): error CS0106: The modifier 'private' is not valid for this item [C:\Users\user\Desktop\fggrill\desktop-app\FgGrillPos\FgGrillPos_kuqgvxvv_wpftmp.csproj]
         C:\Users\user\Desktop\fggrill\desktop-app\FgGrillPos\Bridge\NativeBridge.cs(507,2): error CS1513: } expected [C:\Users\user\Desktop\fggrill\desktop-app\FgGrillPos\FgGrillPos_kuqgvxvv_wpftmp.csproj]

    0 Warning(s)
    2 Error(s)

Time Elapsed 00:00:02.83
